K F_chi mass lambda
0 0 0 1 
0.0344828 0 0 1 
0.0689655 0 0 1 
0.103448 0 0 1 
0.137931 0 0 1 
0.172414 0 0 1 
0.206897 0 0 1 
0.241379 0 0 1 
0.275862 0 0 1 
0.310345 0 0 1 
0.344828 0 0 1 
0.37931 0 0 1 
0.413793 0 0 1 
0.448276 0 0 1 
0.482759 0 0 1 
0.517241 0 0 1 
0.551724 0 0 1 
0.586207 0 0 1 
0.62069 0 0 1 
0.655172 0 0 1 
0.689655 0 0 1 
0.724138 0 0 1 
0.758621 0 0 1 
0.793103 0 0 1 
0.827586 0 0 1 
0.862069 0 0 1 
0.896552 0 0 1 
0.931034 0 0 1 
0.965517 0 0 1 
1 0 0 1 
0 0.0344828 0 1 
0.0344828 0.0344828 0 1 
0.0689655 0.0344828 0 1 
0.103448 0.0344828 0 1 
0.137931 0.0344828 0 1 
0.172414 0.0344828 0 1 
0.206897 0.0344828 0 1 
0.241379 0.0344828 0 1 
0.275862 0.0344828 0 1 
0.310345 0.0344828 0 1 
0.344828 0.0344828 0 1 
0.37931 0.0344828 0 1 
0.413793 0.0344828 0 1 
0.448276 0.0344828 0 1 
0.482759 0.0344828 0 1 
0.517241 0.0344828 0 1 
0.551724 0.0344828 0 1 
0.586207 0.0344828 0 1 
0.62069 0.0344828 0 1 
0.655172 0.0344828 0 1 
0.689655 0.0344828 0 1 
0.724138 0.0344828 0 1 
0.758621 0.0344828 0 1 
0.793103 0.0344828 0 1 
0.827586 0.0344828 0 1 
0.862069 0.0344828 0 1 
0.896552 0.0344828 0 1 
0.931034 0.0344828 0 1 
0.965517 0.0344828 0 1 
1 0.0344828 0 1 
0 0.0689655 0 1 
0.0344828 0.0689655 0 1 
0.0689655 0.0689655 0 1 
0.103448 0.0689655 0 1 
0.137931 0.0689655 0 1 
0.172414 0.0689655 0 1 
0.206897 0.0689655 0 1 
0.241379 0.0689655 0 1 
0.275862 0.0689655 0 1 
0.310345 0.0689655 0 1 
0.344828 0.0689655 0 1 
0.37931 0.0689655 0 1 
0.413793 0.0689655 0 1 
0.448276 0.0689655 0 1 
0.482759 0.0689655 0 1 
0.517241 0.0689655 0 1 
0.551724 0.0689655 0 1 
0.586207 0.0689655 0 1 
0.62069 0.0689655 0 1 
0.655172 0.0689655 0 1 
0.689655 0.0689655 0 1 
0.724138 0.0689655 0 1 
0.758621 0.0689655 0 1 
0.793103 0.0689655 0 1 
0.827586 0.0689655 0 1 
0.862069 0.0689655 0 1 
0.896552 0.0689655 0 1 
0.931034 0.0689655 0 1 
0.965517 0.0689655 0 1 
1 0.0689655 0 1 
0 0.103448 0 1 
0.0344828 0.103448 0 1 
0.0689655 0.103448 0 1 
0.103448 0.103448 0 1 
0.137931 0.103448 0 1 
0.172414 0.103448 0 1 
0.206897 0.103448 0 1 
0.241379 0.103448 0 1 
0.275862 0.103448 0 1 
0.310345 0.103448 0 1 
0.344828 0.103448 0 1 
0.37931 0.103448 0 1 
0.413793 0.103448 0 1 
0.448276 0.103448 0 1 
0.482759 0.103448 0 1 
0.517241 0.103448 0 1 
0.551724 0.103448 0 1 
0.586207 0.103448 0 1 
0.62069 0.103448 0 1 
0.655172 0.103448 0 1 
0.689655 0.103448 0 1 
0.724138 0.103448 0 1 
0.758621 0.103448 0 1 
0.793103 0.103448 0 1 
0.827586 0.103448 0 1 
0.862069 0.103448 0 1 
0.896552 0.103448 0 1 
0.931034 0.103448 0 1 
0.965517 0.103448 0 1 
1 0.103448 0 1 
0 0.137931 0 1 
0.0344828 0.137931 0 1 
0.0689655 0.137931 0 1 
0.103448 0.137931 0 1 
0.137931 0.137931 0 1 
0.172414 0.137931 0 1 
0.206897 0.137931 0 1 
0.241379 0.137931 0 1 
0.275862 0.137931 0 1 
0.310345 0.137931 0 1 
0.344828 0.137931 0 1 
0.37931 0.137931 0 1 
0.413793 0.137931 0 1 
0.448276 0.137931 0 1 
0.482759 0.137931 0 1 
0.517241 0.137931 0 1 
0.551724 0.137931 0 1 
0.586207 0.137931 0 1 
0.62069 0.137931 0 1 
0.655172 0.137931 0 1 
0.689655 0.137931 0 1 
0.724138 0.137931 0 1 
0.758621 0.137931 0 1 
0.793103 0.137931 0 1 
0.827586 0.137931 0 1 
0.862069 0.137931 0 1 
0.896552 0.137931 0 1 
0.931034 0.137931 0 1 
0.965517 0.137931 0 1 
1 0.137931 0 1 
0 0.172414 0 1 
0.0344828 0.172414 0 1 
0.0689655 0.172414 0 1 
0.103448 0.172414 0 1 
0.137931 0.172414 0 1 
0.172414 0.172414 0 1 
0.206897 0.172414 0 1 
0.241379 0.172414 0 1 
0.275862 0.172414 0 1 
0.310345 0.172414 0 1 
0.344828 0.172414 0 1 
0.37931 0.172414 0 1 
0.413793 0.172414 0 1 
0.448276 0.172414 0 1 
0.482759 0.172414 0 1 
0.517241 0.172414 0 1 
0.551724 0.172414 0 1 
0.586207 0.172414 0 1 
0.62069 0.172414 0 1 
0.655172 0.172414 0 1 
0.689655 0.172414 0 1 
0.724138 0.172414 0 1 
0.758621 0.172414 0 1 
0.793103 0.172414 0 1 
0.827586 0.172414 0 1 
0.862069 0.172414 0 1 
0.896552 0.172414 0 1 
0.931034 0.172414 0 1 
0.965517 0.172414 0 1 
1 0.172414 0 1 
0 0.206897 0 1 
0.0344828 0.206897 0 1 
0.0689655 0.206897 0 1 
0.103448 0.206897 0 1 
0.137931 0.206897 0 1 
0.172414 0.206897 0 1 
0.206897 0.206897 0 1 
0.241379 0.206897 0 1 
0.275862 0.206897 0 1 
0.310345 0.206897 0 1 
0.344828 0.206897 0 1 
0.37931 0.206897 0 1 
0.413793 0.206897 0 1 
0.448276 0.206897 0 1 
0.482759 0.206897 0 1 
0.517241 0.206897 0 1 
0.551724 0.206897 0 1 
0.586207 0.206897 0 1 
0.62069 0.206897 0 1 
0.655172 0.206897 0 1 
0.689655 0.206897 0 1 
0.724138 0.206897 0 1 
0.758621 0.206897 0 1 
0.793103 0.206897 0 1 
0.827586 0.206897 0 1 
0.862069 0.206897 0 1 
0.896552 0.206897 0 1 
0.931034 0.206897 0 1 
0.965517 0.206897 0 1 
1 0.206897 0 1 
0 0.241379 0 1 
0.0344828 0.241379 0 1 
0.0689655 0.241379 0 1 
0.103448 0.241379 0 1 
0.137931 0.241379 0 1 
0.172414 0.241379 0 1 
0.206897 0.241379 0 1 
0.241379 0.241379 0 1 
0.275862 0.241379 0 1 
0.310345 0.241379 0 1 
0.344828 0.241379 0 1 
0.37931 0.241379 0 1 
0.413793 0.241379 0 1 
0.448276 0.241379 0 1 
0.482759 0.241379 0 1 
0.517241 0.241379 0 1 
0.551724 0.241379 0 1 
0.586207 0.241379 0 1 
0.62069 0.241379 0 1 
0.655172 0.241379 0 1 
0.689655 0.241379 0 1 
0.724138 0.241379 0 1 
0.758621 0.241379 0 1 
0.793103 0.241379 0 1 
0.827586 0.241379 0 1 
0.862069 0.241379 0 1 
0.896552 0.241379 0 1 
0.931034 0.241379 0 1 
0.965517 0.241379 0 1 
1 0.241379 0 1 
0 0.275862 0 1 
0.0344828 0.275862 0 1 
0.0689655 0.275862 0 1 
0.103448 0.275862 0 1 
0.137931 0.275862 0 1 
0.172414 0.275862 0 1 
0.206897 0.275862 0 1 
0.241379 0.275862 0 1 
0.275862 0.275862 0 1 
0.310345 0.275862 0 1 
0.344828 0.275862 0 1 
0.37931 0.275862 0 1 
0.413793 0.275862 0 1 
0.448276 0.275862 0 1 
0.482759 0.275862 0 1 
0.517241 0.275862 0 1 
0.551724 0.275862 0 1 
0.586207 0.275862 0 1 
0.62069 0.275862 0 1 
0.655172 0.275862 0 1 
0.689655 0.275862 0 1 
0.724138 0.275862 0 1 
0.758621 0.275862 0 1 
0.793103 0.275862 0 1 
0.827586 0.275862 0 1 
0.862069 0.275862 0 1 
0.896552 0.275862 0 1 
0.931034 0.275862 0 1 
0.965517 0.275862 0 1 
1 0.275862 0 1 
0 0.310345 0 1 
0.0344828 0.310345 0 1 
0.0689655 0.310345 0 1 
0.103448 0.310345 0 1 
0.137931 0.310345 0 1 
0.172414 0.310345 0 1 
0.206897 0.310345 0 1 
0.241379 0.310345 0 1 
0.275862 0.310345 0 1 
0.310345 0.310345 0 1 
0.344828 0.310345 0 1 
0.37931 0.310345 0 1 
0.413793 0.310345 0 1 
0.448276 0.310345 0 1 
0.482759 0.310345 0 1 
0.517241 0.310345 0 1 
0.551724 0.310345 0 1 
0.586207 0.310345 0 1 
0.62069 0.310345 0 1 
0.655172 0.310345 0 1 
0.689655 0.310345 0 1 
0.724138 0.310345 0 1 
0.758621 0.310345 0 1 
0.793103 0.310345 0 1 
0.827586 0.310345 0 1 
0.862069 0.310345 0 1 
0.896552 0.310345 0 1 
0.931034 0.310345 0 1 
0.965517 0.310345 0 1 
1 0.310345 0 1 
0 0.344828 0 1 
0.0344828 0.344828 0 1 
0.0689655 0.344828 0 1 
0.103448 0.344828 0 1 
0.137931 0.344828 0 1 
0.172414 0.344828 0 1 
0.206897 0.344828 0 1 
0.241379 0.344828 0 1 
0.275862 0.344828 0 1 
0.310345 0.344828 0 1 
0.344828 0.344828 0 1 
0.37931 0.344828 0 1 
0.413793 0.344828 0 1 
0.448276 0.344828 0 1 
0.482759 0.344828 0 1 
0.517241 0.344828 0 1 
0.551724 0.344828 0 1 
0.586207 0.344828 0 1 
0.62069 0.344828 0 1 
0.655172 0.344828 0 1 
0.689655 0.344828 0 1 
0.724138 0.344828 0 1 
0.758621 0.344828 0 1 
0.793103 0.344828 0 1 
0.827586 0.344828 0 1 
0.862069 0.344828 0 1 
0.896552 0.344828 0 1 
0.931034 0.344828 0 1 
0.965517 0.344828 0 1 
1 0.344828 0 1 
0 0.37931 0 1 
0.0344828 0.37931 0 1 
0.0689655 0.37931 0 1 
0.103448 0.37931 0 1 
0.137931 0.37931 0 1 
0.172414 0.37931 0 1 
0.206897 0.37931 0 1 
0.241379 0.37931 0 1 
0.275862 0.37931 0 1 
0.310345 0.37931 0 1 
0.344828 0.37931 0 1 
0.37931 0.37931 0 1 
0.413793 0.37931 0 1 
0.448276 0.37931 0 1 
0.482759 0.37931 0 1 
0.517241 0.37931 0 1 
0.551724 0.37931 0 1 
0.586207 0.37931 0 1 
0.62069 0.37931 0 1 
0.655172 0.37931 0 1 
0.689655 0.37931 0 1 
0.724138 0.37931 0 1 
0.758621 0.37931 0 1 
0.793103 0.37931 0 1 
0.827586 0.37931 0 1 
0.862069 0.37931 0 1 
0.896552 0.37931 0 1 
0.931034 0.37931 0 1 
0.965517 0.37931 0 1 
1 0.37931 0 1 
0 0.413793 0 1 
0.0344828 0.413793 0 1 
0.0689655 0.413793 0 1 
0.103448 0.413793 0 1 
0.137931 0.413793 0 1 
0.172414 0.413793 0 1 
0.206897 0.413793 0 1 
0.241379 0.413793 0 1 
0.275862 0.413793 0 1 
0.310345 0.413793 0 1 
0.344828 0.413793 0 1 
0.37931 0.413793 0 1 
0.413793 0.413793 0 1 
0.448276 0.413793 0 1 
0.482759 0.413793 0 1 
0.517241 0.413793 0 1 
0.551724 0.413793 0 1 
0.586207 0.413793 0 1 
0.62069 0.413793 0 1 
0.655172 0.413793 0 1 
0.689655 0.413793 0 1 
0.724138 0.413793 0 1 
0.758621 0.413793 0 1 
0.793103 0.413793 0 1 
0.827586 0.413793 0 1 
0.862069 0.413793 0 1 
0.896552 0.413793 0 1 
0.931034 0.413793 0 1 
0.965517 0.413793 0 1 
1 0.413793 0 1 
0 0.448276 0 1 
0.0344828 0.448276 0 1 
0.0689655 0.448276 0 1 
0.103448 0.448276 0 1 
0.137931 0.448276 0 1 
0.172414 0.448276 0 1 
0.206897 0.448276 0 1 
0.241379 0.448276 0 1 
0.275862 0.448276 0 1 
0.310345 0.448276 0 1 
0.344828 0.448276 0 1 
0.37931 0.448276 0 1 
0.413793 0.448276 0 1 
0.448276 0.448276 0 1 
0.482759 0.448276 0 1 
0.517241 0.448276 0 1 
0.551724 0.448276 0 1 
0.586207 0.448276 0 1 
0.62069 0.448276 0 1 
0.655172 0.448276 0 1 
0.689655 0.448276 0 1 
0.724138 0.448276 0 1 
0.758621 0.448276 0 1 
0.793103 0.448276 0 1 
0.827586 0.448276 0 1 
0.862069 0.448276 0 1 
0.896552 0.448276 0 1 
0.931034 0.448276 0 1 
0.965517 0.448276 0 1 
1 0.448276 0 1 
0 0.482759 0 1 
0.0344828 0.482759 0 1 
0.0689655 0.482759 0 1 
0.103448 0.482759 0 1 
0.137931 0.482759 0 1 
0.172414 0.482759 0 1 
0.206897 0.482759 0 1 
0.241379 0.482759 0 1 
0.275862 0.482759 0 1 
0.310345 0.482759 0 1 
0.344828 0.482759 0 1 
0.37931 0.482759 0 1 
0.413793 0.482759 0 1 
0.448276 0.482759 0 1 
0.482759 0.482759 0 1 
0.517241 0.482759 0 1 
0.551724 0.482759 0 1 
0.586207 0.482759 0 1 
0.62069 0.482759 0 1 
0.655172 0.482759 0 1 
0.689655 0.482759 0 1 
0.724138 0.482759 0 1 
0.758621 0.482759 0 1 
0.793103 0.482759 0 1 
0.827586 0.482759 0 1 
0.862069 0.482759 0 1 
0.896552 0.482759 0 1 
0.931034 0.482759 0 1 
0.965517 0.482759 0 1 
1 0.482759 0 1 
0 0.517241 0 1 
0.0344828 0.517241 0 1 
0.0689655 0.517241 0 1 
0.103448 0.517241 0 1 
0.137931 0.517241 0 1 
0.172414 0.517241 0 1 
0.206897 0.517241 0 1 
0.241379 0.517241 0 1 
0.275862 0.517241 0 1 
0.310345 0.517241 0 1 
0.344828 0.517241 0 1 
0.37931 0.517241 0 1 
0.413793 0.517241 0 1 
0.448276 0.517241 0 1 
0.482759 0.517241 0 1 
0.517241 0.517241 0 1 
0.551724 0.517241 0 1 
0.586207 0.517241 0 1 
0.62069 0.517241 0 1 
0.655172 0.517241 0 1 
0.689655 0.517241 0 1 
0.724138 0.517241 0 1 
0.758621 0.517241 0 1 
0.793103 0.517241 0 1 
0.827586 0.517241 0 1 
0.862069 0.517241 0 1 
0.896552 0.517241 0 1 
0.931034 0.517241 0 1 
0.965517 0.517241 0 1 
1 0.517241 0 1 
0 0.551724 0 1 
0.0344828 0.551724 0 1 
0.0689655 0.551724 0 1 
0.103448 0.551724 0 1 
0.137931 0.551724 0 1 
0.172414 0.551724 0 1 
0.206897 0.551724 0 1 
0.241379 0.551724 0 1 
0.275862 0.551724 0 1 
0.310345 0.551724 0 1 
0.344828 0.551724 0 1 
0.37931 0.551724 0 1 
0.413793 0.551724 0 1 
0.448276 0.551724 0 1 
0.482759 0.551724 0 1 
0.517241 0.551724 0 1 
0.551724 0.551724 0 1 
0.586207 0.551724 0 1 
0.62069 0.551724 0 1 
0.655172 0.551724 0 1 
0.689655 0.551724 0 1 
0.724138 0.551724 0 1 
0.758621 0.551724 0 1 
0.793103 0.551724 0 1 
0.827586 0.551724 0 1 
0.862069 0.551724 0 1 
0.896552 0.551724 0 1 
0.931034 0.551724 0 1 
0.965517 0.551724 0 1 
1 0.551724 0 1 
0 0.586207 0 1 
0.0344828 0.586207 0 1 
0.0689655 0.586207 0 1 
0.103448 0.586207 0 1 
0.137931 0.586207 0 1 
0.172414 0.586207 0 1 
0.206897 0.586207 0 1 
0.241379 0.586207 0 1 
0.275862 0.586207 0 1 
0.310345 0.586207 0 1 
0.344828 0.586207 0 1 
0.37931 0.586207 0 1 
0.413793 0.586207 0 1 
0.448276 0.586207 0 1 
0.482759 0.586207 0 1 
0.517241 0.586207 0 1 
0.551724 0.586207 0 1 
0.586207 0.586207 0 1 
0.62069 0.586207 0 1 
0.655172 0.586207 0 1 
0.689655 0.586207 0 1 
0.724138 0.586207 0 1 
0.758621 0.586207 0 1 
0.793103 0.586207 0 1 
0.827586 0.586207 0 1 
0.862069 0.586207 0 1 
0.896552 0.586207 0 1 
0.931034 0.586207 0 1 
0.965517 0.586207 0 1 
1 0.586207 0 1 
0 0.62069 0 1 
0.0344828 0.62069 0 1 
0.0689655 0.62069 0 1 
0.103448 0.62069 0 1 
0.137931 0.62069 0 1 
0.172414 0.62069 0 1 
0.206897 0.62069 0 1 
0.241379 0.62069 0 1 
0.275862 0.62069 0 1 
0.310345 0.62069 0 1 
0.344828 0.62069 0 1 
0.37931 0.62069 0 1 
0.413793 0.62069 0 1 
0.448276 0.62069 0 1 
0.482759 0.62069 0 1 
0.517241 0.62069 0 1 
0.551724 0.62069 0 1 
0.586207 0.62069 0 1 
0.62069 0.62069 0 1 
0.655172 0.62069 0 1 
0.689655 0.62069 0 1 
0.724138 0.62069 0 1 
0.758621 0.62069 0 1 
0.793103 0.62069 0 1 
0.827586 0.62069 0 1 
0.862069 0.62069 0 1 
0.896552 0.62069 0 1 
0.931034 0.62069 0 1 
0.965517 0.62069 0 1 
1 0.62069 0 1 
0 0.655172 0 1 
0.0344828 0.655172 0 1 
0.0689655 0.655172 0 1 
0.103448 0.655172 0 1 
0.137931 0.655172 0 1 
0.172414 0.655172 0 1 
0.206897 0.655172 0 1 
0.241379 0.655172 0 1 
0.275862 0.655172 0 1 
0.310345 0.655172 0 1 
0.344828 0.655172 0 1 
0.37931 0.655172 0 1 
0.413793 0.655172 0 1 
0.448276 0.655172 0 1 
0.482759 0.655172 0 1 
0.517241 0.655172 0 1 
0.551724 0.655172 0 1 
0.586207 0.655172 0 1 
0.62069 0.655172 0 1 
0.655172 0.655172 0 1 
0.689655 0.655172 0 1 
0.724138 0.655172 0 1 
0.758621 0.655172 0 1 
0.793103 0.655172 0 1 
0.827586 0.655172 0 1 
0.862069 0.655172 0 1 
0.896552 0.655172 0 1 
0.931034 0.655172 0 1 
0.965517 0.655172 0 1 
1 0.655172 0 1 
0 0.689655 0 1 
0.0344828 0.689655 0 1 
0.0689655 0.689655 0 1 
0.103448 0.689655 0 1 
0.137931 0.689655 0 1 
0.172414 0.689655 0 1 
0.206897 0.689655 0 1 
0.241379 0.689655 0 1 
0.275862 0.689655 0 1 
0.310345 0.689655 0 1 
0.344828 0.689655 0 1 
0.37931 0.689655 0 1 
0.413793 0.689655 0 1 
0.448276 0.689655 0 1 
0.482759 0.689655 0 1 
0.517241 0.689655 0 1 
0.551724 0.689655 0 1 
0.586207 0.689655 0 1 
0.62069 0.689655 0 1 
0.655172 0.689655 0 1 
0.689655 0.689655 0 1 
0.724138 0.689655 0 1 
0.758621 0.689655 0 1 
0.793103 0.689655 0 1 
0.827586 0.689655 0 1 
0.862069 0.689655 0 1 
0.896552 0.689655 0 1 
0.931034 0.689655 0 1 
0.965517 0.689655 0 1 
1 0.689655 0 1 
0 0.724138 0 1 
0.0344828 0.724138 0 1 
0.0689655 0.724138 0 1 
0.103448 0.724138 0 1 
0.137931 0.724138 0 1 
0.172414 0.724138 0 1 
0.206897 0.724138 0 1 
0.241379 0.724138 0 1 
0.275862 0.724138 0 1 
0.310345 0.724138 0 1 
0.344828 0.724138 0 1 
0.37931 0.724138 0 1 
0.413793 0.724138 0 1 
0.448276 0.724138 0 1 
0.482759 0.724138 0 1 
0.517241 0.724138 0 1 
0.551724 0.724138 0 1 
0.586207 0.724138 0 1 
0.62069 0.724138 0 1 
0.655172 0.724138 0 1 
0.689655 0.724138 0 1 
0.724138 0.724138 0 1 
0.758621 0.724138 0 1 
0.793103 0.724138 0 1 
0.827586 0.724138 0 1 
0.862069 0.724138 0 1 
0.896552 0.724138 0 1 
0.931034 0.724138 0 1 
0.965517 0.724138 0 1 
1 0.724138 0 1 
0 0.758621 0 1 
0.0344828 0.758621 0 1 
0.0689655 0.758621 0 1 
0.103448 0.758621 0 1 
0.137931 0.758621 0 1 
0.172414 0.758621 0 1 
0.206897 0.758621 0 1 
0.241379 0.758621 0 1 
0.275862 0.758621 0 1 
0.310345 0.758621 0 1 
0.344828 0.758621 0 1 
0.37931 0.758621 0 1 
0.413793 0.758621 0 1 
0.448276 0.758621 0 1 
0.482759 0.758621 0 1 
0.517241 0.758621 0 1 
0.551724 0.758621 0 1 
0.586207 0.758621 0 1 
0.62069 0.758621 0 1 
0.655172 0.758621 0 1 
0.689655 0.758621 0 1 
0.724138 0.758621 0 1 
0.758621 0.758621 0 1 
0.793103 0.758621 0 1 
0.827586 0.758621 0 1 
0.862069 0.758621 0 1 
0.896552 0.758621 0 1 
0.931034 0.758621 0 1 
0.965517 0.758621 0 1 
1 0.758621 0 1 
0 0.793103 0 1 
0.0344828 0.793103 0 1 
0.0689655 0.793103 0 1 
0.103448 0.793103 0 1 
0.137931 0.793103 0 1 
0.172414 0.793103 0 1 
0.206897 0.793103 0 1 
0.241379 0.793103 0 1 
0.275862 0.793103 0 1 
0.310345 0.793103 0 1 
0.344828 0.793103 0 1 
0.37931 0.793103 0 1 
0.413793 0.793103 0 1 
0.448276 0.793103 0 1 
0.482759 0.793103 0 1 
0.517241 0.793103 0 1 
0.551724 0.793103 0 1 
0.586207 0.793103 0 1 
0.62069 0.793103 0 1 
0.655172 0.793103 0 1 
0.689655 0.793103 0 1 
0.724138 0.793103 0 1 
0.758621 0.793103 0 1 
0.793103 0.793103 0 1 
0.827586 0.793103 0 1 
0.862069 0.793103 0 1 
0.896552 0.793103 0 1 
0.931034 0.793103 0 1 
0.965517 0.793103 0 1 
1 0.793103 0 1 
0 0.827586 0 1 
0.0344828 0.827586 0 1 
0.0689655 0.827586 0 1 
0.103448 0.827586 0 1 
0.137931 0.827586 0 1 
0.172414 0.827586 0 1 
0.206897 0.827586 0 1 
0.241379 0.827586 0 1 
0.275862 0.827586 0 1 
0.310345 0.827586 0 1 
0.344828 0.827586 0 1 
0.37931 0.827586 0 1 
0.413793 0.827586 0 1 
0.448276 0.827586 0 1 
0.482759 0.827586 0 1 
0.517241 0.827586 0 1 
0.551724 0.827586 0 1 
0.586207 0.827586 0 1 
0.62069 0.827586 0 1 
0.655172 0.827586 0 1 
0.689655 0.827586 0 1 
0.724138 0.827586 0 1 
0.758621 0.827586 0 1 
0.793103 0.827586 0 1 
0.827586 0.827586 0 1 
0.862069 0.827586 0 1 
0.896552 0.827586 0 1 
0.931034 0.827586 0 1 
0.965517 0.827586 0 1 
1 0.827586 0 1 
0 0.862069 0 1 
0.0344828 0.862069 0 1 
0.0689655 0.862069 0 1 
0.103448 0.862069 0 1 
0.137931 0.862069 0 1 
0.172414 0.862069 0 1 
0.206897 0.862069 0 1 
0.241379 0.862069 0 1 
0.275862 0.862069 0 1 
0.310345 0.862069 0 1 
0.344828 0.862069 0 1 
0.37931 0.862069 0 1 
0.413793 0.862069 0 1 
0.448276 0.862069 0 1 
0.482759 0.862069 0 1 
0.517241 0.862069 0 1 
0.551724 0.862069 0 1 
0.586207 0.862069 0 1 
0.62069 0.862069 0 1 
0.655172 0.862069 0 1 
0.689655 0.862069 0 1 
0.724138 0.862069 0 1 
0.758621 0.862069 0 1 
0.793103 0.862069 0 1 
0.827586 0.862069 0 1 
0.862069 0.862069 0 1 
0.896552 0.862069 0 1 
0.931034 0.862069 0 1 
0.965517 0.862069 0 1 
1 0.862069 0 1 
0 0.896552 0 1 
0.0344828 0.896552 0 1 
0.0689655 0.896552 0 1 
0.103448 0.896552 0 1 
0.137931 0.896552 0 1 
0.172414 0.896552 0 1 
0.206897 0.896552 0 1 
0.241379 0.896552 0 1 
0.275862 0.896552 0 1 
0.310345 0.896552 0 1 
0.344828 0.896552 0 1 
0.37931 0.896552 0 1 
0.413793 0.896552 0 1 
0.448276 0.896552 0 1 
0.482759 0.896552 0 1 
0.517241 0.896552 0 1 
0.551724 0.896552 0 1 
0.586207 0.896552 0 1 
0.62069 0.896552 0 1 
0.655172 0.896552 0 1 
0.689655 0.896552 0 1 
0.724138 0.896552 0 1 
0.758621 0.896552 0 1 
0.793103 0.896552 0 1 
0.827586 0.896552 0 1 
0.862069 0.896552 0 1 
0.896552 0.896552 0 1 
0.931034 0.896552 0 1 
0.965517 0.896552 0 1 
1 0.896552 0 1 
0 0.931034 0 1 
0.0344828 0.931034 0 1 
0.0689655 0.931034 0 1 
0.103448 0.931034 0 1 
0.137931 0.931034 0 1 
0.172414 0.931034 0 1 
0.206897 0.931034 0 1 
0.241379 0.931034 0 1 
0.275862 0.931034 0 1 
0.310345 0.931034 0 1 
0.344828 0.931034 0 1 
0.37931 0.931034 0 1 
0.413793 0.931034 0 1 
0.448276 0.931034 0 1 
0.482759 0.931034 0 1 
0.517241 0.931034 0 1 
0.551724 0.931034 0 1 
0.586207 0.931034 0 1 
0.62069 0.931034 0 1 
0.655172 0.931034 0 1 
0.689655 0.931034 0 1 
0.724138 0.931034 0 1 
0.758621 0.931034 0 1 
0.793103 0.931034 0 1 
0.827586 0.931034 0 1 
0.862069 0.931034 0 1 
0.896552 0.931034 0 1 
0.931034 0.931034 0 1 
0.965517 0.931034 0 1 
1 0.931034 0 1 
0 0.965517 0 1 
0.0344828 0.965517 0 1 
0.0689655 0.965517 0 1 
0.103448 0.965517 0 1 
0.137931 0.965517 0 1 
0.172414 0.965517 0 1 
0.206897 0.965517 0 1 
0.241379 0.965517 0 1 
0.275862 0.965517 0 1 
0.310345 0.965517 0 1 
0.344828 0.965517 0 1 
0.37931 0.965517 0 1 
0.413793 0.965517 0 1 
0.448276 0.965517 0 1 
0.482759 0.965517 0 1 
0.517241 0.965517 0 1 
0.551724 0.965517 0 1 
0.586207 0.965517 0 1 
0.62069 0.965517 0 1 
0.655172 0.965517 0 1 
0.689655 0.965517 0 1 
0.724138 0.965517 0 1 
0.758621 0.965517 0 1 
0.793103 0.965517 0 1 
0.827586 0.965517 0 1 
0.862069 0.965517 0 1 
0.896552 0.965517 0 1 
0.931034 0.965517 0 1 
0.965517 0.965517 0 1 
1 0.965517 0 1 
0 1 0 1 
0.0344828 1 0 1 
0.0689655 1 0 1 
0.103448 1 0 1 
0.137931 1 0 1 
0.172414 1 0 1 
0.206897 1 0 1 
0.241379 1 0 1 
0.275862 1 0 1 
0.310345 1 0 1 
0.344828 1 0 1 
0.37931 1 0 1 
0.413793 1 0 1 
0.448276 1 0 1 
0.482759 1 0 1 
0.517241 1 0 1 
0.551724 1 0 1 
0.586207 1 0 1 
0.62069 1 0 1 
0.655172 1 0 1 
0.689655 1 0 1 
0.724138 1 0 1 
0.758621 1 0 1 
0.793103 1 0 1 
0.827586 1 0 1 
0.862069 1 0 1 
0.896552 1 0 1 
0.931034 1 0 1 
0.965517 1 0 1 
1 1 0 1 
0 0 0.0344828 1 
0.0344828 0 0.0344828 1 
0.0689655 0 0.0344828 1 
0.103448 0 0.0344828 1 
0.137931 0 0.0344828 1 
0.172414 0 0.0344828 1 
0.206897 0 0.0344828 1 
0.241379 0 0.0344828 1 
0.275862 0 0.0344828 1 
0.310345 0 0.0344828 1 
0.344828 0 0.0344828 1 
0.37931 0 0.0344828 1 
0.413793 0 0.0344828 1 
0.448276 0 0.0344828 1 
0.482759 0 0.0344828 1 
0.517241 0 0.0344828 1 
0.551724 0 0.0344828 1 
0.586207 0 0.0344828 1 
0.62069 0 0.0344828 1 
0.655172 0 0.0344828 1 
0.689655 0 0.0344828 1 
0.724138 0 0.0344828 1 
0.758621 0 0.0344828 1 
0.793103 0 0.0344828 1 
0.827586 0 0.0344828 1 
0.862069 0 0.0344828 1 
0.896552 0 0.0344828 1 
0.931034 0 0.0344828 1 
0.965517 0 0.0344828 1 
1 0 0.0344828 1 
0 0.0344828 0.0344828 1 
0.0344828 0.0344828 0.0344828 1 
0.0689655 0.0344828 0.0344828 1 
0.103448 0.0344828 0.0344828 1 
0.137931 0.0344828 0.0344828 1 
0.172414 0.0344828 0.0344828 1 
0.206897 0.0344828 0.0344828 1 
0.241379 0.0344828 0.0344828 1 
0.275862 0.0344828 0.0344828 1 
0.310345 0.0344828 0.0344828 1 
0.344828 0.0344828 0.0344828 1 
0.37931 0.0344828 0.0344828 1 
0.413793 0.0344828 0.0344828 1 
0.448276 0.0344828 0.0344828 1 
0.482759 0.0344828 0.0344828 1 
0.517241 0.0344828 0.0344828 1 
0.551724 0.0344828 0.0344828 1 
0.586207 0.0344828 0.0344828 1 
0.62069 0.0344828 0.0344828 1 
0.655172 0.0344828 0.0344828 1 
0.689655 0.0344828 0.0344828 1 
0.724138 0.0344828 0.0344828 1 
0.758621 0.0344828 0.0344828 1 
0.793103 0.0344828 0.0344828 1 
0.827586 0.0344828 0.0344828 1 
0.862069 0.0344828 0.0344828 1 
0.896552 0.0344828 0.0344828 1 
0.931034 0.0344828 0.0344828 1 
0.965517 0.0344828 0.0344828 1 
1 0.0344828 0.0344828 1 
0 0.0689655 0.0344828 1 
0.0344828 0.0689655 0.0344828 1 
0.0689655 0.0689655 0.0344828 1 
0.103448 0.0689655 0.0344828 1 
0.137931 0.0689655 0.0344828 1 
0.172414 0.0689655 0.0344828 1 
0.206897 0.0689655 0.0344828 1 
0.241379 0.0689655 0.0344828 1 
0.275862 0.0689655 0.0344828 1 
0.310345 0.0689655 0.0344828 1 
0.344828 0.0689655 0.0344828 1 
0.37931 0.0689655 0.0344828 1 
0.413793 0.0689655 0.0344828 1 
0.448276 0.0689655 0.0344828 1 
0.482759 0.0689655 0.0344828 1 
0.517241 0.0689655 0.0344828 1 
0.551724 0.0689655 0.0344828 1 
0.586207 0.0689655 0.0344828 1 
0.62069 0.0689655 0.0344828 1 
0.655172 0.0689655 0.0344828 1 
0.689655 0.0689655 0.0344828 1 
0.724138 0.0689655 0.0344828 1 
0.758621 0.0689655 0.0344828 1 
0.793103 0.0689655 0.0344828 1 
0.827586 0.0689655 0.0344828 1 
0.862069 0.0689655 0.0344828 1 
0.896552 0.0689655 0.0344828 1 
0.931034 0.0689655 0.0344828 1 
0.965517 0.0689655 0.0344828 1 
1 0.0689655 0.0344828 1 
0 0.103448 0.0344828 1 
0.0344828 0.103448 0.0344828 1 
0.0689655 0.103448 0.0344828 1 
0.103448 0.103448 0.0344828 1 
0.137931 0.103448 0.0344828 1 
0.172414 0.103448 0.0344828 1 
0.206897 0.103448 0.0344828 1 
0.241379 0.103448 0.0344828 1 
0.275862 0.103448 0.0344828 1 
0.310345 0.103448 0.0344828 1 
0.344828 0.103448 0.0344828 1 
0.37931 0.103448 0.0344828 1 
0.413793 0.103448 0.0344828 1 
0.448276 0.103448 0.0344828 1 
0.482759 0.103448 0.0344828 1 
0.517241 0.103448 0.0344828 1 
0.551724 0.103448 0.0344828 1 
0.586207 0.103448 0.0344828 1 
0.62069 0.103448 0.0344828 1 
0.655172 0.103448 0.0344828 1 
0.689655 0.103448 0.0344828 1 
0.724138 0.103448 0.0344828 1 
0.758621 0.103448 0.0344828 1 
0.793103 0.103448 0.0344828 1 
0.827586 0.103448 0.0344828 1 
0.862069 0.103448 0.0344828 1 
0.896552 0.103448 0.0344828 1 
0.931034 0.103448 0.0344828 1 
0.965517 0.103448 0.0344828 1 
1 0.103448 0.0344828 1 
0 0.137931 0.0344828 1 
0.0344828 0.137931 0.0344828 1 
0.0689655 0.137931 0.0344828 1 
0.103448 0.137931 0.0344828 1 
0.137931 0.137931 0.0344828 1 
0.172414 0.137931 0.0344828 1 
0.206897 0.137931 0.0344828 1 
0.241379 0.137931 0.0344828 1 
0.275862 0.137931 0.0344828 1 
0.310345 0.137931 0.0344828 1 
0.344828 0.137931 0.0344828 1 
0.37931 0.137931 0.0344828 1 
0.413793 0.137931 0.0344828 1 
0.448276 0.137931 0.0344828 1 
0.482759 0.137931 0.0344828 1 
0.517241 0.137931 0.0344828 1 
0.551724 0.137931 0.0344828 1 
0.586207 0.137931 0.0344828 1 
0.62069 0.137931 0.0344828 1 
0.655172 0.137931 0.0344828 1 
0.689655 0.137931 0.0344828 1 
0.724138 0.137931 0.0344828 1 
0.758621 0.137931 0.0344828 1 
0.793103 0.137931 0.0344828 1 
0.827586 0.137931 0.0344828 1 
0.862069 0.137931 0.0344828 1 
0.896552 0.137931 0.0344828 1 
0.931034 0.137931 0.0344828 1 
0.965517 0.137931 0.0344828 1 
1 0.137931 0.0344828 1 
0 0.172414 0.0344828 1 
0.0344828 0.172414 0.0344828 1 
0.0689655 0.172414 0.0344828 1 
0.103448 0.172414 0.0344828 1 
0.137931 0.172414 0.0344828 1 
0.172414 0.172414 0.0344828 1 
0.206897 0.172414 0.0344828 1 
0.241379 0.172414 0.0344828 1 
0.275862 0.172414 0.0344828 1 
0.310345 0.172414 0.0344828 1 
0.344828 0.172414 0.0344828 1 
0.37931 0.172414 0.0344828 1 
0.413793 0.172414 0.0344828 1 
0.448276 0.172414 0.0344828 1 
0.482759 0.172414 0.0344828 1 
0.517241 0.172414 0.0344828 1 
0.551724 0.172414 0.0344828 1 
0.586207 0.172414 0.0344828 1 
0.62069 0.172414 0.0344828 1 
0.655172 0.172414 0.0344828 1 
0.689655 0.172414 0.0344828 1 
0.724138 0.172414 0.0344828 1 
0.758621 0.172414 0.0344828 1 
0.793103 0.172414 0.0344828 1 
0.827586 0.172414 0.0344828 1 
0.862069 0.172414 0.0344828 1 
0.896552 0.172414 0.0344828 1 
0.931034 0.172414 0.0344828 1 
0.965517 0.172414 0.0344828 1 
1 0.172414 0.0344828 1 
0 0.206897 0.0344828 1 
0.0344828 0.206897 0.0344828 1 
0.0689655 0.206897 0.0344828 1 
0.103448 0.206897 0.0344828 1 
0.137931 0.206897 0.0344828 1 
0.172414 0.206897 0.0344828 1 
0.206897 0.206897 0.0344828 1 
0.241379 0.206897 0.0344828 1 
0.275862 0.206897 0.0344828 1 
0.310345 0.206897 0.0344828 1 
0.344828 0.206897 0.0344828 1 
0.37931 0.206897 0.0344828 1 
0.413793 0.206897 0.0344828 1 
0.448276 0.206897 0.0344828 1 
0.482759 0.206897 0.0344828 1 
0.517241 0.206897 0.0344828 1 
0.551724 0.206897 0.0344828 1 
0.586207 0.206897 0.0344828 1 
0.62069 0.206897 0.0344828 1 
0.655172 0.206897 0.0344828 1 
0.689655 0.206897 0.0344828 1 
0.724138 0.206897 0.0344828 1 
0.758621 0.206897 0.0344828 1 
0.793103 0.206897 0.0344828 1 
0.827586 0.206897 0.0344828 1 
0.862069 0.206897 0.0344828 1 
0.896552 0.206897 0.0344828 1 
0.931034 0.206897 0.0344828 1 
0.965517 0.206897 0.0344828 1 
1 0.206897 0.0344828 1 
0 0.241379 0.0344828 1 
0.0344828 0.241379 0.0344828 1 
0.0689655 0.241379 0.0344828 1 
0.103448 0.241379 0.0344828 1 
0.137931 0.241379 0.0344828 1 
0.172414 0.241379 0.0344828 1 
0.206897 0.241379 0.0344828 1 
0.241379 0.241379 0.0344828 1 
0.275862 0.241379 0.0344828 1 
0.310345 0.241379 0.0344828 1 
0.344828 0.241379 0.0344828 1 
0.37931 0.241379 0.0344828 1 
0.413793 0.241379 0.0344828 1 
0.448276 0.241379 0.0344828 1 
0.482759 0.241379 0.0344828 1 
0.517241 0.241379 0.0344828 1 
0.551724 0.241379 0.0344828 1 
0.586207 0.241379 0.0344828 1 
0.62069 0.241379 0.0344828 1 
0.655172 0.241379 0.0344828 1 
0.689655 0.241379 0.0344828 1 
0.724138 0.241379 0.0344828 1 
0.758621 0.241379 0.0344828 1 
0.793103 0.241379 0.0344828 1 
0.827586 0.241379 0.0344828 1 
0.862069 0.241379 0.0344828 1 
0.896552 0.241379 0.0344828 1 
0.931034 0.241379 0.0344828 1 
0.965517 0.241379 0.0344828 1 
1 0.241379 0.0344828 1 
0 0.275862 0.0344828 1 
0.0344828 0.275862 0.0344828 1 
0.0689655 0.275862 0.0344828 1 
0.103448 0.275862 0.0344828 1 
0.137931 0.275862 0.0344828 1 
0.172414 0.275862 0.0344828 1 
0.206897 0.275862 0.0344828 1 
0.241379 0.275862 0.0344828 1 
0.275862 0.275862 0.0344828 1 
0.310345 0.275862 0.0344828 1 
0.344828 0.275862 0.0344828 1 
0.37931 0.275862 0.0344828 1 
0.413793 0.275862 0.0344828 1 
0.448276 0.275862 0.0344828 1 
0.482759 0.275862 0.0344828 1 
0.517241 0.275862 0.0344828 1 
0.551724 0.275862 0.0344828 1 
0.586207 0.275862 0.0344828 1 
0.62069 0.275862 0.0344828 1 
0.655172 0.275862 0.0344828 1 
0.689655 0.275862 0.0344828 1 
0.724138 0.275862 0.0344828 1 
0.758621 0.275862 0.0344828 1 
0.793103 0.275862 0.0344828 1 
0.827586 0.275862 0.0344828 1 
0.862069 0.275862 0.0344828 1 
0.896552 0.275862 0.0344828 1 
0.931034 0.275862 0.0344828 1 
0.965517 0.275862 0.0344828 1 
1 0.275862 0.0344828 1 
0 0.310345 0.0344828 1 
0.0344828 0.310345 0.0344828 1 
0.0689655 0.310345 0.0344828 1 
0.103448 0.310345 0.0344828 1 
0.137931 0.310345 0.0344828 1 
0.172414 0.310345 0.0344828 1 
0.206897 0.310345 0.0344828 1 
0.241379 0.310345 0.0344828 1 
0.275862 0.310345 0.0344828 1 
0.310345 0.310345 0.0344828 1 
0.344828 0.310345 0.0344828 1 
0.37931 0.310345 0.0344828 1 
0.413793 0.310345 0.0344828 1 
0.448276 0.310345 0.0344828 1 
0.482759 0.310345 0.0344828 1 
0.517241 0.310345 0.0344828 1 
0.551724 0.310345 0.0344828 1 
0.586207 0.310345 0.0344828 1 
0.62069 0.310345 0.0344828 1 
0.655172 0.310345 0.0344828 1 
0.689655 0.310345 0.0344828 1 
0.724138 0.310345 0.0344828 1 
0.758621 0.310345 0.0344828 1 
0.793103 0.310345 0.0344828 1 
0.827586 0.310345 0.0344828 1 
0.862069 0.310345 0.0344828 1 
0.896552 0.310345 0.0344828 1 
0.931034 0.310345 0.0344828 1 
0.965517 0.310345 0.0344828 1 
1 0.310345 0.0344828 1 
0 0.344828 0.0344828 1 
0.0344828 0.344828 0.0344828 1 
0.0689655 0.344828 0.0344828 1 
0.103448 0.344828 0.0344828 1 
0.137931 0.344828 0.0344828 1 
0.172414 0.344828 0.0344828 1 
0.206897 0.344828 0.0344828 1 
0.241379 0.344828 0.0344828 1 
0.275862 0.344828 0.0344828 1 
0.310345 0.344828 0.0344828 1 
0.344828 0.344828 0.0344828 1 
0.37931 0.344828 0.0344828 1 
0.413793 0.344828 0.0344828 1 
0.448276 0.344828 0.0344828 1 
0.482759 0.344828 0.0344828 1 
0.517241 0.344828 0.0344828 1 
0.551724 0.344828 0.0344828 1 
0.586207 0.344828 0.0344828 1 
0.62069 0.344828 0.0344828 1 
0.655172 0.344828 0.0344828 1 
0.689655 0.344828 0.0344828 1 
0.724138 0.344828 0.0344828 1 
0.758621 0.344828 0.0344828 1 
0.793103 0.344828 0.0344828 1 
0.827586 0.344828 0.0344828 1 
0.862069 0.344828 0.0344828 1 
0.896552 0.344828 0.0344828 1 
0.931034 0.344828 0.0344828 1 
0.965517 0.344828 0.0344828 1 
1 0.344828 0.0344828 1 
0 0.37931 0.0344828 1 
0.0344828 0.37931 0.0344828 1 
0.0689655 0.37931 0.0344828 1 
0.103448 0.37931 0.0344828 1 
0.137931 0.37931 0.0344828 1 
0.172414 0.37931 0.0344828 1 
0.206897 0.37931 0.0344828 1 
0.241379 0.37931 0.0344828 1 
0.275862 0.37931 0.0344828 1 
0.310345 0.37931 0.0344828 1 
0.344828 0.37931 0.0344828 1 
0.37931 0.37931 0.0344828 1 
0.413793 0.37931 0.0344828 1 
0.448276 0.37931 0.0344828 1 
0.482759 0.37931 0.0344828 1 
0.517241 0.37931 0.0344828 1 
0.551724 0.37931 0.0344828 1 
0.586207 0.37931 0.0344828 1 
0.62069 0.37931 0.0344828 1 
0.655172 0.37931 0.0344828 1 
0.689655 0.37931 0.0344828 1 
0.724138 0.37931 0.0344828 1 
0.758621 0.37931 0.0344828 1 
0.793103 0.37931 0.0344828 1 
0.827586 0.37931 0.0344828 1 
0.862069 0.37931 0.0344828 1 
0.896552 0.37931 0.0344828 1 
0.931034 0.37931 0.0344828 1 
0.965517 0.37931 0.0344828 1 
1 0.37931 0.0344828 1 
0 0.413793 0.0344828 1 
0.0344828 0.413793 0.0344828 1 
0.0689655 0.413793 0.0344828 1 
0.103448 0.413793 0.0344828 1 
0.137931 0.413793 0.0344828 1 
0.172414 0.413793 0.0344828 1 
0.206897 0.413793 0.0344828 1 
0.241379 0.413793 0.0344828 1 
0.275862 0.413793 0.0344828 1 
0.310345 0.413793 0.0344828 1 
0.344828 0.413793 0.0344828 1 
0.37931 0.413793 0.0344828 1 
0.413793 0.413793 0.0344828 1 
0.448276 0.413793 0.0344828 1 
0.482759 0.413793 0.0344828 1 
0.517241 0.413793 0.0344828 1 
0.551724 0.413793 0.0344828 1 
0.586207 0.413793 0.0344828 1 
0.62069 0.413793 0.0344828 1 
0.655172 0.413793 0.0344828 1 
0.689655 0.413793 0.0344828 1 
0.724138 0.413793 0.0344828 1 
0.758621 0.413793 0.0344828 1 
0.793103 0.413793 0.0344828 1 
0.827586 0.413793 0.0344828 1 
0.862069 0.413793 0.0344828 1 
0.896552 0.413793 0.0344828 1 
0.931034 0.413793 0.0344828 1 
0.965517 0.413793 0.0344828 1 
1 0.413793 0.0344828 1 
0 0.448276 0.0344828 1 
0.0344828 0.448276 0.0344828 1 
0.0689655 0.448276 0.0344828 1 
0.103448 0.448276 0.0344828 1 
0.137931 0.448276 0.0344828 1 
0.172414 0.448276 0.0344828 1 
0.206897 0.448276 0.0344828 1 
0.241379 0.448276 0.0344828 1 
0.275862 0.448276 0.0344828 1 
0.310345 0.448276 0.0344828 1 
0.344828 0.448276 0.0344828 1 
0.37931 0.448276 0.0344828 1 
0.413793 0.448276 0.0344828 1 
0.448276 0.448276 0.0344828 1 
0.482759 0.448276 0.0344828 1 
0.517241 0.448276 0.0344828 1 
0.551724 0.448276 0.0344828 1 
0.586207 0.448276 0.0344828 1 
0.62069 0.448276 0.0344828 1 
0.655172 0.448276 0.0344828 1 
0.689655 0.448276 0.0344828 1 
0.724138 0.448276 0.0344828 1 
0.758621 0.448276 0.0344828 1 
0.793103 0.448276 0.0344828 1 
0.827586 0.448276 0.0344828 1 
0.862069 0.448276 0.0344828 1 
0.896552 0.448276 0.0344828 1 
0.931034 0.448276 0.0344828 1 
0.965517 0.448276 0.0344828 1 
1 0.448276 0.0344828 1 
0 0.482759 0.0344828 1 
0.0344828 0.482759 0.0344828 1 
0.0689655 0.482759 0.0344828 1 
0.103448 0.482759 0.0344828 1 
0.137931 0.482759 0.0344828 1 
0.172414 0.482759 0.0344828 1 
0.206897 0.482759 0.0344828 1 
0.241379 0.482759 0.0344828 1 
0.275862 0.482759 0.0344828 1 
0.310345 0.482759 0.0344828 1 
0.344828 0.482759 0.0344828 1 
0.37931 0.482759 0.0344828 1 
0.413793 0.482759 0.0344828 1 
0.448276 0.482759 0.0344828 1 
0.482759 0.482759 0.0344828 1 
0.517241 0.482759 0.0344828 1 
0.551724 0.482759 0.0344828 1 
0.586207 0.482759 0.0344828 1 
0.62069 0.482759 0.0344828 1 
0.655172 0.482759 0.0344828 1 
0.689655 0.482759 0.0344828 1 
0.724138 0.482759 0.0344828 1 
0.758621 0.482759 0.0344828 1 
0.793103 0.482759 0.0344828 1 
0.827586 0.482759 0.0344828 1 
0.862069 0.482759 0.0344828 1 
0.896552 0.482759 0.0344828 1 
0.931034 0.482759 0.0344828 1 
0.965517 0.482759 0.0344828 1 
1 0.482759 0.0344828 1 
0 0.517241 0.0344828 1 
0.0344828 0.517241 0.0344828 1 
0.0689655 0.517241 0.0344828 1 
0.103448 0.517241 0.0344828 1 
0.137931 0.517241 0.0344828 1 
0.172414 0.517241 0.0344828 1 
0.206897 0.517241 0.0344828 1 
0.241379 0.517241 0.0344828 1 
0.275862 0.517241 0.0344828 1 
0.310345 0.517241 0.0344828 1 
0.344828 0.517241 0.0344828 1 
0.37931 0.517241 0.0344828 1 
0.413793 0.517241 0.0344828 1 
0.448276 0.517241 0.0344828 1 
0.482759 0.517241 0.0344828 1 
0.517241 0.517241 0.0344828 1 
0.551724 0.517241 0.0344828 1 
0.586207 0.517241 0.0344828 1 
0.62069 0.517241 0.0344828 1 
0.655172 0.517241 0.0344828 1 
0.689655 0.517241 0.0344828 1 
0.724138 0.517241 0.0344828 1 
0.758621 0.517241 0.0344828 1 
0.793103 0.517241 0.0344828 1 
0.827586 0.517241 0.0344828 1 
0.862069 0.517241 0.0344828 1 
0.896552 0.517241 0.0344828 1 
0.931034 0.517241 0.0344828 1 
0.965517 0.517241 0.0344828 1 
1 0.517241 0.0344828 1 
0 0.551724 0.0344828 1 
0.0344828 0.551724 0.0344828 1 
0.0689655 0.551724 0.0344828 1 
0.103448 0.551724 0.0344828 1 
0.137931 0.551724 0.0344828 1 
0.172414 0.551724 0.0344828 1 
0.206897 0.551724 0.0344828 1 
0.241379 0.551724 0.0344828 1 
0.275862 0.551724 0.0344828 1 
0.310345 0.551724 0.0344828 1 
0.344828 0.551724 0.0344828 1 
0.37931 0.551724 0.0344828 1 
0.413793 0.551724 0.0344828 1 
0.448276 0.551724 0.0344828 1 
0.482759 0.551724 0.0344828 1 
0.517241 0.551724 0.0344828 1 
0.551724 0.551724 0.0344828 1 
0.586207 0.551724 0.0344828 1 
0.62069 0.551724 0.0344828 1 
0.655172 0.551724 0.0344828 1 
0.689655 0.551724 0.0344828 1 
0.724138 0.551724 0.0344828 1 
0.758621 0.551724 0.0344828 1 
0.793103 0.551724 0.0344828 1 
0.827586 0.551724 0.0344828 1 
0.862069 0.551724 0.0344828 1 
0.896552 0.551724 0.0344828 1 
0.931034 0.551724 0.0344828 1 
0.965517 0.551724 0.0344828 1 
1 0.551724 0.0344828 1 
0 0.586207 0.0344828 1 
0.0344828 0.586207 0.0344828 1 
0.0689655 0.586207 0.0344828 1 
0.103448 0.586207 0.0344828 1 
0.137931 0.586207 0.0344828 1 
0.172414 0.586207 0.0344828 1 
0.206897 0.586207 0.0344828 1 
0.241379 0.586207 0.0344828 1 
0.275862 0.586207 0.0344828 1 
0.310345 0.586207 0.0344828 1 
0.344828 0.586207 0.0344828 1 
0.37931 0.586207 0.0344828 1 
0.413793 0.586207 0.0344828 1 
0.448276 0.586207 0.0344828 1 
0.482759 0.586207 0.0344828 1 
0.517241 0.586207 0.0344828 1 
0.551724 0.586207 0.0344828 1 
0.586207 0.586207 0.0344828 1 
0.62069 0.586207 0.0344828 1 
0.655172 0.586207 0.0344828 1 
0.689655 0.586207 0.0344828 1 
0.724138 0.586207 0.0344828 1 
0.758621 0.586207 0.0344828 1 
0.793103 0.586207 0.0344828 1 
0.827586 0.586207 0.0344828 1 
0.862069 0.586207 0.0344828 1 
0.896552 0.586207 0.0344828 1 
0.931034 0.586207 0.0344828 1 
0.965517 0.586207 0.0344828 1 
1 0.586207 0.0344828 1 
0 0.62069 0.0344828 1 
0.0344828 0.62069 0.0344828 1 
0.0689655 0.62069 0.0344828 1 
0.103448 0.62069 0.0344828 1 
0.137931 0.62069 0.0344828 1 
0.172414 0.62069 0.0344828 1 
0.206897 0.62069 0.0344828 1 
0.241379 0.62069 0.0344828 1 
0.275862 0.62069 0.0344828 1 
0.310345 0.62069 0.0344828 1 
0.344828 0.62069 0.0344828 1 
0.37931 0.62069 0.0344828 1 
0.413793 0.62069 0.0344828 1 
0.448276 0.62069 0.0344828 1 
0.482759 0.62069 0.0344828 1 
0.517241 0.62069 0.0344828 1 
0.551724 0.62069 0.0344828 1 
0.586207 0.62069 0.0344828 1 
0.62069 0.62069 0.0344828 1 
0.655172 0.62069 0.0344828 1 
0.689655 0.62069 0.0344828 1 
0.724138 0.62069 0.0344828 1 
0.758621 0.62069 0.0344828 1 
0.793103 0.62069 0.0344828 1 
0.827586 0.62069 0.0344828 1 
0.862069 0.62069 0.0344828 1 
0.896552 0.62069 0.0344828 1 
0.931034 0.62069 0.0344828 1 
0.965517 0.62069 0.0344828 1 
1 0.62069 0.0344828 1 
0 0.655172 0.0344828 1 
0.0344828 0.655172 0.0344828 1 
0.0689655 0.655172 0.0344828 1 
0.103448 0.655172 0.0344828 1 
0.137931 0.655172 0.0344828 1 
0.172414 0.655172 0.0344828 1 
0.206897 0.655172 0.0344828 1 
0.241379 0.655172 0.0344828 1 
0.275862 0.655172 0.0344828 1 
0.310345 0.655172 0.0344828 1 
0.344828 0.655172 0.0344828 1 
0.37931 0.655172 0.0344828 1 
0.413793 0.655172 0.0344828 1 
0.448276 0.655172 0.0344828 1 
0.482759 0.655172 0.0344828 1 
0.517241 0.655172 0.0344828 1 
0.551724 0.655172 0.0344828 1 
0.586207 0.655172 0.0344828 1 
0.62069 0.655172 0.0344828 1 
0.655172 0.655172 0.0344828 1 
0.689655 0.655172 0.0344828 1 
0.724138 0.655172 0.0344828 1 
0.758621 0.655172 0.0344828 1 
0.793103 0.655172 0.0344828 1 
0.827586 0.655172 0.0344828 1 
0.862069 0.655172 0.0344828 1 
0.896552 0.655172 0.0344828 1 
0.931034 0.655172 0.0344828 1 
0.965517 0.655172 0.0344828 1 
1 0.655172 0.0344828 1 
0 0.689655 0.0344828 1 
0.0344828 0.689655 0.0344828 1 
0.0689655 0.689655 0.0344828 1 
0.103448 0.689655 0.0344828 1 
0.137931 0.689655 0.0344828 1 
0.172414 0.689655 0.0344828 1 
0.206897 0.689655 0.0344828 1 
0.241379 0.689655 0.0344828 1 
0.275862 0.689655 0.0344828 1 
0.310345 0.689655 0.0344828 1 
0.344828 0.689655 0.0344828 1 
0.37931 0.689655 0.0344828 1 
0.413793 0.689655 0.0344828 1 
0.448276 0.689655 0.0344828 1 
0.482759 0.689655 0.0344828 1 
0.517241 0.689655 0.0344828 1 
0.551724 0.689655 0.0344828 1 
0.586207 0.689655 0.0344828 1 
0.62069 0.689655 0.0344828 1 
0.655172 0.689655 0.0344828 1 
0.689655 0.689655 0.0344828 1 
0.724138 0.689655 0.0344828 1 
0.758621 0.689655 0.0344828 1 
0.793103 0.689655 0.0344828 1 
0.827586 0.689655 0.0344828 1 
0.862069 0.689655 0.0344828 1 
0.896552 0.689655 0.0344828 1 
0.931034 0.689655 0.0344828 1 
0.965517 0.689655 0.0344828 1 
1 0.689655 0.0344828 1 
0 0.724138 0.0344828 1 
0.0344828 0.724138 0.0344828 1 
0.0689655 0.724138 0.0344828 1 
0.103448 0.724138 0.0344828 1 
0.137931 0.724138 0.0344828 1 
0.172414 0.724138 0.0344828 1 
0.206897 0.724138 0.0344828 1 
0.241379 0.724138 0.0344828 1 
0.275862 0.724138 0.0344828 1 
0.310345 0.724138 0.0344828 1 
0.344828 0.724138 0.0344828 1 
0.37931 0.724138 0.0344828 1 
0.413793 0.724138 0.0344828 1 
0.448276 0.724138 0.0344828 1 
0.482759 0.724138 0.0344828 1 
0.517241 0.724138 0.0344828 1 
0.551724 0.724138 0.0344828 1 
0.586207 0.724138 0.0344828 1 
0.62069 0.724138 0.0344828 1 
0.655172 0.724138 0.0344828 1 
0.689655 0.724138 0.0344828 1 
0.724138 0.724138 0.0344828 1 
0.758621 0.724138 0.0344828 1 
0.793103 0.724138 0.0344828 1 
0.827586 0.724138 0.0344828 1 
0.862069 0.724138 0.0344828 1 
0.896552 0.724138 0.0344828 1 
0.931034 0.724138 0.0344828 1 
0.965517 0.724138 0.0344828 1 
1 0.724138 0.0344828 1 
0 0.758621 0.0344828 1 
0.0344828 0.758621 0.0344828 1 
0.0689655 0.758621 0.0344828 1 
0.103448 0.758621 0.0344828 1 
0.137931 0.758621 0.0344828 1 
0.172414 0.758621 0.0344828 1 
0.206897 0.758621 0.0344828 1 
0.241379 0.758621 0.0344828 1 
0.275862 0.758621 0.0344828 1 
0.310345 0.758621 0.0344828 1 
0.344828 0.758621 0.0344828 1 
0.37931 0.758621 0.0344828 1 
0.413793 0.758621 0.0344828 1 
0.448276 0.758621 0.0344828 1 
0.482759 0.758621 0.0344828 1 
0.517241 0.758621 0.0344828 1 
0.551724 0.758621 0.0344828 1 
0.586207 0.758621 0.0344828 1 
0.62069 0.758621 0.0344828 1 
0.655172 0.758621 0.0344828 1 
0.689655 0.758621 0.0344828 1 
0.724138 0.758621 0.0344828 1 
0.758621 0.758621 0.0344828 1 
0.793103 0.758621 0.0344828 1 
0.827586 0.758621 0.0344828 1 
0.862069 0.758621 0.0344828 1 
0.896552 0.758621 0.0344828 1 
0.931034 0.758621 0.0344828 1 
0.965517 0.758621 0.0344828 1 
1 0.758621 0.0344828 1 
0 0.793103 0.0344828 1 
0.0344828 0.793103 0.0344828 1 
0.0689655 0.793103 0.0344828 1 
0.103448 0.793103 0.0344828 1 
0.137931 0.793103 0.0344828 1 
0.172414 0.793103 0.0344828 1 
0.206897 0.793103 0.0344828 1 
0.241379 0.793103 0.0344828 1 
0.275862 0.793103 0.0344828 1 
0.310345 0.793103 0.0344828 1 
0.344828 0.793103 0.0344828 1 
0.37931 0.793103 0.0344828 1 
0.413793 0.793103 0.0344828 1 
0.448276 0.793103 0.0344828 1 
0.482759 0.793103 0.0344828 1 
0.517241 0.793103 0.0344828 1 
0.551724 0.793103 0.0344828 1 
0.586207 0.793103 0.0344828 1 
0.62069 0.793103 0.0344828 1 
0.655172 0.793103 0.0344828 1 
0.689655 0.793103 0.0344828 1 
0.724138 0.793103 0.0344828 1 
0.758621 0.793103 0.0344828 1 
0.793103 0.793103 0.0344828 1 
0.827586 0.793103 0.0344828 1 
0.862069 0.793103 0.0344828 1 
0.896552 0.793103 0.0344828 1 
0.931034 0.793103 0.0344828 1 
0.965517 0.793103 0.0344828 1 
1 0.793103 0.0344828 1 
0 0.827586 0.0344828 1 
0.0344828 0.827586 0.0344828 1 
0.0689655 0.827586 0.0344828 1 
0.103448 0.827586 0.0344828 1 
0.137931 0.827586 0.0344828 1 
0.172414 0.827586 0.0344828 1 
0.206897 0.827586 0.0344828 1 
0.241379 0.827586 0.0344828 1 
0.275862 0.827586 0.0344828 1 
0.310345 0.827586 0.0344828 1 
0.344828 0.827586 0.0344828 1 
0.37931 0.827586 0.0344828 1 
0.413793 0.827586 0.0344828 1 
0.448276 0.827586 0.0344828 1 
0.482759 0.827586 0.0344828 1 
0.517241 0.827586 0.0344828 1 
0.551724 0.827586 0.0344828 1 
0.586207 0.827586 0.0344828 1 
0.62069 0.827586 0.0344828 1 
0.655172 0.827586 0.0344828 1 
0.689655 0.827586 0.0344828 1 
0.724138 0.827586 0.0344828 1 
0.758621 0.827586 0.0344828 1 
0.793103 0.827586 0.0344828 1 
0.827586 0.827586 0.0344828 1 
0.862069 0.827586 0.0344828 1 
0.896552 0.827586 0.0344828 1 
0.931034 0.827586 0.0344828 1 
0.965517 0.827586 0.0344828 1 
1 0.827586 0.0344828 1 
0 0.862069 0.0344828 1 
0.0344828 0.862069 0.0344828 1 
0.0689655 0.862069 0.0344828 1 
0.103448 0.862069 0.0344828 1 
0.137931 0.862069 0.0344828 1 
0.172414 0.862069 0.0344828 1 
0.206897 0.862069 0.0344828 1 
0.241379 0.862069 0.0344828 1 
0.275862 0.862069 0.0344828 1 
0.310345 0.862069 0.0344828 1 
0.344828 0.862069 0.0344828 1 
0.37931 0.862069 0.0344828 1 
0.413793 0.862069 0.0344828 1 
0.448276 0.862069 0.0344828 1 
0.482759 0.862069 0.0344828 1 
0.517241 0.862069 0.0344828 1 
0.551724 0.862069 0.0344828 1 
0.586207 0.862069 0.0344828 1 
0.62069 0.862069 0.0344828 1 
0.655172 0.862069 0.0344828 1 
0.689655 0.862069 0.0344828 1 
0.724138 0.862069 0.0344828 1 
0.758621 0.862069 0.0344828 1 
0.793103 0.862069 0.0344828 1 
0.827586 0.862069 0.0344828 1 
0.862069 0.862069 0.0344828 1 
0.896552 0.862069 0.0344828 1 
0.931034 0.862069 0.0344828 1 
0.965517 0.862069 0.0344828 1 
1 0.862069 0.0344828 1 
0 0.896552 0.0344828 1 
0.0344828 0.896552 0.0344828 1 
0.0689655 0.896552 0.0344828 1 
0.103448 0.896552 0.0344828 1 
0.137931 0.896552 0.0344828 1 
0.172414 0.896552 0.0344828 1 
0.206897 0.896552 0.0344828 1 
0.241379 0.896552 0.0344828 1 
0.275862 0.896552 0.0344828 1 
0.310345 0.896552 0.0344828 1 
0.344828 0.896552 0.0344828 1 
0.37931 0.896552 0.0344828 1 
0.413793 0.896552 0.0344828 1 
0.448276 0.896552 0.0344828 1 
0.482759 0.896552 0.0344828 1 
0.517241 0.896552 0.0344828 1 
0.551724 0.896552 0.0344828 1 
0.586207 0.896552 0.0344828 1 
0.62069 0.896552 0.0344828 1 
0.655172 0.896552 0.0344828 1 
0.689655 0.896552 0.0344828 1 
0.724138 0.896552 0.0344828 1 
0.758621 0.896552 0.0344828 1 
0.793103 0.896552 0.0344828 1 
0.827586 0.896552 0.0344828 1 
0.862069 0.896552 0.0344828 1 
0.896552 0.896552 0.0344828 1 
0.931034 0.896552 0.0344828 1 
0.965517 0.896552 0.0344828 1 
1 0.896552 0.0344828 1 
0 0.931034 0.0344828 1 
0.0344828 0.931034 0.0344828 1 
0.0689655 0.931034 0.0344828 1 
0.103448 0.931034 0.0344828 1 
0.137931 0.931034 0.0344828 1 
0.172414 0.931034 0.0344828 1 
0.206897 0.931034 0.0344828 1 
0.241379 0.931034 0.0344828 1 
0.275862 0.931034 0.0344828 1 
0.310345 0.931034 0.0344828 1 
0.344828 0.931034 0.0344828 1 
0.37931 0.931034 0.0344828 1 
0.413793 0.931034 0.0344828 1 
0.448276 0.931034 0.0344828 1 
0.482759 0.931034 0.0344828 1 
0.517241 0.931034 0.0344828 1 
0.551724 0.931034 0.0344828 1 
0.586207 0.931034 0.0344828 1 
0.62069 0.931034 0.0344828 1 
0.655172 0.931034 0.0344828 1 
0.689655 0.931034 0.0344828 1 
0.724138 0.931034 0.0344828 1 
0.758621 0.931034 0.0344828 1 
0.793103 0.931034 0.0344828 1 
0.827586 0.931034 0.0344828 1 
0.862069 0.931034 0.0344828 1 
0.896552 0.931034 0.0344828 1 
0.931034 0.931034 0.0344828 1 
0.965517 0.931034 0.0344828 1 
1 0.931034 0.0344828 1 
0 0.965517 0.0344828 1 
0.0344828 0.965517 0.0344828 1 
0.0689655 0.965517 0.0344828 1 
0.103448 0.965517 0.0344828 1 
0.137931 0.965517 0.0344828 1 
0.172414 0.965517 0.0344828 1 
0.206897 0.965517 0.0344828 1 
0.241379 0.965517 0.0344828 1 
0.275862 0.965517 0.0344828 1 
0.310345 0.965517 0.0344828 1 
0.344828 0.965517 0.0344828 1 
0.37931 0.965517 0.0344828 1 
0.413793 0.965517 0.0344828 1 
0.448276 0.965517 0.0344828 1 
0.482759 0.965517 0.0344828 1 
0.517241 0.965517 0.0344828 1 
0.551724 0.965517 0.0344828 1 
0.586207 0.965517 0.0344828 1 
0.62069 0.965517 0.0344828 1 
0.655172 0.965517 0.0344828 1 
0.689655 0.965517 0.0344828 1 
0.724138 0.965517 0.0344828 1 
0.758621 0.965517 0.0344828 1 
0.793103 0.965517 0.0344828 1 
0.827586 0.965517 0.0344828 1 
0.862069 0.965517 0.0344828 1 
0.896552 0.965517 0.0344828 1 
0.931034 0.965517 0.0344828 1 
0.965517 0.965517 0.0344828 1 
1 0.965517 0.0344828 1 
0 1 0.0344828 1 
0.0344828 1 0.0344828 1 
0.0689655 1 0.0344828 1 
0.103448 1 0.0344828 1 
0.137931 1 0.0344828 1 
0.172414 1 0.0344828 1 
0.206897 1 0.0344828 1 
0.241379 1 0.0344828 1 
0.275862 1 0.0344828 1 
0.310345 1 0.0344828 1 
0.344828 1 0.0344828 1 
0.37931 1 0.0344828 1 
0.413793 1 0.0344828 1 
0.448276 1 0.0344828 1 
0.482759 1 0.0344828 1 
0.517241 1 0.0344828 1 
0.551724 1 0.0344828 1 
0.586207 1 0.0344828 1 
0.62069 1 0.0344828 1 
0.655172 1 0.0344828 1 
0.689655 1 0.0344828 1 
0.724138 1 0.0344828 1 
0.758621 1 0.0344828 1 
0.793103 1 0.0344828 1 
0.827586 1 0.0344828 1 
0.862069 1 0.0344828 1 
0.896552 1 0.0344828 1 
0.931034 1 0.0344828 1 
0.965517 1 0.0344828 1 
1 1 0.0344828 1 
0 0 0.0689655 1 
0.0344828 0 0.0689655 1 
0.0689655 0 0.0689655 1 
0.103448 0 0.0689655 1 
0.137931 0 0.0689655 1 
0.172414 0 0.0689655 1 
0.206897 0 0.0689655 1 
0.241379 0 0.0689655 1 
0.275862 0 0.0689655 1 
0.310345 0 0.0689655 1 
0.344828 0 0.0689655 1 
0.37931 0 0.0689655 1 
0.413793 0 0.0689655 1 
0.448276 0 0.0689655 1 
0.482759 0 0.0689655 1 
0.517241 0 0.0689655 1 
0.551724 0 0.0689655 1 
0.586207 0 0.0689655 1 
0.62069 0 0.0689655 1 
0.655172 0 0.0689655 1 
0.689655 0 0.0689655 1 
0.724138 0 0.0689655 1 
0.758621 0 0.0689655 1 
0.793103 0 0.0689655 1 
0.827586 0 0.0689655 1 
0.862069 0 0.0689655 1 
0.896552 0 0.0689655 1 
0.931034 0 0.0689655 1 
0.965517 0 0.0689655 1 
1 0 0.0689655 1 
0 0.0344828 0.0689655 1 
0.0344828 0.0344828 0.0689655 1 
0.0689655 0.0344828 0.0689655 1 
0.103448 0.0344828 0.0689655 1 
0.137931 0.0344828 0.0689655 1 
0.172414 0.0344828 0.0689655 1 
0.206897 0.0344828 0.0689655 1 
0.241379 0.0344828 0.0689655 1 
0.275862 0.0344828 0.0689655 1 
0.310345 0.0344828 0.0689655 1 
0.344828 0.0344828 0.0689655 1 
0.37931 0.0344828 0.0689655 1 
0.413793 0.0344828 0.0689655 1 
0.448276 0.0344828 0.0689655 1 
0.482759 0.0344828 0.0689655 1 
0.517241 0.0344828 0.0689655 1 
0.551724 0.0344828 0.0689655 1 
0.586207 0.0344828 0.0689655 1 
0.62069 0.0344828 0.0689655 1 
0.655172 0.0344828 0.0689655 1 
0.689655 0.0344828 0.0689655 1 
0.724138 0.0344828 0.0689655 1 
0.758621 0.0344828 0.0689655 1 
0.793103 0.0344828 0.0689655 1 
0.827586 0.0344828 0.0689655 1 
0.862069 0.0344828 0.0689655 1 
0.896552 0.0344828 0.0689655 1 
0.931034 0.0344828 0.0689655 1 
0.965517 0.0344828 0.0689655 1 
1 0.0344828 0.0689655 1 
0 0.0689655 0.0689655 1 
0.0344828 0.0689655 0.0689655 1 
0.0689655 0.0689655 0.0689655 1 
0.103448 0.0689655 0.0689655 1 
0.137931 0.0689655 0.0689655 1 
0.172414 0.0689655 0.0689655 1 
0.206897 0.0689655 0.0689655 1 
0.241379 0.0689655 0.0689655 1 
0.275862 0.0689655 0.0689655 1 
0.310345 0.0689655 0.0689655 1 
0.344828 0.0689655 0.0689655 1 
0.37931 0.0689655 0.0689655 1 
0.413793 0.0689655 0.0689655 1 
0.448276 0.0689655 0.0689655 1 
0.482759 0.0689655 0.0689655 1 
0.517241 0.0689655 0.0689655 1 
0.551724 0.0689655 0.0689655 1 
0.586207 0.0689655 0.0689655 1 
0.62069 0.0689655 0.0689655 1 
0.655172 0.0689655 0.0689655 1 
0.689655 0.0689655 0.0689655 1 
0.724138 0.0689655 0.0689655 1 
0.758621 0.0689655 0.0689655 1 
0.793103 0.0689655 0.0689655 1 
0.827586 0.0689655 0.0689655 1 
0.862069 0.0689655 0.0689655 1 
0.896552 0.0689655 0.0689655 1 
0.931034 0.0689655 0.0689655 1 
0.965517 0.0689655 0.0689655 1 
1 0.0689655 0.0689655 1 
0 0.103448 0.0689655 1 
0.0344828 0.103448 0.0689655 1 
0.0689655 0.103448 0.0689655 1 
0.103448 0.103448 0.0689655 1 
0.137931 0.103448 0.0689655 1 
0.172414 0.103448 0.0689655 1 
0.206897 0.103448 0.0689655 1 
0.241379 0.103448 0.0689655 1 
0.275862 0.103448 0.0689655 1 
0.310345 0.103448 0.0689655 1 
0.344828 0.103448 0.0689655 1 
0.37931 0.103448 0.0689655 1 
0.413793 0.103448 0.0689655 1 
0.448276 0.103448 0.0689655 1 
0.482759 0.103448 0.0689655 1 
0.517241 0.103448 0.0689655 1 
0.551724 0.103448 0.0689655 1 
0.586207 0.103448 0.0689655 1 
0.62069 0.103448 0.0689655 1 
0.655172 0.103448 0.0689655 1 
0.689655 0.103448 0.0689655 1 
0.724138 0.103448 0.0689655 1 
0.758621 0.103448 0.0689655 1 
0.793103 0.103448 0.0689655 1 
0.827586 0.103448 0.0689655 1 
0.862069 0.103448 0.0689655 1 
0.896552 0.103448 0.0689655 1 
0.931034 0.103448 0.0689655 1 
0.965517 0.103448 0.0689655 1 
1 0.103448 0.0689655 1 
0 0.137931 0.0689655 1 
0.0344828 0.137931 0.0689655 1 
0.0689655 0.137931 0.0689655 1 
0.103448 0.137931 0.0689655 1 
0.137931 0.137931 0.0689655 1 
0.172414 0.137931 0.0689655 1 
0.206897 0.137931 0.0689655 1 
0.241379 0.137931 0.0689655 1 
0.275862 0.137931 0.0689655 1 
0.310345 0.137931 0.0689655 1 
0.344828 0.137931 0.0689655 1 
0.37931 0.137931 0.0689655 1 
0.413793 0.137931 0.0689655 1 
0.448276 0.137931 0.0689655 1 
0.482759 0.137931 0.0689655 1 
0.517241 0.137931 0.0689655 1 
0.551724 0.137931 0.0689655 1 
0.586207 0.137931 0.0689655 1 
0.62069 0.137931 0.0689655 1 
0.655172 0.137931 0.0689655 1 
0.689655 0.137931 0.0689655 1 
0.724138 0.137931 0.0689655 1 
0.758621 0.137931 0.0689655 1 
0.793103 0.137931 0.0689655 1 
0.827586 0.137931 0.0689655 1 
0.862069 0.137931 0.0689655 1 
0.896552 0.137931 0.0689655 1 
0.931034 0.137931 0.0689655 1 
0.965517 0.137931 0.0689655 1 
1 0.137931 0.0689655 1 
0 0.172414 0.0689655 1 
0.0344828 0.172414 0.0689655 1 
0.0689655 0.172414 0.0689655 1 
0.103448 0.172414 0.0689655 1 
0.137931 0.172414 0.0689655 1 
0.172414 0.172414 0.0689655 1 
0.206897 0.172414 0.0689655 1 
0.241379 0.172414 0.0689655 1 
0.275862 0.172414 0.0689655 1 
0.310345 0.172414 0.0689655 1 
0.344828 0.172414 0.0689655 1 
0.37931 0.172414 0.0689655 1 
0.413793 0.172414 0.0689655 1 
0.448276 0.172414 0.0689655 1 
0.482759 0.172414 0.0689655 1 
0.517241 0.172414 0.0689655 1 
0.551724 0.172414 0.0689655 1 
0.586207 0.172414 0.0689655 1 
0.62069 0.172414 0.0689655 1 
0.655172 0.172414 0.0689655 1 
0.689655 0.172414 0.0689655 1 
0.724138 0.172414 0.0689655 1 
0.758621 0.172414 0.0689655 1 
0.793103 0.172414 0.0689655 1 
0.827586 0.172414 0.0689655 1 
0.862069 0.172414 0.0689655 1 
0.896552 0.172414 0.0689655 1 
0.931034 0.172414 0.0689655 1 
0.965517 0.172414 0.0689655 1 
1 0.172414 0.0689655 1 
0 0.206897 0.0689655 1 
0.0344828 0.206897 0.0689655 1 
0.0689655 0.206897 0.0689655 1 
0.103448 0.206897 0.0689655 1 
0.137931 0.206897 0.0689655 1 
0.172414 0.206897 0.0689655 1 
0.206897 0.206897 0.0689655 1 
0.241379 0.206897 0.0689655 1 
0.275862 0.206897 0.0689655 1 
0.310345 0.206897 0.0689655 1 
0.344828 0.206897 0.0689655 1 
0.37931 0.206897 0.0689655 1 
0.413793 0.206897 0.0689655 1 
0.448276 0.206897 0.0689655 1 
0.482759 0.206897 0.0689655 1 
0.517241 0.206897 0.0689655 1 
0.551724 0.206897 0.0689655 1 
0.586207 0.206897 0.0689655 1 
0.62069 0.206897 0.0689655 1 
0.655172 0.206897 0.0689655 1 
0.689655 0.206897 0.0689655 1 
0.724138 0.206897 0.0689655 1 
0.758621 0.206897 0.0689655 1 
0.793103 0.206897 0.0689655 1 
0.827586 0.206897 0.0689655 1 
0.862069 0.206897 0.0689655 1 
0.896552 0.206897 0.0689655 1 
0.931034 0.206897 0.0689655 1 
0.965517 0.206897 0.0689655 1 
1 0.206897 0.0689655 1 
0 0.241379 0.0689655 1 
0.0344828 0.241379 0.0689655 1 
0.0689655 0.241379 0.0689655 1 
0.103448 0.241379 0.0689655 1 
0.137931 0.241379 0.0689655 1 
0.172414 0.241379 0.0689655 1 
0.206897 0.241379 0.0689655 1 
0.241379 0.241379 0.0689655 1 
0.275862 0.241379 0.0689655 1 
0.310345 0.241379 0.0689655 1 
0.344828 0.241379 0.0689655 1 
0.37931 0.241379 0.0689655 1 
0.413793 0.241379 0.0689655 1 
0.448276 0.241379 0.0689655 1 
0.482759 0.241379 0.0689655 1 
0.517241 0.241379 0.0689655 1 
0.551724 0.241379 0.0689655 1 
0.586207 0.241379 0.0689655 1 
0.62069 0.241379 0.0689655 1 
0.655172 0.241379 0.0689655 1 
0.689655 0.241379 0.0689655 1 
0.724138 0.241379 0.0689655 1 
0.758621 0.241379 0.0689655 1 
0.793103 0.241379 0.0689655 1 
0.827586 0.241379 0.0689655 1 
0.862069 0.241379 0.0689655 1 
0.896552 0.241379 0.0689655 1 
0.931034 0.241379 0.0689655 1 
0.965517 0.241379 0.0689655 1 
1 0.241379 0.0689655 1 
0 0.275862 0.0689655 1 
0.0344828 0.275862 0.0689655 1 
0.0689655 0.275862 0.0689655 1 
0.103448 0.275862 0.0689655 1 
0.137931 0.275862 0.0689655 1 
0.172414 0.275862 0.0689655 1 
0.206897 0.275862 0.0689655 1 
0.241379 0.275862 0.0689655 1 
0.275862 0.275862 0.0689655 1 
0.310345 0.275862 0.0689655 1 
0.344828 0.275862 0.0689655 1 
0.37931 0.275862 0.0689655 1 
0.413793 0.275862 0.0689655 1 
0.448276 0.275862 0.0689655 1 
0.482759 0.275862 0.0689655 1 
0.517241 0.275862 0.0689655 1 
0.551724 0.275862 0.0689655 1 
0.586207 0.275862 0.0689655 1 
0.62069 0.275862 0.0689655 1 
0.655172 0.275862 0.0689655 1 
0.689655 0.275862 0.0689655 1 
0.724138 0.275862 0.0689655 1 
0.758621 0.275862 0.0689655 1 
0.793103 0.275862 0.0689655 1 
0.827586 0.275862 0.0689655 1 
0.862069 0.275862 0.0689655 1 
0.896552 0.275862 0.0689655 1 
0.931034 0.275862 0.0689655 1 
0.965517 0.275862 0.0689655 1 
1 0.275862 0.0689655 1 
0 0.310345 0.0689655 1 
0.0344828 0.310345 0.0689655 1 
0.0689655 0.310345 0.0689655 1 
0.103448 0.310345 0.0689655 1 
0.137931 0.310345 0.0689655 1 
0.172414 0.310345 0.0689655 1 
0.206897 0.310345 0.0689655 1 
0.241379 0.310345 0.0689655 1 
0.275862 0.310345 0.0689655 1 
0.310345 0.310345 0.0689655 1 
0.344828 0.310345 0.0689655 1 
0.37931 0.310345 0.0689655 1 
0.413793 0.310345 0.0689655 1 
0.448276 0.310345 0.0689655 1 
0.482759 0.310345 0.0689655 1 
0.517241 0.310345 0.0689655 1 
0.551724 0.310345 0.0689655 1 
0.586207 0.310345 0.0689655 1 
0.62069 0.310345 0.0689655 1 
0.655172 0.310345 0.0689655 1 
0.689655 0.310345 0.0689655 1 
0.724138 0.310345 0.0689655 1 
0.758621 0.310345 0.0689655 1 
0.793103 0.310345 0.0689655 1 
0.827586 0.310345 0.0689655 1 
0.862069 0.310345 0.0689655 1 
0.896552 0.310345 0.0689655 1 
0.931034 0.310345 0.0689655 1 
0.965517 0.310345 0.0689655 1 
1 0.310345 0.0689655 1 
0 0.344828 0.0689655 1 
0.0344828 0.344828 0.0689655 1 
0.0689655 0.344828 0.0689655 1 
0.103448 0.344828 0.0689655 1 
0.137931 0.344828 0.0689655 1 
0.172414 0.344828 0.0689655 1 
0.206897 0.344828 0.0689655 1 
0.241379 0.344828 0.0689655 1 
0.275862 0.344828 0.0689655 1 
0.310345 0.344828 0.0689655 1 
0.344828 0.344828 0.0689655 1 
0.37931 0.344828 0.0689655 1 
0.413793 0.344828 0.0689655 1 
0.448276 0.344828 0.0689655 1 
0.482759 0.344828 0.0689655 1 
0.517241 0.344828 0.0689655 1 
0.551724 0.344828 0.0689655 1 
0.586207 0.344828 0.0689655 1 
0.62069 0.344828 0.0689655 1 
0.655172 0.344828 0.0689655 1 
0.689655 0.344828 0.0689655 1 
0.724138 0.344828 0.0689655 1 
0.758621 0.344828 0.0689655 1 
0.793103 0.344828 0.0689655 1 
0.827586 0.344828 0.0689655 1 
0.862069 0.344828 0.0689655 1 
0.896552 0.344828 0.0689655 1 
0.931034 0.344828 0.0689655 1 
0.965517 0.344828 0.0689655 1 
1 0.344828 0.0689655 1 
0 0.37931 0.0689655 1 
0.0344828 0.37931 0.0689655 1 
0.0689655 0.37931 0.0689655 1 
0.103448 0.37931 0.0689655 1 
0.137931 0.37931 0.0689655 1 
0.172414 0.37931 0.0689655 1 
0.206897 0.37931 0.0689655 1 
0.241379 0.37931 0.0689655 1 
0.275862 0.37931 0.0689655 1 
0.310345 0.37931 0.0689655 1 
0.344828 0.37931 0.0689655 1 
0.37931 0.37931 0.0689655 1 
0.413793 0.37931 0.0689655 1 
0.448276 0.37931 0.0689655 1 
0.482759 0.37931 0.0689655 1 
0.517241 0.37931 0.0689655 1 
0.551724 0.37931 0.0689655 1 
0.586207 0.37931 0.0689655 1 
0.62069 0.37931 0.0689655 1 
0.655172 0.37931 0.0689655 1 
0.689655 0.37931 0.0689655 1 
0.724138 0.37931 0.0689655 1 
0.758621 0.37931 0.0689655 1 
0.793103 0.37931 0.0689655 1 
0.827586 0.37931 0.0689655 1 
0.862069 0.37931 0.0689655 1 
0.896552 0.37931 0.0689655 1 
0.931034 0.37931 0.0689655 1 
0.965517 0.37931 0.0689655 1 
1 0.37931 0.0689655 1 
0 0.413793 0.0689655 1 
0.0344828 0.413793 0.0689655 1 
0.0689655 0.413793 0.0689655 1 
0.103448 0.413793 0.0689655 1 
0.137931 0.413793 0.0689655 1 
0.172414 0.413793 0.0689655 1 
0.206897 0.413793 0.0689655 1 
0.241379 0.413793 0.0689655 1 
0.275862 0.413793 0.0689655 1 
0.310345 0.413793 0.0689655 1 
0.344828 0.413793 0.0689655 1 
0.37931 0.413793 0.0689655 1 
0.413793 0.413793 0.0689655 1 
0.448276 0.413793 0.0689655 1 
0.482759 0.413793 0.0689655 1 
0.517241 0.413793 0.0689655 1 
0.551724 0.413793 0.0689655 1 
0.586207 0.413793 0.0689655 1 
0.62069 0.413793 0.0689655 1 
0.655172 0.413793 0.0689655 1 
0.689655 0.413793 0.0689655 1 
0.724138 0.413793 0.0689655 1 
0.758621 0.413793 0.0689655 1 
0.793103 0.413793 0.0689655 1 
0.827586 0.413793 0.0689655 1 
0.862069 0.413793 0.0689655 1 
0.896552 0.413793 0.0689655 1 
0.931034 0.413793 0.0689655 1 
0.965517 0.413793 0.0689655 1 
1 0.413793 0.0689655 1 
0 0.448276 0.0689655 1 
0.0344828 0.448276 0.0689655 1 
0.0689655 0.448276 0.0689655 1 
0.103448 0.448276 0.0689655 1 
0.137931 0.448276 0.0689655 1 
0.172414 0.448276 0.0689655 1 
0.206897 0.448276 0.0689655 1 
0.241379 0.448276 0.0689655 1 
0.275862 0.448276 0.0689655 1 
0.310345 0.448276 0.0689655 1 
0.344828 0.448276 0.0689655 1 
0.37931 0.448276 0.0689655 1 
0.413793 0.448276 0.0689655 1 
0.448276 0.448276 0.0689655 1 
0.482759 0.448276 0.0689655 1 
0.517241 0.448276 0.0689655 1 
0.551724 0.448276 0.0689655 1 
0.586207 0.448276 0.0689655 1 
0.62069 0.448276 0.0689655 1 
0.655172 0.448276 0.0689655 1 
0.689655 0.448276 0.0689655 1 
0.724138 0.448276 0.0689655 1 
0.758621 0.448276 0.0689655 1 
0.793103 0.448276 0.0689655 1 
0.827586 0.448276 0.0689655 1 
0.862069 0.448276 0.0689655 1 
0.896552 0.448276 0.0689655 1 
0.931034 0.448276 0.0689655 1 
0.965517 0.448276 0.0689655 1 
1 0.448276 0.0689655 1 
0 0.482759 0.0689655 1 
0.0344828 0.482759 0.0689655 1 
0.0689655 0.482759 0.0689655 1 
0.103448 0.482759 0.0689655 1 
0.137931 0.482759 0.0689655 1 
0.172414 0.482759 0.0689655 1 
0.206897 0.482759 0.0689655 1 
0.241379 0.482759 0.0689655 1 
0.275862 0.482759 0.0689655 1 
0.310345 0.482759 0.0689655 1 
0.344828 0.482759 0.0689655 1 
0.37931 0.482759 0.0689655 1 
0.413793 0.482759 0.0689655 1 
0.448276 0.482759 0.0689655 1 
0.482759 0.482759 0.0689655 1 
0.517241 0.482759 0.0689655 1 
0.551724 0.482759 0.0689655 1 
0.586207 0.482759 0.0689655 1 
0.62069 0.482759 0.0689655 1 
0.655172 0.482759 0.0689655 1 
0.689655 0.482759 0.0689655 1 
0.724138 0.482759 0.0689655 1 
0.758621 0.482759 0.0689655 1 
0.793103 0.482759 0.0689655 1 
0.827586 0.482759 0.0689655 1 
0.862069 0.482759 0.0689655 1 
0.896552 0.482759 0.0689655 1 
0.931034 0.482759 0.0689655 1 
0.965517 0.482759 0.0689655 1 
1 0.482759 0.0689655 1 
0 0.517241 0.0689655 1 
0.0344828 0.517241 0.0689655 1 
0.0689655 0.517241 0.0689655 1 
0.103448 0.517241 0.0689655 1 
0.137931 0.517241 0.0689655 1 
0.172414 0.517241 0.0689655 1 
0.206897 0.517241 0.0689655 1 
0.241379 0.517241 0.0689655 1 
0.275862 0.517241 0.0689655 1 
0.310345 0.517241 0.0689655 1 
0.344828 0.517241 0.0689655 1 
0.37931 0.517241 0.0689655 1 
0.413793 0.517241 0.0689655 1 
0.448276 0.517241 0.0689655 1 
0.482759 0.517241 0.0689655 1 
0.517241 0.517241 0.0689655 1 
0.551724 0.517241 0.0689655 1 
0.586207 0.517241 0.0689655 1 
0.62069 0.517241 0.0689655 1 
0.655172 0.517241 0.0689655 1 
0.689655 0.517241 0.0689655 1 
0.724138 0.517241 0.0689655 1 
0.758621 0.517241 0.0689655 1 
0.793103 0.517241 0.0689655 1 
0.827586 0.517241 0.0689655 1 
0.862069 0.517241 0.0689655 1 
0.896552 0.517241 0.0689655 1 
0.931034 0.517241 0.0689655 1 
0.965517 0.517241 0.0689655 1 
1 0.517241 0.0689655 1 
0 0.551724 0.0689655 1 
0.0344828 0.551724 0.0689655 1 
0.0689655 0.551724 0.0689655 1 
0.103448 0.551724 0.0689655 1 
0.137931 0.551724 0.0689655 1 
0.172414 0.551724 0.0689655 1 
0.206897 0.551724 0.0689655 1 
0.241379 0.551724 0.0689655 1 
0.275862 0.551724 0.0689655 1 
0.310345 0.551724 0.0689655 1 
0.344828 0.551724 0.0689655 1 
0.37931 0.551724 0.0689655 1 
0.413793 0.551724 0.0689655 1 
0.448276 0.551724 0.0689655 1 
0.482759 0.551724 0.0689655 1 
0.517241 0.551724 0.0689655 1 
0.551724 0.551724 0.0689655 1 
0.586207 0.551724 0.0689655 1 
0.62069 0.551724 0.0689655 1 
0.655172 0.551724 0.0689655 1 
0.689655 0.551724 0.0689655 1 
0.724138 0.551724 0.0689655 1 
0.758621 0.551724 0.0689655 1 
0.793103 0.551724 0.0689655 1 
0.827586 0.551724 0.0689655 1 
0.862069 0.551724 0.0689655 1 
0.896552 0.551724 0.0689655 1 
0.931034 0.551724 0.0689655 1 
0.965517 0.551724 0.0689655 1 
1 0.551724 0.0689655 1 
0 0.586207 0.0689655 1 
0.0344828 0.586207 0.0689655 1 
0.0689655 0.586207 0.0689655 1 
0.103448 0.586207 0.0689655 1 
0.137931 0.586207 0.0689655 1 
0.172414 0.586207 0.0689655 1 
0.206897 0.586207 0.0689655 1 
0.241379 0.586207 0.0689655 1 
0.275862 0.586207 0.0689655 1 
0.310345 0.586207 0.0689655 1 
0.344828 0.586207 0.0689655 1 
0.37931 0.586207 0.0689655 1 
0.413793 0.586207 0.0689655 1 
0.448276 0.586207 0.0689655 1 
0.482759 0.586207 0.0689655 1 
0.517241 0.586207 0.0689655 1 
0.551724 0.586207 0.0689655 1 
0.586207 0.586207 0.0689655 1 
0.62069 0.586207 0.0689655 1 
0.655172 0.586207 0.0689655 1 
0.689655 0.586207 0.0689655 1 
0.724138 0.586207 0.0689655 1 
0.758621 0.586207 0.0689655 1 
0.793103 0.586207 0.0689655 1 
0.827586 0.586207 0.0689655 1 
0.862069 0.586207 0.0689655 1 
0.896552 0.586207 0.0689655 1 
0.931034 0.586207 0.0689655 1 
0.965517 0.586207 0.0689655 1 
1 0.586207 0.0689655 1 
0 0.62069 0.0689655 1 
0.0344828 0.62069 0.0689655 1 
0.0689655 0.62069 0.0689655 1 
0.103448 0.62069 0.0689655 1 
0.137931 0.62069 0.0689655 1 
0.172414 0.62069 0.0689655 1 
0.206897 0.62069 0.0689655 1 
0.241379 0.62069 0.0689655 1 
0.275862 0.62069 0.0689655 1 
0.310345 0.62069 0.0689655 1 
0.344828 0.62069 0.0689655 1 
0.37931 0.62069 0.0689655 1 
0.413793 0.62069 0.0689655 1 
0.448276 0.62069 0.0689655 1 
0.482759 0.62069 0.0689655 1 
0.517241 0.62069 0.0689655 1 
0.551724 0.62069 0.0689655 1 
0.586207 0.62069 0.0689655 1 
0.62069 0.62069 0.0689655 1 
0.655172 0.62069 0.0689655 1 
0.689655 0.62069 0.0689655 1 
0.724138 0.62069 0.0689655 1 
0.758621 0.62069 0.0689655 1 
0.793103 0.62069 0.0689655 1 
0.827586 0.62069 0.0689655 1 
0.862069 0.62069 0.0689655 1 
0.896552 0.62069 0.0689655 1 
0.931034 0.62069 0.0689655 1 
0.965517 0.62069 0.0689655 1 
1 0.62069 0.0689655 1 
0 0.655172 0.0689655 1 
0.0344828 0.655172 0.0689655 1 
0.0689655 0.655172 0.0689655 1 
0.103448 0.655172 0.0689655 1 
0.137931 0.655172 0.0689655 1 
0.172414 0.655172 0.0689655 1 
0.206897 0.655172 0.0689655 1 
0.241379 0.655172 0.0689655 1 
0.275862 0.655172 0.0689655 1 
0.310345 0.655172 0.0689655 1 
0.344828 0.655172 0.0689655 1 
0.37931 0.655172 0.0689655 1 
0.413793 0.655172 0.0689655 1 
0.448276 0.655172 0.0689655 1 
0.482759 0.655172 0.0689655 1 
0.517241 0.655172 0.0689655 1 
0.551724 0.655172 0.0689655 1 
0.586207 0.655172 0.0689655 1 
0.62069 0.655172 0.0689655 1 
0.655172 0.655172 0.0689655 1 
0.689655 0.655172 0.0689655 1 
0.724138 0.655172 0.0689655 1 
0.758621 0.655172 0.0689655 1 
0.793103 0.655172 0.0689655 1 
0.827586 0.655172 0.0689655 1 
0.862069 0.655172 0.0689655 1 
0.896552 0.655172 0.0689655 1 
0.931034 0.655172 0.0689655 1 
0.965517 0.655172 0.0689655 1 
1 0.655172 0.0689655 1 
0 0.689655 0.0689655 1 
0.0344828 0.689655 0.0689655 1 
0.0689655 0.689655 0.0689655 1 
0.103448 0.689655 0.0689655 1 
0.137931 0.689655 0.0689655 1 
0.172414 0.689655 0.0689655 1 
0.206897 0.689655 0.0689655 1 
0.241379 0.689655 0.0689655 1 
0.275862 0.689655 0.0689655 1 
0.310345 0.689655 0.0689655 1 
0.344828 0.689655 0.0689655 1 
0.37931 0.689655 0.0689655 1 
0.413793 0.689655 0.0689655 1 
0.448276 0.689655 0.0689655 1 
0.482759 0.689655 0.0689655 1 
0.517241 0.689655 0.0689655 1 
0.551724 0.689655 0.0689655 1 
0.586207 0.689655 0.0689655 1 
0.62069 0.689655 0.0689655 1 
0.655172 0.689655 0.0689655 1 
0.689655 0.689655 0.0689655 1 
0.724138 0.689655 0.0689655 1 
0.758621 0.689655 0.0689655 1 
0.793103 0.689655 0.0689655 1 
0.827586 0.689655 0.0689655 1 
0.862069 0.689655 0.0689655 1 
0.896552 0.689655 0.0689655 1 
0.931034 0.689655 0.0689655 1 
0.965517 0.689655 0.0689655 1 
1 0.689655 0.0689655 1 
0 0.724138 0.0689655 1 
0.0344828 0.724138 0.0689655 1 
0.0689655 0.724138 0.0689655 1 
0.103448 0.724138 0.0689655 1 
0.137931 0.724138 0.0689655 1 
0.172414 0.724138 0.0689655 1 
0.206897 0.724138 0.0689655 1 
0.241379 0.724138 0.0689655 1 
0.275862 0.724138 0.0689655 1 
0.310345 0.724138 0.0689655 1 
0.344828 0.724138 0.0689655 1 
0.37931 0.724138 0.0689655 1 
0.413793 0.724138 0.0689655 1 
0.448276 0.724138 0.0689655 1 
0.482759 0.724138 0.0689655 1 
0.517241 0.724138 0.0689655 1 
0.551724 0.724138 0.0689655 1 
0.586207 0.724138 0.0689655 1 
0.62069 0.724138 0.0689655 1 
0.655172 0.724138 0.0689655 1 
0.689655 0.724138 0.0689655 1 
0.724138 0.724138 0.0689655 1 
0.758621 0.724138 0.0689655 1 
0.793103 0.724138 0.0689655 1 
0.827586 0.724138 0.0689655 1 
0.862069 0.724138 0.0689655 1 
0.896552 0.724138 0.0689655 1 
0.931034 0.724138 0.0689655 1 
0.965517 0.724138 0.0689655 1 
1 0.724138 0.0689655 1 
0 0.758621 0.0689655 1 
0.0344828 0.758621 0.0689655 1 
0.0689655 0.758621 0.0689655 1 
0.103448 0.758621 0.0689655 1 
0.137931 0.758621 0.0689655 1 
0.172414 0.758621 0.0689655 1 
0.206897 0.758621 0.0689655 1 
0.241379 0.758621 0.0689655 1 
0.275862 0.758621 0.0689655 1 
0.310345 0.758621 0.0689655 1 
0.344828 0.758621 0.0689655 1 
0.37931 0.758621 0.0689655 1 
0.413793 0.758621 0.0689655 1 
0.448276 0.758621 0.0689655 1 
0.482759 0.758621 0.0689655 1 
0.517241 0.758621 0.0689655 1 
0.551724 0.758621 0.0689655 1 
0.586207 0.758621 0.0689655 1 
0.62069 0.758621 0.0689655 1 
0.655172 0.758621 0.0689655 1 
0.689655 0.758621 0.0689655 1 
0.724138 0.758621 0.0689655 1 
0.758621 0.758621 0.0689655 1 
0.793103 0.758621 0.0689655 1 
0.827586 0.758621 0.0689655 1 
0.862069 0.758621 0.0689655 1 
0.896552 0.758621 0.0689655 1 
0.931034 0.758621 0.0689655 1 
0.965517 0.758621 0.0689655 1 
1 0.758621 0.0689655 1 
0 0.793103 0.0689655 1 
0.0344828 0.793103 0.0689655 1 
0.0689655 0.793103 0.0689655 1 
0.103448 0.793103 0.0689655 1 
0.137931 0.793103 0.0689655 1 
0.172414 0.793103 0.0689655 1 
0.206897 0.793103 0.0689655 1 
0.241379 0.793103 0.0689655 1 
0.275862 0.793103 0.0689655 1 
0.310345 0.793103 0.0689655 1 
0.344828 0.793103 0.0689655 1 
0.37931 0.793103 0.0689655 1 
0.413793 0.793103 0.0689655 1 
0.448276 0.793103 0.0689655 1 
0.482759 0.793103 0.0689655 1 
0.517241 0.793103 0.0689655 1 
0.551724 0.793103 0.0689655 1 
0.586207 0.793103 0.0689655 1 
0.62069 0.793103 0.0689655 1 
0.655172 0.793103 0.0689655 1 
0.689655 0.793103 0.0689655 1 
0.724138 0.793103 0.0689655 1 
0.758621 0.793103 0.0689655 1 
0.793103 0.793103 0.0689655 1 
0.827586 0.793103 0.0689655 1 
0.862069 0.793103 0.0689655 1 
0.896552 0.793103 0.0689655 1 
0.931034 0.793103 0.0689655 1 
0.965517 0.793103 0.0689655 1 
1 0.793103 0.0689655 1 
0 0.827586 0.0689655 1 
0.0344828 0.827586 0.0689655 1 
0.0689655 0.827586 0.0689655 1 
0.103448 0.827586 0.0689655 1 
0.137931 0.827586 0.0689655 1 
0.172414 0.827586 0.0689655 1 
0.206897 0.827586 0.0689655 1 
0.241379 0.827586 0.0689655 1 
0.275862 0.827586 0.0689655 1 
0.310345 0.827586 0.0689655 1 
0.344828 0.827586 0.0689655 1 
0.37931 0.827586 0.0689655 1 
0.413793 0.827586 0.0689655 1 
0.448276 0.827586 0.0689655 1 
0.482759 0.827586 0.0689655 1 
0.517241 0.827586 0.0689655 1 
0.551724 0.827586 0.0689655 1 
0.586207 0.827586 0.0689655 1 
0.62069 0.827586 0.0689655 1 
0.655172 0.827586 0.0689655 1 
0.689655 0.827586 0.0689655 1 
0.724138 0.827586 0.0689655 1 
0.758621 0.827586 0.0689655 1 
0.793103 0.827586 0.0689655 1 
0.827586 0.827586 0.0689655 1 
0.862069 0.827586 0.0689655 1 
0.896552 0.827586 0.0689655 1 
0.931034 0.827586 0.0689655 1 
0.965517 0.827586 0.0689655 1 
1 0.827586 0.0689655 1 
0 0.862069 0.0689655 1 
0.0344828 0.862069 0.0689655 1 
0.0689655 0.862069 0.0689655 1 
0.103448 0.862069 0.0689655 1 
0.137931 0.862069 0.0689655 1 
0.172414 0.862069 0.0689655 1 
0.206897 0.862069 0.0689655 1 
0.241379 0.862069 0.0689655 1 
0.275862 0.862069 0.0689655 1 
0.310345 0.862069 0.0689655 1 
0.344828 0.862069 0.0689655 1 
0.37931 0.862069 0.0689655 1 
0.413793 0.862069 0.0689655 1 
0.448276 0.862069 0.0689655 1 
0.482759 0.862069 0.0689655 1 
0.517241 0.862069 0.0689655 1 
0.551724 0.862069 0.0689655 1 
0.586207 0.862069 0.0689655 1 
0.62069 0.862069 0.0689655 1 
0.655172 0.862069 0.0689655 1 
0.689655 0.862069 0.0689655 1 
0.724138 0.862069 0.0689655 1 
0.758621 0.862069 0.0689655 1 
0.793103 0.862069 0.0689655 1 
0.827586 0.862069 0.0689655 1 
0.862069 0.862069 0.0689655 1 
0.896552 0.862069 0.0689655 1 
0.931034 0.862069 0.0689655 1 
0.965517 0.862069 0.0689655 1 
1 0.862069 0.0689655 1 
0 0.896552 0.0689655 1 
0.0344828 0.896552 0.0689655 1 
0.0689655 0.896552 0.0689655 1 
0.103448 0.896552 0.0689655 1 
0.137931 0.896552 0.0689655 1 
0.172414 0.896552 0.0689655 1 
0.206897 0.896552 0.0689655 1 
0.241379 0.896552 0.0689655 1 
0.275862 0.896552 0.0689655 1 
0.310345 0.896552 0.0689655 1 
0.344828 0.896552 0.0689655 1 
0.37931 0.896552 0.0689655 1 
0.413793 0.896552 0.0689655 1 
0.448276 0.896552 0.0689655 1 
0.482759 0.896552 0.0689655 1 
0.517241 0.896552 0.0689655 1 
0.551724 0.896552 0.0689655 1 
0.586207 0.896552 0.0689655 1 
0.62069 0.896552 0.0689655 1 
0.655172 0.896552 0.0689655 1 
0.689655 0.896552 0.0689655 1 
0.724138 0.896552 0.0689655 1 
0.758621 0.896552 0.0689655 1 
0.793103 0.896552 0.0689655 1 
0.827586 0.896552 0.0689655 1 
0.862069 0.896552 0.0689655 1 
0.896552 0.896552 0.0689655 1 
0.931034 0.896552 0.0689655 1 
0.965517 0.896552 0.0689655 1 
1 0.896552 0.0689655 1 
0 0.931034 0.0689655 1 
0.0344828 0.931034 0.0689655 1 
0.0689655 0.931034 0.0689655 1 
0.103448 0.931034 0.0689655 1 
0.137931 0.931034 0.0689655 1 
0.172414 0.931034 0.0689655 1 
0.206897 0.931034 0.0689655 1 
0.241379 0.931034 0.0689655 1 
0.275862 0.931034 0.0689655 1 
0.310345 0.931034 0.0689655 1 
0.344828 0.931034 0.0689655 1 
0.37931 0.931034 0.0689655 1 
0.413793 0.931034 0.0689655 1 
0.448276 0.931034 0.0689655 1 
0.482759 0.931034 0.0689655 1 
0.517241 0.931034 0.0689655 1 
0.551724 0.931034 0.0689655 1 
0.586207 0.931034 0.0689655 1 
0.62069 0.931034 0.0689655 1 
0.655172 0.931034 0.0689655 1 
0.689655 0.931034 0.0689655 1 
0.724138 0.931034 0.0689655 1 
0.758621 0.931034 0.0689655 1 
0.793103 0.931034 0.0689655 1 
0.827586 0.931034 0.0689655 1 
0.862069 0.931034 0.0689655 1 
0.896552 0.931034 0.0689655 1 
0.931034 0.931034 0.0689655 1 
0.965517 0.931034 0.0689655 1 
1 0.931034 0.0689655 1 
0 0.965517 0.0689655 1 
0.0344828 0.965517 0.0689655 1 
0.0689655 0.965517 0.0689655 1 
0.103448 0.965517 0.0689655 1 
0.137931 0.965517 0.0689655 1 
0.172414 0.965517 0.0689655 1 
0.206897 0.965517 0.0689655 1 
0.241379 0.965517 0.0689655 1 
0.275862 0.965517 0.0689655 1 
0.310345 0.965517 0.0689655 1 
0.344828 0.965517 0.0689655 1 
0.37931 0.965517 0.0689655 1 
0.413793 0.965517 0.0689655 1 
0.448276 0.965517 0.0689655 1 
0.482759 0.965517 0.0689655 1 
0.517241 0.965517 0.0689655 1 
0.551724 0.965517 0.0689655 1 
0.586207 0.965517 0.0689655 1 
0.62069 0.965517 0.0689655 1 
0.655172 0.965517 0.0689655 1 
0.689655 0.965517 0.0689655 1 
0.724138 0.965517 0.0689655 1 
0.758621 0.965517 0.0689655 1 
0.793103 0.965517 0.0689655 1 
0.827586 0.965517 0.0689655 1 
0.862069 0.965517 0.0689655 1 
0.896552 0.965517 0.0689655 1 
0.931034 0.965517 0.0689655 1 
0.965517 0.965517 0.0689655 1 
1 0.965517 0.0689655 1 
0 1 0.0689655 1 
0.0344828 1 0.0689655 1 
0.0689655 1 0.0689655 1 
0.103448 1 0.0689655 1 
0.137931 1 0.0689655 1 
0.172414 1 0.0689655 1 
0.206897 1 0.0689655 1 
0.241379 1 0.0689655 1 
0.275862 1 0.0689655 1 
0.310345 1 0.0689655 1 
0.344828 1 0.0689655 1 
0.37931 1 0.0689655 1 
0.413793 1 0.0689655 1 
0.448276 1 0.0689655 1 
0.482759 1 0.0689655 1 
0.517241 1 0.0689655 1 
0.551724 1 0.0689655 1 
0.586207 1 0.0689655 1 
0.62069 1 0.0689655 1 
0.655172 1 0.0689655 1 
0.689655 1 0.0689655 1 
0.724138 1 0.0689655 1 
0.758621 1 0.0689655 1 
0.793103 1 0.0689655 1 
0.827586 1 0.0689655 1 
0.862069 1 0.0689655 1 
0.896552 1 0.0689655 1 
0.931034 1 0.0689655 1 
0.965517 1 0.0689655 1 
1 1 0.0689655 1 
0 0 0.103448 1 
0.0344828 0 0.103448 1 
0.0689655 0 0.103448 1 
0.103448 0 0.103448 1 
0.137931 0 0.103448 1 
0.172414 0 0.103448 1 
0.206897 0 0.103448 1 
0.241379 0 0.103448 1 
0.275862 0 0.103448 1 
0.310345 0 0.103448 1 
0.344828 0 0.103448 1 
0.37931 0 0.103448 1 
0.413793 0 0.103448 1 
0.448276 0 0.103448 1 
0.482759 0 0.103448 1 
0.517241 0 0.103448 1 
0.551724 0 0.103448 1 
0.586207 0 0.103448 1 
0.62069 0 0.103448 1 
0.655172 0 0.103448 1 
0.689655 0 0.103448 1 
0.724138 0 0.103448 1 
0.758621 0 0.103448 1 
0.793103 0 0.103448 1 
0.827586 0 0.103448 1 
0.862069 0 0.103448 1 
0.896552 0 0.103448 1 
0.931034 0 0.103448 1 
0.965517 0 0.103448 1 
1 0 0.103448 1 
0 0.0344828 0.103448 1 
0.0344828 0.0344828 0.103448 1 
0.0689655 0.0344828 0.103448 1 
0.103448 0.0344828 0.103448 1 
0.137931 0.0344828 0.103448 1 
0.172414 0.0344828 0.103448 1 
0.206897 0.0344828 0.103448 1 
0.241379 0.0344828 0.103448 1 
0.275862 0.0344828 0.103448 1 
0.310345 0.0344828 0.103448 1 
0.344828 0.0344828 0.103448 1 
0.37931 0.0344828 0.103448 1 
0.413793 0.0344828 0.103448 1 
0.448276 0.0344828 0.103448 1 
0.482759 0.0344828 0.103448 1 
0.517241 0.0344828 0.103448 1 
0.551724 0.0344828 0.103448 1 
0.586207 0.0344828 0.103448 1 
0.62069 0.0344828 0.103448 1 
0.655172 0.0344828 0.103448 1 
0.689655 0.0344828 0.103448 1 
0.724138 0.0344828 0.103448 1 
0.758621 0.0344828 0.103448 1 
0.793103 0.0344828 0.103448 1 
0.827586 0.0344828 0.103448 1 
0.862069 0.0344828 0.103448 1 
0.896552 0.0344828 0.103448 1 
0.931034 0.0344828 0.103448 1 
0.965517 0.0344828 0.103448 1 
1 0.0344828 0.103448 1 
0 0.0689655 0.103448 1 
0.0344828 0.0689655 0.103448 1 
0.0689655 0.0689655 0.103448 1 
0.103448 0.0689655 0.103448 1 
0.137931 0.0689655 0.103448 1 
0.172414 0.0689655 0.103448 1 
0.206897 0.0689655 0.103448 1 
0.241379 0.0689655 0.103448 1 
0.275862 0.0689655 0.103448 1 
0.310345 0.0689655 0.103448 1 
0.344828 0.0689655 0.103448 1 
0.37931 0.0689655 0.103448 1 
0.413793 0.0689655 0.103448 1 
0.448276 0.0689655 0.103448 1 
0.482759 0.0689655 0.103448 1 
0.517241 0.0689655 0.103448 1 
0.551724 0.0689655 0.103448 1 
0.586207 0.0689655 0.103448 1 
0.62069 0.0689655 0.103448 1 
0.655172 0.0689655 0.103448 1 
0.689655 0.0689655 0.103448 1 
0.724138 0.0689655 0.103448 1 
0.758621 0.0689655 0.103448 1 
0.793103 0.0689655 0.103448 1 
0.827586 0.0689655 0.103448 1 
0.862069 0.0689655 0.103448 1 
0.896552 0.0689655 0.103448 1 
0.931034 0.0689655 0.103448 1 
0.965517 0.0689655 0.103448 1 
1 0.0689655 0.103448 1 
0 0.103448 0.103448 1 
0.0344828 0.103448 0.103448 1 
0.0689655 0.103448 0.103448 1 
0.103448 0.103448 0.103448 1 
0.137931 0.103448 0.103448 1 
0.172414 0.103448 0.103448 1 
0.206897 0.103448 0.103448 1 
0.241379 0.103448 0.103448 1 
0.275862 0.103448 0.103448 1 
0.310345 0.103448 0.103448 1 
0.344828 0.103448 0.103448 1 
0.37931 0.103448 0.103448 1 
0.413793 0.103448 0.103448 1 
0.448276 0.103448 0.103448 1 
0.482759 0.103448 0.103448 1 
0.517241 0.103448 0.103448 1 
0.551724 0.103448 0.103448 1 
0.586207 0.103448 0.103448 1 
0.62069 0.103448 0.103448 1 
0.655172 0.103448 0.103448 1 
0.689655 0.103448 0.103448 1 
0.724138 0.103448 0.103448 1 
0.758621 0.103448 0.103448 1 
0.793103 0.103448 0.103448 1 
0.827586 0.103448 0.103448 1 
0.862069 0.103448 0.103448 1 
0.896552 0.103448 0.103448 1 
0.931034 0.103448 0.103448 1 
0.965517 0.103448 0.103448 1 
1 0.103448 0.103448 1 
0 0.137931 0.103448 1 
0.0344828 0.137931 0.103448 1 
0.0689655 0.137931 0.103448 1 
0.103448 0.137931 0.103448 1 
0.137931 0.137931 0.103448 1 
0.172414 0.137931 0.103448 1 
0.206897 0.137931 0.103448 1 
0.241379 0.137931 0.103448 1 
0.275862 0.137931 0.103448 1 
0.310345 0.137931 0.103448 1 
0.344828 0.137931 0.103448 1 
0.37931 0.137931 0.103448 1 
0.413793 0.137931 0.103448 1 
0.448276 0.137931 0.103448 1 
0.482759 0.137931 0.103448 1 
0.517241 0.137931 0.103448 1 
0.551724 0.137931 0.103448 1 
0.586207 0.137931 0.103448 1 
0.62069 0.137931 0.103448 1 
0.655172 0.137931 0.103448 1 
0.689655 0.137931 0.103448 1 
0.724138 0.137931 0.103448 1 
0.758621 0.137931 0.103448 1 
0.793103 0.137931 0.103448 1 
0.827586 0.137931 0.103448 1 
0.862069 0.137931 0.103448 1 
0.896552 0.137931 0.103448 1 
0.931034 0.137931 0.103448 1 
0.965517 0.137931 0.103448 1 
1 0.137931 0.103448 1 
0 0.172414 0.103448 1 
0.0344828 0.172414 0.103448 1 
0.0689655 0.172414 0.103448 1 
0.103448 0.172414 0.103448 1 
0.137931 0.172414 0.103448 1 
0.172414 0.172414 0.103448 1 
0.206897 0.172414 0.103448 1 
0.241379 0.172414 0.103448 1 
0.275862 0.172414 0.103448 1 
0.310345 0.172414 0.103448 1 
0.344828 0.172414 0.103448 1 
0.37931 0.172414 0.103448 1 
0.413793 0.172414 0.103448 1 
0.448276 0.172414 0.103448 1 
0.482759 0.172414 0.103448 1 
0.517241 0.172414 0.103448 1 
0.551724 0.172414 0.103448 1 
0.586207 0.172414 0.103448 1 
0.62069 0.172414 0.103448 1 
0.655172 0.172414 0.103448 1 
0.689655 0.172414 0.103448 1 
0.724138 0.172414 0.103448 1 
0.758621 0.172414 0.103448 1 
0.793103 0.172414 0.103448 1 
0.827586 0.172414 0.103448 1 
0.862069 0.172414 0.103448 1 
0.896552 0.172414 0.103448 1 
0.931034 0.172414 0.103448 1 
0.965517 0.172414 0.103448 1 
1 0.172414 0.103448 1 
0 0.206897 0.103448 1 
0.0344828 0.206897 0.103448 1 
0.0689655 0.206897 0.103448 1 
0.103448 0.206897 0.103448 1 
0.137931 0.206897 0.103448 1 
0.172414 0.206897 0.103448 1 
0.206897 0.206897 0.103448 1 
0.241379 0.206897 0.103448 1 
0.275862 0.206897 0.103448 1 
0.310345 0.206897 0.103448 1 
0.344828 0.206897 0.103448 1 
0.37931 0.206897 0.103448 1 
0.413793 0.206897 0.103448 1 
0.448276 0.206897 0.103448 1 
0.482759 0.206897 0.103448 1 
0.517241 0.206897 0.103448 1 
0.551724 0.206897 0.103448 1 
0.586207 0.206897 0.103448 1 
0.62069 0.206897 0.103448 1 
0.655172 0.206897 0.103448 1 
0.689655 0.206897 0.103448 1 
0.724138 0.206897 0.103448 1 
0.758621 0.206897 0.103448 1 
0.793103 0.206897 0.103448 1 
0.827586 0.206897 0.103448 1 
0.862069 0.206897 0.103448 1 
0.896552 0.206897 0.103448 1 
0.931034 0.206897 0.103448 1 
0.965517 0.206897 0.103448 1 
1 0.206897 0.103448 1 
0 0.241379 0.103448 1 
0.0344828 0.241379 0.103448 1 
0.0689655 0.241379 0.103448 1 
0.103448 0.241379 0.103448 1 
0.137931 0.241379 0.103448 1 
0.172414 0.241379 0.103448 1 
0.206897 0.241379 0.103448 1 
0.241379 0.241379 0.103448 1 
0.275862 0.241379 0.103448 1 
0.310345 0.241379 0.103448 1 
0.344828 0.241379 0.103448 1 
0.37931 0.241379 0.103448 1 
0.413793 0.241379 0.103448 1 
0.448276 0.241379 0.103448 1 
0.482759 0.241379 0.103448 1 
0.517241 0.241379 0.103448 1 
0.551724 0.241379 0.103448 1 
0.586207 0.241379 0.103448 1 
0.62069 0.241379 0.103448 1 
0.655172 0.241379 0.103448 1 
0.689655 0.241379 0.103448 1 
0.724138 0.241379 0.103448 1 
0.758621 0.241379 0.103448 1 
0.793103 0.241379 0.103448 1 
0.827586 0.241379 0.103448 1 
0.862069 0.241379 0.103448 1 
0.896552 0.241379 0.103448 1 
0.931034 0.241379 0.103448 1 
0.965517 0.241379 0.103448 1 
1 0.241379 0.103448 1 
0 0.275862 0.103448 1 
0.0344828 0.275862 0.103448 1 
0.0689655 0.275862 0.103448 1 
0.103448 0.275862 0.103448 1 
0.137931 0.275862 0.103448 1 
0.172414 0.275862 0.103448 1 
0.206897 0.275862 0.103448 1 
0.241379 0.275862 0.103448 1 
0.275862 0.275862 0.103448 1 
0.310345 0.275862 0.103448 1 
0.344828 0.275862 0.103448 1 
0.37931 0.275862 0.103448 1 
0.413793 0.275862 0.103448 0.915478 
0.448276 0.275862 0.103448 1 
0.482759 0.275862 0.103448 1 
0.517241 0.275862 0.103448 1 
0.551724 0.275862 0.103448 1 
0.586207 0.275862 0.103448 1 
0.62069 0.275862 0.103448 1 
0.655172 0.275862 0.103448 1 
0.689655 0.275862 0.103448 1 
0.724138 0.275862 0.103448 1 
0.758621 0.275862 0.103448 1 
0.793103 0.275862 0.103448 1 
0.827586 0.275862 0.103448 1 
0.862069 0.275862 0.103448 1 
0.896552 0.275862 0.103448 1 
0.931034 0.275862 0.103448 1 
0.965517 0.275862 0.103448 1 
1 0.275862 0.103448 1 
0 0.310345 0.103448 1 
0.0344828 0.310345 0.103448 1 
0.0689655 0.310345 0.103448 1 
0.103448 0.310345 0.103448 1 
0.137931 0.310345 0.103448 1 
0.172414 0.310345 0.103448 1 
0.206897 0.310345 0.103448 1 
0.241379 0.310345 0.103448 1 
0.275862 0.310345 0.103448 1 
0.310345 0.310345 0.103448 1 
0.344828 0.310345 0.103448 1 
0.37931 0.310345 0.103448 1 
0.413793 0.310345 0.103448 1 
0.448276 0.310345 0.103448 1 
0.482759 0.310345 0.103448 1 
0.517241 0.310345 0.103448 1 
0.551724 0.310345 0.103448 1 
0.586207 0.310345 0.103448 1 
0.62069 0.310345 0.103448 1 
0.655172 0.310345 0.103448 1 
0.689655 0.310345 0.103448 1 
0.724138 0.310345 0.103448 1 
0.758621 0.310345 0.103448 1 
0.793103 0.310345 0.103448 1 
0.827586 0.310345 0.103448 1 
0.862069 0.310345 0.103448 1 
0.896552 0.310345 0.103448 1 
0.931034 0.310345 0.103448 1 
0.965517 0.310345 0.103448 1 
1 0.310345 0.103448 1 
0 0.344828 0.103448 1 
0.0344828 0.344828 0.103448 1 
0.0689655 0.344828 0.103448 1 
0.103448 0.344828 0.103448 1 
0.137931 0.344828 0.103448 1 
0.172414 0.344828 0.103448 1 
0.206897 0.344828 0.103448 1 
0.241379 0.344828 0.103448 1 
0.275862 0.344828 0.103448 1 
0.310345 0.344828 0.103448 1 
0.344828 0.344828 0.103448 1 
0.37931 0.344828 0.103448 1 
0.413793 0.344828 0.103448 1 
0.448276 0.344828 0.103448 1 
0.482759 0.344828 0.103448 1 
0.517241 0.344828 0.103448 1 
0.551724 0.344828 0.103448 1 
0.586207 0.344828 0.103448 1 
0.62069 0.344828 0.103448 1 
0.655172 0.344828 0.103448 1 
0.689655 0.344828 0.103448 1 
0.724138 0.344828 0.103448 1 
0.758621 0.344828 0.103448 1 
0.793103 0.344828 0.103448 1 
0.827586 0.344828 0.103448 1 
0.862069 0.344828 0.103448 1 
0.896552 0.344828 0.103448 1 
0.931034 0.344828 0.103448 1 
0.965517 0.344828 0.103448 1 
1 0.344828 0.103448 1 
0 0.37931 0.103448 1 
0.0344828 0.37931 0.103448 1 
0.0689655 0.37931 0.103448 1 
0.103448 0.37931 0.103448 1 
0.137931 0.37931 0.103448 1 
0.172414 0.37931 0.103448 1 
0.206897 0.37931 0.103448 1 
0.241379 0.37931 0.103448 1 
0.275862 0.37931 0.103448 1 
0.310345 0.37931 0.103448 1 
0.344828 0.37931 0.103448 1 
0.37931 0.37931 0.103448 1 
0.413793 0.37931 0.103448 0.973612 
0.448276 0.37931 0.103448 1 
0.482759 0.37931 0.103448 1 
0.517241 0.37931 0.103448 1 
0.551724 0.37931 0.103448 1 
0.586207 0.37931 0.103448 1 
0.62069 0.37931 0.103448 1 
0.655172 0.37931 0.103448 1 
0.689655 0.37931 0.103448 1 
0.724138 0.37931 0.103448 1 
0.758621 0.37931 0.103448 1 
0.793103 0.37931 0.103448 1 
0.827586 0.37931 0.103448 1 
0.862069 0.37931 0.103448 1 
0.896552 0.37931 0.103448 1 
0.931034 0.37931 0.103448 1 
0.965517 0.37931 0.103448 1 
1 0.37931 0.103448 1 
0 0.413793 0.103448 1 
0.0344828 0.413793 0.103448 1 
0.0689655 0.413793 0.103448 1 
0.103448 0.413793 0.103448 1 
0.137931 0.413793 0.103448 1 
0.172414 0.413793 0.103448 1 
0.206897 0.413793 0.103448 1 
0.241379 0.413793 0.103448 1 
0.275862 0.413793 0.103448 1 
0.310345 0.413793 0.103448 1 
0.344828 0.413793 0.103448 1 
0.37931 0.413793 0.103448 1 
0.413793 0.413793 0.103448 1 
0.448276 0.413793 0.103448 1 
0.482759 0.413793 0.103448 1 
0.517241 0.413793 0.103448 1 
0.551724 0.413793 0.103448 0.970831 
0.586207 0.413793 0.103448 1 
0.62069 0.413793 0.103448 1 
0.655172 0.413793 0.103448 1 
0.689655 0.413793 0.103448 1 
0.724138 0.413793 0.103448 1 
0.758621 0.413793 0.103448 1 
0.793103 0.413793 0.103448 1 
0.827586 0.413793 0.103448 1 
0.862069 0.413793 0.103448 1 
0.896552 0.413793 0.103448 1 
0.931034 0.413793 0.103448 0.982403 
0.965517 0.413793 0.103448 1 
1 0.413793 0.103448 1 
0 0.448276 0.103448 1 
0.0344828 0.448276 0.103448 1 
0.0689655 0.448276 0.103448 1 
0.103448 0.448276 0.103448 1 
0.137931 0.448276 0.103448 1 
0.172414 0.448276 0.103448 1 
0.206897 0.448276 0.103448 1 
0.241379 0.448276 0.103448 1 
0.275862 0.448276 0.103448 1 
0.310345 0.448276 0.103448 1 
0.344828 0.448276 0.103448 1 
0.37931 0.448276 0.103448 1 
0.413793 0.448276 0.103448 1 
0.448276 0.448276 0.103448 1 
0.482759 0.448276 0.103448 1 
0.517241 0.448276 0.103448 1 
0.551724 0.448276 0.103448 0.970196 
0.586207 0.448276 0.103448 1 
0.62069 0.448276 0.103448 1 
0.655172 0.448276 0.103448 1 
0.689655 0.448276 0.103448 1 
0.724138 0.448276 0.103448 1 
0.758621 0.448276 0.103448 0.97297 
0.793103 0.448276 0.103448 1 
0.827586 0.448276 0.103448 1 
0.862069 0.448276 0.103448 1 
0.896552 0.448276 0.103448 1 
0.931034 0.448276 0.103448 1 
0.965517 0.448276 0.103448 1 
1 0.448276 0.103448 1 
0 0.482759 0.103448 1 
0.0344828 0.482759 0.103448 1 
0.0689655 0.482759 0.103448 1 
0.103448 0.482759 0.103448 0.867513 
0.137931 0.482759 0.103448 1 
0.172414 0.482759 0.103448 1 
0.206897 0.482759 0.103448 1 
0.241379 0.482759 0.103448 1 
0.275862 0.482759 0.103448 1 
0.310345 0.482759 0.103448 1 
0.344828 0.482759 0.103448 1 
0.37931 0.482759 0.103448 1 
0.413793 0.482759 0.103448 1 
0.448276 0.482759 0.103448 1 
0.482759 0.482759 0.103448 1 
0.517241 0.482759 0.103448 1 
0.551724 0.482759 0.103448 1 
0.586207 0.482759 0.103448 1 
0.62069 0.482759 0.103448 1 
0.655172 0.482759 0.103448 1 
0.689655 0.482759 0.103448 1 
0.724138 0.482759 0.103448 1 
0.758621 0.482759 0.103448 1 
0.793103 0.482759 0.103448 1 
0.827586 0.482759 0.103448 1 
0.862069 0.482759 0.103448 1 
0.896552 0.482759 0.103448 1 
0.931034 0.482759 0.103448 1 
0.965517 0.482759 0.103448 1 
1 0.482759 0.103448 1 
0 0.517241 0.103448 1 
0.0344828 0.517241 0.103448 1 
0.0689655 0.517241 0.103448 1 
0.103448 0.517241 0.103448 1 
0.137931 0.517241 0.103448 1 
0.172414 0.517241 0.103448 1 
0.206897 0.517241 0.103448 1 
0.241379 0.517241 0.103448 1 
0.275862 0.517241 0.103448 1 
0.310345 0.517241 0.103448 1 
0.344828 0.517241 0.103448 1 
0.37931 0.517241 0.103448 1 
0.413793 0.517241 0.103448 1 
0.448276 0.517241 0.103448 1 
0.482759 0.517241 0.103448 1 
0.517241 0.517241 0.103448 1 
0.551724 0.517241 0.103448 1 
0.586207 0.517241 0.103448 1 
0.62069 0.517241 0.103448 1 
0.655172 0.517241 0.103448 1 
0.689655 0.517241 0.103448 1 
0.724138 0.517241 0.103448 1 
0.758621 0.517241 0.103448 0.966615 
0.793103 0.517241 0.103448 1 
0.827586 0.517241 0.103448 1 
0.862069 0.517241 0.103448 1 
0.896552 0.517241 0.103448 1 
0.931034 0.517241 0.103448 1 
0.965517 0.517241 0.103448 1 
1 0.517241 0.103448 0.966929 
0 0.551724 0.103448 1 
0.0344828 0.551724 0.103448 1 
0.0689655 0.551724 0.103448 1 
0.103448 0.551724 0.103448 1 
0.137931 0.551724 0.103448 1 
0.172414 0.551724 0.103448 1 
0.206897 0.551724 0.103448 1 
0.241379 0.551724 0.103448 1 
0.275862 0.551724 0.103448 1 
0.310345 0.551724 0.103448 1 
0.344828 0.551724 0.103448 1 
0.37931 0.551724 0.103448 1 
0.413793 0.551724 0.103448 1 
0.448276 0.551724 0.103448 1 
0.482759 0.551724 0.103448 1 
0.517241 0.551724 0.103448 1 
0.551724 0.551724 0.103448 1 
0.586207 0.551724 0.103448 1 
0.62069 0.551724 0.103448 1 
0.655172 0.551724 0.103448 1 
0.689655 0.551724 0.103448 1 
0.724138 0.551724 0.103448 0.950228 
0.758621 0.551724 0.103448 1 
0.793103 0.551724 0.103448 1 
0.827586 0.551724 0.103448 1 
0.862069 0.551724 0.103448 1 
0.896552 0.551724 0.103448 1 
0.931034 0.551724 0.103448 1 
0.965517 0.551724 0.103448 1 
1 0.551724 0.103448 1 
0 0.586207 0.103448 1 
0.0344828 0.586207 0.103448 1 
0.0689655 0.586207 0.103448 1 
0.103448 0.586207 0.103448 1 
0.137931 0.586207 0.103448 1 
0.172414 0.586207 0.103448 1 
0.206897 0.586207 0.103448 1 
0.241379 0.586207 0.103448 1 
0.275862 0.586207 0.103448 1 
0.310345 0.586207 0.103448 1 
0.344828 0.586207 0.103448 1 
0.37931 0.586207 0.103448 1 
0.413793 0.586207 0.103448 1 
0.448276 0.586207 0.103448 1 
0.482759 0.586207 0.103448 1 
0.517241 0.586207 0.103448 1 
0.551724 0.586207 0.103448 1 
0.586207 0.586207 0.103448 1 
0.62069 0.586207 0.103448 1 
0.655172 0.586207 0.103448 1 
0.689655 0.586207 0.103448 1 
0.724138 0.586207 0.103448 1 
0.758621 0.586207 0.103448 1 
0.793103 0.586207 0.103448 1 
0.827586 0.586207 0.103448 1 
0.862069 0.586207 0.103448 1 
0.896552 0.586207 0.103448 1 
0.931034 0.586207 0.103448 1 
0.965517 0.586207 0.103448 1 
1 0.586207 0.103448 1 
0 0.62069 0.103448 1 
0.0344828 0.62069 0.103448 1 
0.0689655 0.62069 0.103448 1 
0.103448 0.62069 0.103448 1 
0.137931 0.62069 0.103448 1 
0.172414 0.62069 0.103448 1 
0.206897 0.62069 0.103448 1 
0.241379 0.62069 0.103448 1 
0.275862 0.62069 0.103448 1 
0.310345 0.62069 0.103448 1 
0.344828 0.62069 0.103448 1 
0.37931 0.62069 0.103448 1 
0.413793 0.62069 0.103448 1 
0.448276 0.62069 0.103448 1 
0.482759 0.62069 0.103448 1 
0.517241 0.62069 0.103448 1 
0.551724 0.62069 0.103448 1 
0.586207 0.62069 0.103448 1 
0.62069 0.62069 0.103448 1 
0.655172 0.62069 0.103448 1 
0.689655 0.62069 0.103448 1 
0.724138 0.62069 0.103448 1 
0.758621 0.62069 0.103448 1 
0.793103 0.62069 0.103448 1 
0.827586 0.62069 0.103448 0.988299 
0.862069 0.62069 0.103448 1 
0.896552 0.62069 0.103448 1 
0.931034 0.62069 0.103448 1 
0.965517 0.62069 0.103448 1 
1 0.62069 0.103448 1 
0 0.655172 0.103448 1 
0.0344828 0.655172 0.103448 1 
0.0689655 0.655172 0.103448 1 
0.103448 0.655172 0.103448 1 
0.137931 0.655172 0.103448 1 
0.172414 0.655172 0.103448 1 
0.206897 0.655172 0.103448 1 
0.241379 0.655172 0.103448 1 
0.275862 0.655172 0.103448 1 
0.310345 0.655172 0.103448 1 
0.344828 0.655172 0.103448 1 
0.37931 0.655172 0.103448 1 
0.413793 0.655172 0.103448 1 
0.448276 0.655172 0.103448 1 
0.482759 0.655172 0.103448 1 
0.517241 0.655172 0.103448 1 
0.551724 0.655172 0.103448 1 
0.586207 0.655172 0.103448 1 
0.62069 0.655172 0.103448 1 
0.655172 0.655172 0.103448 1 
0.689655 0.655172 0.103448 1 
0.724138 0.655172 0.103448 1 
0.758621 0.655172 0.103448 1 
0.793103 0.655172 0.103448 1 
0.827586 0.655172 0.103448 1 
0.862069 0.655172 0.103448 1 
0.896552 0.655172 0.103448 1 
0.931034 0.655172 0.103448 1 
0.965517 0.655172 0.103448 1 
1 0.655172 0.103448 1 
0 0.689655 0.103448 0.977865 
0.0344828 0.689655 0.103448 1 
0.0689655 0.689655 0.103448 1 
0.103448 0.689655 0.103448 1 
0.137931 0.689655 0.103448 1 
0.172414 0.689655 0.103448 1 
0.206897 0.689655 0.103448 1 
0.241379 0.689655 0.103448 1 
0.275862 0.689655 0.103448 1 
0.310345 0.689655 0.103448 1 
0.344828 0.689655 0.103448 1 
0.37931 0.689655 0.103448 1 
0.413793 0.689655 0.103448 1 
0.448276 0.689655 0.103448 1 
0.482759 0.689655 0.103448 1 
0.517241 0.689655 0.103448 1 
0.551724 0.689655 0.103448 1 
0.586207 0.689655 0.103448 1 
0.62069 0.689655 0.103448 1 
0.655172 0.689655 0.103448 1 
0.689655 0.689655 0.103448 1 
0.724138 0.689655 0.103448 1 
0.758621 0.689655 0.103448 1 
0.793103 0.689655 0.103448 1 
0.827586 0.689655 0.103448 1 
0.862069 0.689655 0.103448 1 
0.896552 0.689655 0.103448 1 
0.931034 0.689655 0.103448 1 
0.965517 0.689655 0.103448 1 
1 0.689655 0.103448 1 
0 0.724138 0.103448 1 
0.0344828 0.724138 0.103448 1 
0.0689655 0.724138 0.103448 0.972356 
0.103448 0.724138 0.103448 1 
0.137931 0.724138 0.103448 1 
0.172414 0.724138 0.103448 1 
0.206897 0.724138 0.103448 1 
0.241379 0.724138 0.103448 1 
0.275862 0.724138 0.103448 1 
0.310345 0.724138 0.103448 1 
0.344828 0.724138 0.103448 1 
0.37931 0.724138 0.103448 1 
0.413793 0.724138 0.103448 1 
0.448276 0.724138 0.103448 1 
0.482759 0.724138 0.103448 1 
0.517241 0.724138 0.103448 1 
0.551724 0.724138 0.103448 0.999396 
0.586207 0.724138 0.103448 1 
0.62069 0.724138 0.103448 1 
0.655172 0.724138 0.103448 1 
0.689655 0.724138 0.103448 1 
0.724138 0.724138 0.103448 1 
0.758621 0.724138 0.103448 1 
0.793103 0.724138 0.103448 1 
0.827586 0.724138 0.103448 1 
0.862069 0.724138 0.103448 1 
0.896552 0.724138 0.103448 1 
0.931034 0.724138 0.103448 1 
0.965517 0.724138 0.103448 1 
1 0.724138 0.103448 1 
0 0.758621 0.103448 1 
0.0344828 0.758621 0.103448 1 
0.0689655 0.758621 0.103448 1 
0.103448 0.758621 0.103448 1 
0.137931 0.758621 0.103448 1 
0.172414 0.758621 0.103448 1 
0.206897 0.758621 0.103448 1 
0.241379 0.758621 0.103448 1 
0.275862 0.758621 0.103448 1 
0.310345 0.758621 0.103448 1 
0.344828 0.758621 0.103448 1 
0.37931 0.758621 0.103448 1 
0.413793 0.758621 0.103448 1 
0.448276 0.758621 0.103448 1 
0.482759 0.758621 0.103448 1 
0.517241 0.758621 0.103448 1 
0.551724 0.758621 0.103448 1 
0.586207 0.758621 0.103448 1 
0.62069 0.758621 0.103448 1 
0.655172 0.758621 0.103448 1 
0.689655 0.758621 0.103448 1 
0.724138 0.758621 0.103448 1 
0.758621 0.758621 0.103448 1 
0.793103 0.758621 0.103448 1 
0.827586 0.758621 0.103448 1 
0.862069 0.758621 0.103448 1 
0.896552 0.758621 0.103448 1 
0.931034 0.758621 0.103448 1 
0.965517 0.758621 0.103448 1 
1 0.758621 0.103448 1 
0 0.793103 0.103448 1 
0.0344828 0.793103 0.103448 1 
0.0689655 0.793103 0.103448 1 
0.103448 0.793103 0.103448 1 
0.137931 0.793103 0.103448 1 
0.172414 0.793103 0.103448 1 
0.206897 0.793103 0.103448 1 
0.241379 0.793103 0.103448 1 
0.275862 0.793103 0.103448 1 
0.310345 0.793103 0.103448 1 
0.344828 0.793103 0.103448 1 
0.37931 0.793103 0.103448 1 
0.413793 0.793103 0.103448 1 
0.448276 0.793103 0.103448 1 
0.482759 0.793103 0.103448 1 
0.517241 0.793103 0.103448 1 
0.551724 0.793103 0.103448 1 
0.586207 0.793103 0.103448 0.981571 
0.62069 0.793103 0.103448 1 
0.655172 0.793103 0.103448 1 
0.689655 0.793103 0.103448 1 
0.724138 0.793103 0.103448 1 
0.758621 0.793103 0.103448 1 
0.793103 0.793103 0.103448 1 
0.827586 0.793103 0.103448 1 
0.862069 0.793103 0.103448 1 
0.896552 0.793103 0.103448 1 
0.931034 0.793103 0.103448 1 
0.965517 0.793103 0.103448 1 
1 0.793103 0.103448 1 
0 0.827586 0.103448 1 
0.0344828 0.827586 0.103448 1 
0.0689655 0.827586 0.103448 1 
0.103448 0.827586 0.103448 0.955953 
0.137931 0.827586 0.103448 1 
0.172414 0.827586 0.103448 1 
0.206897 0.827586 0.103448 1 
0.241379 0.827586 0.103448 1 
0.275862 0.827586 0.103448 1 
0.310345 0.827586 0.103448 0.987159 
0.344828 0.827586 0.103448 0.979751 
0.37931 0.827586 0.103448 1 
0.413793 0.827586 0.103448 1 
0.448276 0.827586 0.103448 1 
0.482759 0.827586 0.103448 1 
0.517241 0.827586 0.103448 1 
0.551724 0.827586 0.103448 1 
0.586207 0.827586 0.103448 1 
0.62069 0.827586 0.103448 1 
0.655172 0.827586 0.103448 1 
0.689655 0.827586 0.103448 1 
0.724138 0.827586 0.103448 1 
0.758621 0.827586 0.103448 1 
0.793103 0.827586 0.103448 1 
0.827586 0.827586 0.103448 1 
0.862069 0.827586 0.103448 1 
0.896552 0.827586 0.103448 1 
0.931034 0.827586 0.103448 1 
0.965517 0.827586 0.103448 1 
1 0.827586 0.103448 1 
0 0.862069 0.103448 1 
0.0344828 0.862069 0.103448 1 
0.0689655 0.862069 0.103448 1 
0.103448 0.862069 0.103448 1 
0.137931 0.862069 0.103448 1 
0.172414 0.862069 0.103448 1 
0.206897 0.862069 0.103448 1 
0.241379 0.862069 0.103448 1 
0.275862 0.862069 0.103448 1 
0.310345 0.862069 0.103448 1 
0.344828 0.862069 0.103448 1 
0.37931 0.862069 0.103448 1 
0.413793 0.862069 0.103448 1 
0.448276 0.862069 0.103448 1 
0.482759 0.862069 0.103448 1 
0.517241 0.862069 0.103448 1 
0.551724 0.862069 0.103448 1 
0.586207 0.862069 0.103448 1 
0.62069 0.862069 0.103448 1 
0.655172 0.862069 0.103448 1 
0.689655 0.862069 0.103448 1 
0.724138 0.862069 0.103448 1 
0.758621 0.862069 0.103448 1 
0.793103 0.862069 0.103448 1 
0.827586 0.862069 0.103448 1 
0.862069 0.862069 0.103448 1 
0.896552 0.862069 0.103448 1 
0.931034 0.862069 0.103448 1 
0.965517 0.862069 0.103448 1 
1 0.862069 0.103448 1 
0 0.896552 0.103448 1 
0.0344828 0.896552 0.103448 0.894353 
0.0689655 0.896552 0.103448 1 
0.103448 0.896552 0.103448 1 
0.137931 0.896552 0.103448 1 
0.172414 0.896552 0.103448 1 
0.206897 0.896552 0.103448 1 
0.241379 0.896552 0.103448 1 
0.275862 0.896552 0.103448 1 
0.310345 0.896552 0.103448 1 
0.344828 0.896552 0.103448 1 
0.37931 0.896552 0.103448 1 
0.413793 0.896552 0.103448 1 
0.448276 0.896552 0.103448 1 
0.482759 0.896552 0.103448 0.969865 
0.517241 0.896552 0.103448 1 
0.551724 0.896552 0.103448 1 
0.586207 0.896552 0.103448 1 
0.62069 0.896552 0.103448 1 
0.655172 0.896552 0.103448 1 
0.689655 0.896552 0.103448 1 
0.724138 0.896552 0.103448 1 
0.758621 0.896552 0.103448 1 
0.793103 0.896552 0.103448 1 
0.827586 0.896552 0.103448 1 
0.862069 0.896552 0.103448 1 
0.896552 0.896552 0.103448 1 
0.931034 0.896552 0.103448 1 
0.965517 0.896552 0.103448 1 
1 0.896552 0.103448 1 
0 0.931034 0.103448 1 
0.0344828 0.931034 0.103448 1 
0.0689655 0.931034 0.103448 0.969393 
0.103448 0.931034 0.103448 1 
0.137931 0.931034 0.103448 1 
0.172414 0.931034 0.103448 1 
0.206897 0.931034 0.103448 1 
0.241379 0.931034 0.103448 1 
0.275862 0.931034 0.103448 1 
0.310345 0.931034 0.103448 1 
0.344828 0.931034 0.103448 1 
0.37931 0.931034 0.103448 1 
0.413793 0.931034 0.103448 1 
0.448276 0.931034 0.103448 1 
0.482759 0.931034 0.103448 1 
0.517241 0.931034 0.103448 1 
0.551724 0.931034 0.103448 1 
0.586207 0.931034 0.103448 1 
0.62069 0.931034 0.103448 1 
0.655172 0.931034 0.103448 1 
0.689655 0.931034 0.103448 1 
0.724138 0.931034 0.103448 1 
0.758621 0.931034 0.103448 1 
0.793103 0.931034 0.103448 1 
0.827586 0.931034 0.103448 1 
0.862069 0.931034 0.103448 1 
0.896552 0.931034 0.103448 1 
0.931034 0.931034 0.103448 1 
0.965517 0.931034 0.103448 1 
1 0.931034 0.103448 1 
0 0.965517 0.103448 1 
0.0344828 0.965517 0.103448 1 
0.0689655 0.965517 0.103448 1 
0.103448 0.965517 0.103448 1 
0.137931 0.965517 0.103448 1 
0.172414 0.965517 0.103448 1 
0.206897 0.965517 0.103448 1 
0.241379 0.965517 0.103448 1 
0.275862 0.965517 0.103448 0.944034 
0.310345 0.965517 0.103448 1 
0.344828 0.965517 0.103448 1 
0.37931 0.965517 0.103448 1 
0.413793 0.965517 0.103448 1 
0.448276 0.965517 0.103448 0.953213 
0.482759 0.965517 0.103448 1 
0.517241 0.965517 0.103448 1 
0.551724 0.965517 0.103448 1 
0.586207 0.965517 0.103448 1 
0.62069 0.965517 0.103448 0.991559 
0.655172 0.965517 0.103448 1 
0.689655 0.965517 0.103448 1 
0.724138 0.965517 0.103448 1 
0.758621 0.965517 0.103448 1 
0.793103 0.965517 0.103448 1 
0.827586 0.965517 0.103448 1 
0.862069 0.965517 0.103448 1 
0.896552 0.965517 0.103448 1 
0.931034 0.965517 0.103448 1 
0.965517 0.965517 0.103448 1 
1 0.965517 0.103448 0.942376 
0 1 0.103448 1 
0.0344828 1 0.103448 1 
0.0689655 1 0.103448 0.904075 
0.103448 1 0.103448 1 
0.137931 1 0.103448 1 
0.172414 1 0.103448 1 
0.206897 1 0.103448 1 
0.241379 1 0.103448 1 
0.275862 1 0.103448 0.947512 
0.310345 1 0.103448 1 
0.344828 1 0.103448 1 
0.37931 1 0.103448 1 
0.413793 1 0.103448 1 
0.448276 1 0.103448 1 
0.482759 1 0.103448 1 
0.517241 1 0.103448 1 
0.551724 1 0.103448 1 
0.586207 1 0.103448 1 
0.62069 1 0.103448 1 
0.655172 1 0.103448 1 
0.689655 1 0.103448 1 
0.724138 1 0.103448 1 
0.758621 1 0.103448 1 
0.793103 1 0.103448 1 
0.827586 1 0.103448 1 
0.862069 1 0.103448 1 
0.896552 1 0.103448 1 
0.931034 1 0.103448 1 
0.965517 1 0.103448 1 
1 1 0.103448 1 
0 0 0.137931 1 
0.0344828 0 0.137931 1 
0.0689655 0 0.137931 1 
0.103448 0 0.137931 1 
0.137931 0 0.137931 1 
0.172414 0 0.137931 1 
0.206897 0 0.137931 1 
0.241379 0 0.137931 1 
0.275862 0 0.137931 1 
0.310345 0 0.137931 1 
0.344828 0 0.137931 1 
0.37931 0 0.137931 1 
0.413793 0 0.137931 1 
0.448276 0 0.137931 1 
0.482759 0 0.137931 1 
0.517241 0 0.137931 1 
0.551724 0 0.137931 1 
0.586207 0 0.137931 1 
0.62069 0 0.137931 1 
0.655172 0 0.137931 1 
0.689655 0 0.137931 1 
0.724138 0 0.137931 1 
0.758621 0 0.137931 1 
0.793103 0 0.137931 1 
0.827586 0 0.137931 1 
0.862069 0 0.137931 1 
0.896552 0 0.137931 1 
0.931034 0 0.137931 1 
0.965517 0 0.137931 1 
1 0 0.137931 1 
0 0.0344828 0.137931 1 
0.0344828 0.0344828 0.137931 1 
0.0689655 0.0344828 0.137931 0.956293 
0.103448 0.0344828 0.137931 0.861228 
0.137931 0.0344828 0.137931 1 
0.172414 0.0344828 0.137931 1 
0.206897 0.0344828 0.137931 1 
0.241379 0.0344828 0.137931 0.869732 
0.275862 0.0344828 0.137931 1 
0.310345 0.0344828 0.137931 1 
0.344828 0.0344828 0.137931 1 
0.37931 0.0344828 0.137931 1 
0.413793 0.0344828 0.137931 0.986759 
0.448276 0.0344828 0.137931 1 
0.482759 0.0344828 0.137931 1 
0.517241 0.0344828 0.137931 1 
0.551724 0.0344828 0.137931 1 
0.586207 0.0344828 0.137931 1 
0.62069 0.0344828 0.137931 1 
0.655172 0.0344828 0.137931 1 
0.689655 0.0344828 0.137931 1 
0.724138 0.0344828 0.137931 1 
0.758621 0.0344828 0.137931 1 
0.793103 0.0344828 0.137931 1 
0.827586 0.0344828 0.137931 1 
0.862069 0.0344828 0.137931 1 
0.896552 0.0344828 0.137931 1 
0.931034 0.0344828 0.137931 0.91538 
0.965517 0.0344828 0.137931 1 
1 0.0344828 0.137931 0.865065 
0 0.0689655 0.137931 1 
0.0344828 0.0689655 0.137931 1 
0.0689655 0.0689655 0.137931 1 
0.103448 0.0689655 0.137931 1 
0.137931 0.0689655 0.137931 0.869401 
0.172414 0.0689655 0.137931 1 
0.206897 0.0689655 0.137931 1 
0.241379 0.0689655 0.137931 1 
0.275862 0.0689655 0.137931 1 
0.310345 0.0689655 0.137931 1 
0.344828 0.0689655 0.137931 0.85082 
0.37931 0.0689655 0.137931 1 
0.413793 0.0689655 0.137931 1 
0.448276 0.0689655 0.137931 1 
0.482759 0.0689655 0.137931 1 
0.517241 0.0689655 0.137931 0.869885 
0.551724 0.0689655 0.137931 1 
0.586207 0.0689655 0.137931 1 
0.62069 0.0689655 0.137931 1 
0.655172 0.0689655 0.137931 1 
0.689655 0.0689655 0.137931 1 
0.724138 0.0689655 0.137931 1 
0.758621 0.0689655 0.137931 1 
0.793103 0.0689655 0.137931 1 
0.827586 0.0689655 0.137931 0.79814 
0.862069 0.0689655 0.137931 1 
0.896552 0.0689655 0.137931 0.867785 
0.931034 0.0689655 0.137931 1 
0.965517 0.0689655 0.137931 1 
1 0.0689655 0.137931 1 
0 0.103448 0.137931 1 
0.0344828 0.103448 0.137931 1 
0.0689655 0.103448 0.137931 1 
0.103448 0.103448 0.137931 1 
0.137931 0.103448 0.137931 1 
0.172414 0.103448 0.137931 1 
0.206897 0.103448 0.137931 1 
0.241379 0.103448 0.137931 1 
0.275862 0.103448 0.137931 1 
0.310345 0.103448 0.137931 1 
0.344828 0.103448 0.137931 1 
0.37931 0.103448 0.137931 1 
0.413793 0.103448 0.137931 1 
0.448276 0.103448 0.137931 1 
0.482759 0.103448 0.137931 1 
0.517241 0.103448 0.137931 1 
0.551724 0.103448 0.137931 1 
0.586207 0.103448 0.137931 1 
0.62069 0.103448 0.137931 1 
0.655172 0.103448 0.137931 1 
0.689655 0.103448 0.137931 0.871661 
0.724138 0.103448 0.137931 0.984916 
0.758621 0.103448 0.137931 0.874151 
0.793103 0.103448 0.137931 1 
0.827586 0.103448 0.137931 1 
0.862069 0.103448 0.137931 1 
0.896552 0.103448 0.137931 0.795427 
0.931034 0.103448 0.137931 1 
0.965517 0.103448 0.137931 1 
1 0.103448 0.137931 1 
0 0.137931 0.137931 1 
0.0344828 0.137931 0.137931 1 
0.0689655 0.137931 0.137931 1 
0.103448 0.137931 0.137931 1 
0.137931 0.137931 0.137931 1 
0.172414 0.137931 0.137931 1 
0.206897 0.137931 0.137931 1 
0.241379 0.137931 0.137931 1 
0.275862 0.137931 0.137931 1 
0.310345 0.137931 0.137931 1 
0.344828 0.137931 0.137931 0.990929 
0.37931 0.137931 0.137931 1 
0.413793 0.137931 0.137931 1 
0.448276 0.137931 0.137931 1 
0.482759 0.137931 0.137931 1 
0.517241 0.137931 0.137931 1 
0.551724 0.137931 0.137931 1 
0.586207 0.137931 0.137931 1 
0.62069 0.137931 0.137931 1 
0.655172 0.137931 0.137931 1 
0.689655 0.137931 0.137931 1 
0.724138 0.137931 0.137931 1 
0.758621 0.137931 0.137931 1 
0.793103 0.137931 0.137931 1 
0.827586 0.137931 0.137931 1 
0.862069 0.137931 0.137931 1 
0.896552 0.137931 0.137931 1 
0.931034 0.137931 0.137931 1 
0.965517 0.137931 0.137931 1 
1 0.137931 0.137931 0.882943 
0 0.172414 0.137931 1 
0.0344828 0.172414 0.137931 1 
0.0689655 0.172414 0.137931 1 
0.103448 0.172414 0.137931 1 
0.137931 0.172414 0.137931 1 
0.172414 0.172414 0.137931 1 
0.206897 0.172414 0.137931 1 
0.241379 0.172414 0.137931 1 
0.275862 0.172414 0.137931 1 
0.310345 0.172414 0.137931 1 
0.344828 0.172414 0.137931 1 
0.37931 0.172414 0.137931 1 
0.413793 0.172414 0.137931 1 
0.448276 0.172414 0.137931 1 
0.482759 0.172414 0.137931 1 
0.517241 0.172414 0.137931 1 
0.551724 0.172414 0.137931 1 
0.586207 0.172414 0.137931 1 
0.62069 0.172414 0.137931 1 
0.655172 0.172414 0.137931 1 
0.689655 0.172414 0.137931 0.885101 
0.724138 0.172414 0.137931 1 
0.758621 0.172414 0.137931 1 
0.793103 0.172414 0.137931 1 
0.827586 0.172414 0.137931 1 
0.862069 0.172414 0.137931 1 
0.896552 0.172414 0.137931 0.872008 
0.931034 0.172414 0.137931 1 
0.965517 0.172414 0.137931 1 
1 0.172414 0.137931 1 
0 0.206897 0.137931 1 
0.0344828 0.206897 0.137931 1 
0.0689655 0.206897 0.137931 1 
0.103448 0.206897 0.137931 1 
0.137931 0.206897 0.137931 1 
0.172414 0.206897 0.137931 1 
0.206897 0.206897 0.137931 1 
0.241379 0.206897 0.137931 1 
0.275862 0.206897 0.137931 1 
0.310345 0.206897 0.137931 1 
0.344828 0.206897 0.137931 1 
0.37931 0.206897 0.137931 1 
0.413793 0.206897 0.137931 1 
0.448276 0.206897 0.137931 1 
0.482759 0.206897 0.137931 0.997041 
0.517241 0.206897 0.137931 1 
0.551724 0.206897 0.137931 1 
0.586207 0.206897 0.137931 1 
0.62069 0.206897 0.137931 1 
0.655172 0.206897 0.137931 1 
0.689655 0.206897 0.137931 1 
0.724138 0.206897 0.137931 1 
0.758621 0.206897 0.137931 1 
0.793103 0.206897 0.137931 1 
0.827586 0.206897 0.137931 1 
0.862069 0.206897 0.137931 1 
0.896552 0.206897 0.137931 0.960954 
0.931034 0.206897 0.137931 1 
0.965517 0.206897 0.137931 1 
1 0.206897 0.137931 1 
0 0.241379 0.137931 1 
0.0344828 0.241379 0.137931 1 
0.0689655 0.241379 0.137931 1 
0.103448 0.241379 0.137931 1 
0.137931 0.241379 0.137931 1 
0.172414 0.241379 0.137931 1 
0.206897 0.241379 0.137931 1 
0.241379 0.241379 0.137931 1 
0.275862 0.241379 0.137931 1 
0.310345 0.241379 0.137931 1 
0.344828 0.241379 0.137931 1 
0.37931 0.241379 0.137931 1 
0.413793 0.241379 0.137931 0.988806 
0.448276 0.241379 0.137931 1 
0.482759 0.241379 0.137931 0.984289 
0.517241 0.241379 0.137931 1 
0.551724 0.241379 0.137931 1 
0.586207 0.241379 0.137931 1 
0.62069 0.241379 0.137931 0.953378 
0.655172 0.241379 0.137931 1 
0.689655 0.241379 0.137931 1 
0.724138 0.241379 0.137931 1 
0.758621 0.241379 0.137931 1 
0.793103 0.241379 0.137931 1 
0.827586 0.241379 0.137931 1 
0.862069 0.241379 0.137931 1 
0.896552 0.241379 0.137931 1 
0.931034 0.241379 0.137931 1 
0.965517 0.241379 0.137931 1 
1 0.241379 0.137931 1 
0 0.275862 0.137931 1 
0.0344828 0.275862 0.137931 1 
0.0689655 0.275862 0.137931 1 
0.103448 0.275862 0.137931 1 
0.137931 0.275862 0.137931 1 
0.172414 0.275862 0.137931 1 
0.206897 0.275862 0.137931 1 
0.241379 0.275862 0.137931 1 
0.275862 0.275862 0.137931 0.963065 
0.310345 0.275862 0.137931 1 
0.344828 0.275862 0.137931 1 
0.37931 0.275862 0.137931 1 
0.413793 0.275862 0.137931 0.902043 
0.448276 0.275862 0.137931 1 
0.482759 0.275862 0.137931 1 
0.517241 0.275862 0.137931 1 
0.551724 0.275862 0.137931 0.994382 
0.586207 0.275862 0.137931 1 
0.62069 0.275862 0.137931 1 
0.655172 0.275862 0.137931 1 
0.689655 0.275862 0.137931 1 
0.724138 0.275862 0.137931 1 
0.758621 0.275862 0.137931 1 
0.793103 0.275862 0.137931 1 
0.827586 0.275862 0.137931 1 
0.862069 0.275862 0.137931 1 
0.896552 0.275862 0.137931 1 
0.931034 0.275862 0.137931 1 
0.965517 0.275862 0.137931 1 
1 0.275862 0.137931 1 
0 0.310345 0.137931 1 
0.0344828 0.310345 0.137931 1 
0.0689655 0.310345 0.137931 0.95699 
0.103448 0.310345 0.137931 1 
0.137931 0.310345 0.137931 1 
0.172414 0.310345 0.137931 1 
0.206897 0.310345 0.137931 1 
0.241379 0.310345 0.137931 1 
0.275862 0.310345 0.137931 1 
0.310345 0.310345 0.137931 0.909507 
0.344828 0.310345 0.137931 1 
0.37931 0.310345 0.137931 1 
0.413793 0.310345 0.137931 1 
0.448276 0.310345 0.137931 1 
0.482759 0.310345 0.137931 1 
0.517241 0.310345 0.137931 1 
0.551724 0.310345 0.137931 0.943535 
0.586207 0.310345 0.137931 1 
0.62069 0.310345 0.137931 1 
0.655172 0.310345 0.137931 1 
0.689655 0.310345 0.137931 1 
0.724138 0.310345 0.137931 1 
0.758621 0.310345 0.137931 1 
0.793103 0.310345 0.137931 1 
0.827586 0.310345 0.137931 1 
0.862069 0.310345 0.137931 1 
0.896552 0.310345 0.137931 1 
0.931034 0.310345 0.137931 1 
0.965517 0.310345 0.137931 0.998281 
1 0.310345 0.137931 1 
0 0.344828 0.137931 1 
0.0344828 0.344828 0.137931 1 
0.0689655 0.344828 0.137931 1 
0.103448 0.344828 0.137931 1 
0.137931 0.344828 0.137931 1 
0.172414 0.344828 0.137931 1 
0.206897 0.344828 0.137931 1 
0.241379 0.344828 0.137931 0.835477 
0.275862 0.344828 0.137931 1 
0.310345 0.344828 0.137931 1 
0.344828 0.344828 0.137931 1 
0.37931 0.344828 0.137931 1 
0.413793 0.344828 0.137931 1 
0.448276 0.344828 0.137931 1 
0.482759 0.344828 0.137931 1 
0.517241 0.344828 0.137931 0.951776 
0.551724 0.344828 0.137931 1 
0.586207 0.344828 0.137931 1 
0.62069 0.344828 0.137931 1 
0.655172 0.344828 0.137931 1 
0.689655 0.344828 0.137931 1 
0.724138 0.344828 0.137931 1 
0.758621 0.344828 0.137931 1 
0.793103 0.344828 0.137931 1 
0.827586 0.344828 0.137931 1 
0.862069 0.344828 0.137931 1 
0.896552 0.344828 0.137931 0.938268 
0.931034 0.344828 0.137931 1 
0.965517 0.344828 0.137931 1 
1 0.344828 0.137931 1 
0 0.37931 0.137931 1 
0.0344828 0.37931 0.137931 0.859208 
0.0689655 0.37931 0.137931 1 
0.103448 0.37931 0.137931 1 
0.137931 0.37931 0.137931 1 
0.172414 0.37931 0.137931 1 
0.206897 0.37931 0.137931 1 
0.241379 0.37931 0.137931 1 
0.275862 0.37931 0.137931 1 
0.310345 0.37931 0.137931 1 
0.344828 0.37931 0.137931 1 
0.37931 0.37931 0.137931 1 
0.413793 0.37931 0.137931 0.992643 
0.448276 0.37931 0.137931 1 
0.482759 0.37931 0.137931 1 
0.517241 0.37931 0.137931 1 
0.551724 0.37931 0.137931 1 
0.586207 0.37931 0.137931 1 
0.62069 0.37931 0.137931 1 
0.655172 0.37931 0.137931 1 
0.689655 0.37931 0.137931 0.930651 
0.724138 0.37931 0.137931 1 
0.758621 0.37931 0.137931 1 
0.793103 0.37931 0.137931 1 
0.827586 0.37931 0.137931 0.98501 
0.862069 0.37931 0.137931 1 
0.896552 0.37931 0.137931 1 
0.931034 0.37931 0.137931 1 
0.965517 0.37931 0.137931 1 
1 0.37931 0.137931 0.908204 
0 0.413793 0.137931 1 
0.0344828 0.413793 0.137931 1 
0.0689655 0.413793 0.137931 1 
0.103448 0.413793 0.137931 0.85551 
0.137931 0.413793 0.137931 1 
0.172414 0.413793 0.137931 1 
0.206897 0.413793 0.137931 1 
0.241379 0.413793 0.137931 1 
0.275862 0.413793 0.137931 1 
0.310345 0.413793 0.137931 1 
0.344828 0.413793 0.137931 1 
0.37931 0.413793 0.137931 1 
0.413793 0.413793 0.137931 1 
0.448276 0.413793 0.137931 1 
0.482759 0.413793 0.137931 1 
0.517241 0.413793 0.137931 1 
0.551724 0.413793 0.137931 1 
0.586207 0.413793 0.137931 1 
0.62069 0.413793 0.137931 1 
0.655172 0.413793 0.137931 1 
0.689655 0.413793 0.137931 1 
0.724138 0.413793 0.137931 1 
0.758621 0.413793 0.137931 0.900882 
0.793103 0.413793 0.137931 1 
0.827586 0.413793 0.137931 1 
0.862069 0.413793 0.137931 1 
0.896552 0.413793 0.137931 1 
0.931034 0.413793 0.137931 0.941535 
0.965517 0.413793 0.137931 1 
1 0.413793 0.137931 1 
0 0.448276 0.137931 1 
0.0344828 0.448276 0.137931 1 
0.0689655 0.448276 0.137931 1 
0.103448 0.448276 0.137931 1 
0.137931 0.448276 0.137931 0.85439 
0.172414 0.448276 0.137931 1 
0.206897 0.448276 0.137931 1 
0.241379 0.448276 0.137931 1 
0.275862 0.448276 0.137931 1 
0.310345 0.448276 0.137931 1 
0.344828 0.448276 0.137931 1 
0.37931 0.448276 0.137931 1 
0.413793 0.448276 0.137931 1 
0.448276 0.448276 0.137931 1 
0.482759 0.448276 0.137931 1 
0.517241 0.448276 0.137931 1 
0.551724 0.448276 0.137931 1 
0.586207 0.448276 0.137931 1 
0.62069 0.448276 0.137931 1 
0.655172 0.448276 0.137931 1 
0.689655 0.448276 0.137931 1 
0.724138 0.448276 0.137931 1 
0.758621 0.448276 0.137931 0.984271 
0.793103 0.448276 0.137931 1 
0.827586 0.448276 0.137931 1 
0.862069 0.448276 0.137931 1 
0.896552 0.448276 0.137931 1 
0.931034 0.448276 0.137931 1 
0.965517 0.448276 0.137931 1 
1 0.448276 0.137931 1 
0 0.482759 0.137931 1 
0.0344828 0.482759 0.137931 1 
0.0689655 0.482759 0.137931 1 
0.103448 0.482759 0.137931 0.856194 
0.137931 0.482759 0.137931 0.850594 
0.172414 0.482759 0.137931 1 
0.206897 0.482759 0.137931 1 
0.241379 0.482759 0.137931 1 
0.275862 0.482759 0.137931 1 
0.310345 0.482759 0.137931 1 
0.344828 0.482759 0.137931 1 
0.37931 0.482759 0.137931 1 
0.413793 0.482759 0.137931 1 
0.448276 0.482759 0.137931 1 
0.482759 0.482759 0.137931 1 
0.517241 0.482759 0.137931 1 
0.551724 0.482759 0.137931 1 
0.586207 0.482759 0.137931 0.996414 
0.62069 0.482759 0.137931 1 
0.655172 0.482759 0.137931 1 
0.689655 0.482759 0.137931 1 
0.724138 0.482759 0.137931 1 
0.758621 0.482759 0.137931 1 
0.793103 0.482759 0.137931 1 
0.827586 0.482759 0.137931 1 
0.862069 0.482759 0.137931 1 
0.896552 0.482759 0.137931 1 
0.931034 0.482759 0.137931 1 
0.965517 0.482759 0.137931 1 
1 0.482759 0.137931 1 
0 0.517241 0.137931 1 
0.0344828 0.517241 0.137931 1 
0.0689655 0.517241 0.137931 1 
0.103448 0.517241 0.137931 1 
0.137931 0.517241 0.137931 1 
0.172414 0.517241 0.137931 1 
0.206897 0.517241 0.137931 1 
0.241379 0.517241 0.137931 1 
0.275862 0.517241 0.137931 0.85019 
0.310345 0.517241 0.137931 1 
0.344828 0.517241 0.137931 1 
0.37931 0.517241 0.137931 0.856059 
0.413793 0.517241 0.137931 1 
0.448276 0.517241 0.137931 1 
0.482759 0.517241 0.137931 1 
0.517241 0.517241 0.137931 1 
0.551724 0.517241 0.137931 1 
0.586207 0.517241 0.137931 1 
0.62069 0.517241 0.137931 1 
0.655172 0.517241 0.137931 1 
0.689655 0.517241 0.137931 1 
0.724138 0.517241 0.137931 1 
0.758621 0.517241 0.137931 0.993462 
0.793103 0.517241 0.137931 1 
0.827586 0.517241 0.137931 1 
0.862069 0.517241 0.137931 0.876897 
0.896552 0.517241 0.137931 1 
0.931034 0.517241 0.137931 0.885676 
0.965517 0.517241 0.137931 1 
1 0.517241 0.137931 0.983967 
0 0.551724 0.137931 1 
0.0344828 0.551724 0.137931 1 
0.0689655 0.551724 0.137931 1 
0.103448 0.551724 0.137931 1 
0.137931 0.551724 0.137931 1 
0.172414 0.551724 0.137931 1 
0.206897 0.551724 0.137931 1 
0.241379 0.551724 0.137931 1 
0.275862 0.551724 0.137931 1 
0.310345 0.551724 0.137931 0.850193 
0.344828 0.551724 0.137931 1 
0.37931 0.551724 0.137931 1 
0.413793 0.551724 0.137931 1 
0.448276 0.551724 0.137931 1 
0.482759 0.551724 0.137931 1 
0.517241 0.551724 0.137931 1 
0.551724 0.551724 0.137931 1 
0.586207 0.551724 0.137931 1 
0.62069 0.551724 0.137931 1 
0.655172 0.551724 0.137931 1 
0.689655 0.551724 0.137931 1 
0.724138 0.551724 0.137931 0.828041 
0.758621 0.551724 0.137931 1 
0.793103 0.551724 0.137931 1 
0.827586 0.551724 0.137931 0.877319 
0.862069 0.551724 0.137931 1 
0.896552 0.551724 0.137931 1 
0.931034 0.551724 0.137931 1 
0.965517 0.551724 0.137931 0.943541 
1 0.551724 0.137931 0.875108 
0 0.586207 0.137931 1 
0.0344828 0.586207 0.137931 1 
0.0689655 0.586207 0.137931 1 
0.103448 0.586207 0.137931 1 
0.137931 0.586207 0.137931 1 
0.172414 0.586207 0.137931 1 
0.206897 0.586207 0.137931 1 
0.241379 0.586207 0.137931 1 
0.275862 0.586207 0.137931 1 
0.310345 0.586207 0.137931 1 
0.344828 0.586207 0.137931 1 
0.37931 0.586207 0.137931 1 
0.413793 0.586207 0.137931 1 
0.448276 0.586207 0.137931 1 
0.482759 0.586207 0.137931 1 
0.517241 0.586207 0.137931 0.848882 
0.551724 0.586207 0.137931 1 
0.586207 0.586207 0.137931 0.795192 
0.62069 0.586207 0.137931 1 
0.655172 0.586207 0.137931 1 
0.689655 0.586207 0.137931 1 
0.724138 0.586207 0.137931 0.791834 
0.758621 0.586207 0.137931 1 
0.793103 0.586207 0.137931 1 
0.827586 0.586207 0.137931 1 
0.862069 0.586207 0.137931 1 
0.896552 0.586207 0.137931 1 
0.931034 0.586207 0.137931 0.952165 
0.965517 0.586207 0.137931 1 
1 0.586207 0.137931 1 
0 0.62069 0.137931 1 
0.0344828 0.62069 0.137931 1 
0.0689655 0.62069 0.137931 1 
0.103448 0.62069 0.137931 1 
0.137931 0.62069 0.137931 1 
0.172414 0.62069 0.137931 1 
0.206897 0.62069 0.137931 1 
0.241379 0.62069 0.137931 1 
0.275862 0.62069 0.137931 1 
0.310345 0.62069 0.137931 1 
0.344828 0.62069 0.137931 0.995403 
0.37931 0.62069 0.137931 1 
0.413793 0.62069 0.137931 1 
0.448276 0.62069 0.137931 1 
0.482759 0.62069 0.137931 1 
0.517241 0.62069 0.137931 1 
0.551724 0.62069 0.137931 0.957783 
0.586207 0.62069 0.137931 0.849121 
0.62069 0.62069 0.137931 1 
0.655172 0.62069 0.137931 1 
0.689655 0.62069 0.137931 1 
0.724138 0.62069 0.137931 0.923926 
0.758621 0.62069 0.137931 1 
0.793103 0.62069 0.137931 1 
0.827586 0.62069 0.137931 0.971731 
0.862069 0.62069 0.137931 1 
0.896552 0.62069 0.137931 0.872478 
0.931034 0.62069 0.137931 1 
0.965517 0.62069 0.137931 1 
1 0.62069 0.137931 1 
0 0.655172 0.137931 0.991719 
0.0344828 0.655172 0.137931 1 
0.0689655 0.655172 0.137931 1 
0.103448 0.655172 0.137931 1 
0.137931 0.655172 0.137931 1 
0.172414 0.655172 0.137931 0.985538 
0.206897 0.655172 0.137931 1 
0.241379 0.655172 0.137931 1 
0.275862 0.655172 0.137931 1 
0.310345 0.655172 0.137931 1 
0.344828 0.655172 0.137931 1 
0.37931 0.655172 0.137931 1 
0.413793 0.655172 0.137931 1 
0.448276 0.655172 0.137931 1 
0.482759 0.655172 0.137931 1 
0.517241 0.655172 0.137931 1 
0.551724 0.655172 0.137931 1 
0.586207 0.655172 0.137931 1 
0.62069 0.655172 0.137931 1 
0.655172 0.655172 0.137931 1 
0.689655 0.655172 0.137931 1 
0.724138 0.655172 0.137931 1 
0.758621 0.655172 0.137931 1 
0.793103 0.655172 0.137931 1 
0.827586 0.655172 0.137931 1 
0.862069 0.655172 0.137931 1 
0.896552 0.655172 0.137931 1 
0.931034 0.655172 0.137931 1 
0.965517 0.655172 0.137931 1 
1 0.655172 0.137931 1 
0 0.689655 0.137931 0.927955 
0.0344828 0.689655 0.137931 1 
0.0689655 0.689655 0.137931 1 
0.103448 0.689655 0.137931 1 
0.137931 0.689655 0.137931 1 
0.172414 0.689655 0.137931 1 
0.206897 0.689655 0.137931 1 
0.241379 0.689655 0.137931 1 
0.275862 0.689655 0.137931 1 
0.310345 0.689655 0.137931 1 
0.344828 0.689655 0.137931 0.868737 
0.37931 0.689655 0.137931 1 
0.413793 0.689655 0.137931 1 
0.448276 0.689655 0.137931 1 
0.482759 0.689655 0.137931 1 
0.517241 0.689655 0.137931 1 
0.551724 0.689655 0.137931 1 
0.586207 0.689655 0.137931 1 
0.62069 0.689655 0.137931 1 
0.655172 0.689655 0.137931 1 
0.689655 0.689655 0.137931 0.846317 
0.724138 0.689655 0.137931 1 
0.758621 0.689655 0.137931 1 
0.793103 0.689655 0.137931 1 
0.827586 0.689655 0.137931 1 
0.862069 0.689655 0.137931 1 
0.896552 0.689655 0.137931 0.850154 
0.931034 0.689655 0.137931 1 
0.965517 0.689655 0.137931 1 
1 0.689655 0.137931 1 
0 0.724138 0.137931 1 
0.0344828 0.724138 0.137931 1 
0.0689655 0.724138 0.137931 0.925786 
0.103448 0.724138 0.137931 1 
0.137931 0.724138 0.137931 1 
0.172414 0.724138 0.137931 0.953074 
0.206897 0.724138 0.137931 1 
0.241379 0.724138 0.137931 1 
0.275862 0.724138 0.137931 1 
0.310345 0.724138 0.137931 1 
0.344828 0.724138 0.137931 1 
0.37931 0.724138 0.137931 1 
0.413793 0.724138 0.137931 1 
0.448276 0.724138 0.137931 1 
0.482759 0.724138 0.137931 0.973003 
0.517241 0.724138 0.137931 1 
0.551724 0.724138 0.137931 1 
0.586207 0.724138 0.137931 1 
0.62069 0.724138 0.137931 1 
0.655172 0.724138 0.137931 1 
0.689655 0.724138 0.137931 1 
0.724138 0.724138 0.137931 0.841075 
0.758621 0.724138 0.137931 1 
0.793103 0.724138 0.137931 0.986876 
0.827586 0.724138 0.137931 1 
0.862069 0.724138 0.137931 1 
0.896552 0.724138 0.137931 1 
0.931034 0.724138 0.137931 1 
0.965517 0.724138 0.137931 1 
1 0.724138 0.137931 1 
0 0.758621 0.137931 1 
0.0344828 0.758621 0.137931 1 
0.0689655 0.758621 0.137931 1 
0.103448 0.758621 0.137931 1 
0.137931 0.758621 0.137931 1 
0.172414 0.758621 0.137931 0.916931 
0.206897 0.758621 0.137931 1 
0.241379 0.758621 0.137931 1 
0.275862 0.758621 0.137931 1 
0.310345 0.758621 0.137931 1 
0.344828 0.758621 0.137931 1 
0.37931 0.758621 0.137931 1 
0.413793 0.758621 0.137931 0.98546 
0.448276 0.758621 0.137931 1 
0.482759 0.758621 0.137931 1 
0.517241 0.758621 0.137931 1 
0.551724 0.758621 0.137931 1 
0.586207 0.758621 0.137931 1 
0.62069 0.758621 0.137931 1 
0.655172 0.758621 0.137931 1 
0.689655 0.758621 0.137931 1 
0.724138 0.758621 0.137931 1 
0.758621 0.758621 0.137931 0.997416 
0.793103 0.758621 0.137931 1 
0.827586 0.758621 0.137931 0.843641 
0.862069 0.758621 0.137931 1 
0.896552 0.758621 0.137931 1 
0.931034 0.758621 0.137931 1 
0.965517 0.758621 0.137931 1 
1 0.758621 0.137931 1 
0 0.793103 0.137931 1 
0.0344828 0.793103 0.137931 1 
0.0689655 0.793103 0.137931 1 
0.103448 0.793103 0.137931 1 
0.137931 0.793103 0.137931 1 
0.172414 0.793103 0.137931 1 
0.206897 0.793103 0.137931 1 
0.241379 0.793103 0.137931 1 
0.275862 0.793103 0.137931 0.948439 
0.310345 0.793103 0.137931 1 
0.344828 0.793103 0.137931 1 
0.37931 0.793103 0.137931 1 
0.413793 0.793103 0.137931 1 
0.448276 0.793103 0.137931 1 
0.482759 0.793103 0.137931 0.977021 
0.517241 0.793103 0.137931 1 
0.551724 0.793103 0.137931 1 
0.586207 0.793103 0.137931 1 
0.62069 0.793103 0.137931 1 
0.655172 0.793103 0.137931 1 
0.689655 0.793103 0.137931 1 
0.724138 0.793103 0.137931 1 
0.758621 0.793103 0.137931 1 
0.793103 0.793103 0.137931 1 
0.827586 0.793103 0.137931 1 
0.862069 0.793103 0.137931 1 
0.896552 0.793103 0.137931 1 
0.931034 0.793103 0.137931 1 
0.965517 0.793103 0.137931 1 
1 0.793103 0.137931 1 
0 0.827586 0.137931 1 
0.0344828 0.827586 0.137931 1 
0.0689655 0.827586 0.137931 1 
0.103448 0.827586 0.137931 0.958256 
0.137931 0.827586 0.137931 1 
0.172414 0.827586 0.137931 1 
0.206897 0.827586 0.137931 0.967358 
0.241379 0.827586 0.137931 1 
0.275862 0.827586 0.137931 0.933329 
0.310345 0.827586 0.137931 0.891068 
0.344828 0.827586 0.137931 0.90335 
0.37931 0.827586 0.137931 1 
0.413793 0.827586 0.137931 1 
0.448276 0.827586 0.137931 1 
0.482759 0.827586 0.137931 1 
0.517241 0.827586 0.137931 1 
0.551724 0.827586 0.137931 1 
0.586207 0.827586 0.137931 1 
0.62069 0.827586 0.137931 1 
0.655172 0.827586 0.137931 1 
0.689655 0.827586 0.137931 1 
0.724138 0.827586 0.137931 0.779687 
0.758621 0.827586 0.137931 1 
0.793103 0.827586 0.137931 1 
0.827586 0.827586 0.137931 1 
0.862069 0.827586 0.137931 1 
0.896552 0.827586 0.137931 1 
0.931034 0.827586 0.137931 1 
0.965517 0.827586 0.137931 1 
1 0.827586 0.137931 1 
0 0.862069 0.137931 1 
0.0344828 0.862069 0.137931 1 
0.0689655 0.862069 0.137931 1 
0.103448 0.862069 0.137931 1 
0.137931 0.862069 0.137931 1 
0.172414 0.862069 0.137931 1 
0.206897 0.862069 0.137931 1 
0.241379 0.862069 0.137931 1 
0.275862 0.862069 0.137931 1 
0.310345 0.862069 0.137931 1 
0.344828 0.862069 0.137931 1 
0.37931 0.862069 0.137931 1 
0.413793 0.862069 0.137931 1 
0.448276 0.862069 0.137931 1 
0.482759 0.862069 0.137931 1 
0.517241 0.862069 0.137931 1 
0.551724 0.862069 0.137931 0.968497 
0.586207 0.862069 0.137931 1 
0.62069 0.862069 0.137931 0.954185 
0.655172 0.862069 0.137931 1 
0.689655 0.862069 0.137931 1 
0.724138 0.862069 0.137931 1 
0.758621 0.862069 0.137931 1 
0.793103 0.862069 0.137931 1 
0.827586 0.862069 0.137931 1 
0.862069 0.862069 0.137931 1 
0.896552 0.862069 0.137931 1 
0.931034 0.862069 0.137931 1 
0.965517 0.862069 0.137931 1 
1 0.862069 0.137931 1 
0 0.896552 0.137931 1 
0.0344828 0.896552 0.137931 1 
0.0689655 0.896552 0.137931 1 
0.103448 0.896552 0.137931 1 
0.137931 0.896552 0.137931 1 
0.172414 0.896552 0.137931 1 
0.206897 0.896552 0.137931 1 
0.241379 0.896552 0.137931 1 
0.275862 0.896552 0.137931 1 
0.310345 0.896552 0.137931 1 
0.344828 0.896552 0.137931 1 
0.37931 0.896552 0.137931 1 
0.413793 0.896552 0.137931 0.925203 
0.448276 0.896552 0.137931 0.937956 
0.482759 0.896552 0.137931 0.884188 
0.517241 0.896552 0.137931 1 
0.551724 0.896552 0.137931 0.982833 
0.586207 0.896552 0.137931 1 
0.62069 0.896552 0.137931 1 
0.655172 0.896552 0.137931 1 
0.689655 0.896552 0.137931 1 
0.724138 0.896552 0.137931 1 
0.758621 0.896552 0.137931 1 
0.793103 0.896552 0.137931 1 
0.827586 0.896552 0.137931 1 
0.862069 0.896552 0.137931 1 
0.896552 0.896552 0.137931 1 
0.931034 0.896552 0.137931 0.843005 
0.965517 0.896552 0.137931 1 
1 0.896552 0.137931 1 
0 0.931034 0.137931 0.835629 
0.0344828 0.931034 0.137931 1 
0.0689655 0.931034 0.137931 1 
0.103448 0.931034 0.137931 0.843226 
0.137931 0.931034 0.137931 1 
0.172414 0.931034 0.137931 1 
0.206897 0.931034 0.137931 1 
0.241379 0.931034 0.137931 0.876424 
0.275862 0.931034 0.137931 1 
0.310345 0.931034 0.137931 1 
0.344828 0.931034 0.137931 1 
0.37931 0.931034 0.137931 1 
0.413793 0.931034 0.137931 1 
0.448276 0.931034 0.137931 0.945381 
0.482759 0.931034 0.137931 1 
0.517241 0.931034 0.137931 1 
0.551724 0.931034 0.137931 1 
0.586207 0.931034 0.137931 0.99873 
0.62069 0.931034 0.137931 1 
0.655172 0.931034 0.137931 1 
0.689655 0.931034 0.137931 1 
0.724138 0.931034 0.137931 1 
0.758621 0.931034 0.137931 1 
0.793103 0.931034 0.137931 1 
0.827586 0.931034 0.137931 1 
0.862069 0.931034 0.137931 1 
0.896552 0.931034 0.137931 1 
0.931034 0.931034 0.137931 1 
0.965517 0.931034 0.137931 1 
1 0.931034 0.137931 1 
0 0.965517 0.137931 1 
0.0344828 0.965517 0.137931 1 
0.0689655 0.965517 0.137931 1 
0.103448 0.965517 0.137931 1 
0.137931 0.965517 0.137931 1 
0.172414 0.965517 0.137931 1 
0.206897 0.965517 0.137931 1 
0.241379 0.965517 0.137931 1 
0.275862 0.965517 0.137931 0.806566 
0.310345 0.965517 0.137931 1 
0.344828 0.965517 0.137931 1 
0.37931 0.965517 0.137931 1 
0.413793 0.965517 0.137931 1 
0.448276 0.965517 0.137931 0.935605 
0.482759 0.965517 0.137931 1 
0.517241 0.965517 0.137931 1 
0.551724 0.965517 0.137931 1 
0.586207 0.965517 0.137931 0.989136 
0.62069 0.965517 0.137931 0.883865 
0.655172 0.965517 0.137931 1 
0.689655 0.965517 0.137931 1 
0.724138 0.965517 0.137931 1 
0.758621 0.965517 0.137931 1 
0.793103 0.965517 0.137931 1 
0.827586 0.965517 0.137931 0.86398 
0.862069 0.965517 0.137931 0.965351 
0.896552 0.965517 0.137931 1 
0.931034 0.965517 0.137931 1 
0.965517 0.965517 0.137931 0.843378 
1 0.965517 0.137931 1 
0 1 0.137931 1 
0.0344828 1 0.137931 1 
0.0689655 1 0.137931 0.837855 
0.103448 1 0.137931 1 
0.137931 1 0.137931 1 
0.172414 1 0.137931 1 
0.206897 1 0.137931 1 
0.241379 1 0.137931 1 
0.275862 1 0.137931 0.988105 
0.310345 1 0.137931 0.993354 
0.344828 1 0.137931 1 
0.37931 1 0.137931 1 
0.413793 1 0.137931 1 
0.448276 1 0.137931 0.8842 
0.482759 1 0.137931 1 
0.517241 1 0.137931 0.949365 
0.551724 1 0.137931 0.942145 
0.586207 1 0.137931 1 
0.62069 1 0.137931 1 
0.655172 1 0.137931 1 
0.689655 1 0.137931 1 
0.724138 1 0.137931 1 
0.758621 1 0.137931 1 
0.793103 1 0.137931 1 
0.827586 1 0.137931 1 
0.862069 1 0.137931 1 
0.896552 1 0.137931 1 
0.931034 1 0.137931 1 
0.965517 1 0.137931 1 
1 1 0.137931 1 
0 0 0.172414 0.959845 
0.0344828 0 0.172414 0.959845 
0.0689655 0 0.172414 0.959845 
0.103448 0 0.172414 0.959845 
0.137931 0 0.172414 0.959845 
0.172414 0 0.172414 0.959845 
0.206897 0 0.172414 0.959845 
0.241379 0 0.172414 0.959845 
0.275862 0 0.172414 0.959845 
0.310345 0 0.172414 0.959845 
0.344828 0 0.172414 0.959845 
0.37931 0 0.172414 0.959845 
0.413793 0 0.172414 0.959845 
0.448276 0 0.172414 0.959845 
0.482759 0 0.172414 0.959845 
0.517241 0 0.172414 0.959845 
0.551724 0 0.172414 0.959845 
0.586207 0 0.172414 0.959845 
0.62069 0 0.172414 0.959845 
0.655172 0 0.172414 0.959845 
0.689655 0 0.172414 0.959845 
0.724138 0 0.172414 0.959845 
0.758621 0 0.172414 0.959845 
0.793103 0 0.172414 0.959845 
0.827586 0 0.172414 0.959845 
0.862069 0 0.172414 0.959845 
0.896552 0 0.172414 0.959845 
0.931034 0 0.172414 0.959845 
0.965517 0 0.172414 0.959845 
1 0 0.172414 0.959845 
0 0.0344828 0.172414 0.959363 
0.0344828 0.0344828 0.172414 0.956 
0.0689655 0.0344828 0.172414 0.850033 
0.103448 0.0344828 0.172414 0.732237 
0.137931 0.0344828 0.172414 0.944216 
0.172414 0.0344828 0.172414 0.955047 
0.206897 0.0344828 0.172414 0.904518 
0.241379 0.0344828 0.172414 0.889395 
0.275862 0.0344828 0.172414 0.963895 
0.310345 0.0344828 0.172414 0.986262 
0.344828 0.0344828 0.172414 0.988621 
0.37931 0.0344828 0.172414 0.934334 
0.413793 0.0344828 0.172414 0.892333 
0.448276 0.0344828 0.172414 0.964118 
0.482759 0.0344828 0.172414 0.950938 
0.517241 0.0344828 0.172414 0.937956 
0.551724 0.0344828 0.172414 0.98002 
0.586207 0.0344828 0.172414 0.960146 
0.62069 0.0344828 0.172414 0.947525 
0.655172 0.0344828 0.172414 0.949968 
0.689655 0.0344828 0.172414 0.974169 
0.724138 0.0344828 0.172414 0.963666 
0.758621 0.0344828 0.172414 0.935108 
0.793103 0.0344828 0.172414 0.993974 
0.827586 0.0344828 0.172414 0.923438 
0.862069 0.0344828 0.172414 0.966643 
0.896552 0.0344828 0.172414 0.973524 
0.931034 0.0344828 0.172414 0.871021 
0.965517 0.0344828 0.172414 0.951561 
1 0.0344828 0.172414 0.897657 
0 0.0689655 0.172414 0.953229 
0.0344828 0.0689655 0.172414 0.783532 
0.0689655 0.0689655 0.172414 0.884852 
0.103448 0.0689655 0.172414 0.981476 
0.137931 0.0689655 0.172414 0.901443 
0.172414 0.0689655 0.172414 0.94613 
0.206897 0.0689655 0.172414 0.936397 
0.241379 0.0689655 0.172414 0.910538 
0.275862 0.0689655 0.172414 0.953004 
0.310345 0.0689655 0.172414 0.961262 
0.344828 0.0689655 0.172414 0.741104 
0.37931 0.0689655 0.172414 0.921977 
0.413793 0.0689655 0.172414 0.974002 
0.448276 0.0689655 0.172414 0.928952 
0.482759 0.0689655 0.172414 0.911776 
0.517241 0.0689655 0.172414 0.902663 
0.551724 0.0689655 0.172414 0.914543 
0.586207 0.0689655 0.172414 0.941801 
0.62069 0.0689655 0.172414 0.929234 
0.655172 0.0689655 0.172414 0.86302 
0.689655 0.0689655 0.172414 0.961094 
0.724138 0.0689655 0.172414 0.726257 
0.758621 0.0689655 0.172414 0.961947 
0.793103 0.0689655 0.172414 0.944272 
0.827586 0.0689655 0.172414 0.869356 
0.862069 0.0689655 0.172414 0.940225 
0.896552 0.0689655 0.172414 0.893877 
0.931034 0.0689655 0.172414 0.953008 
0.965517 0.0689655 0.172414 0.924172 
1 0.0689655 0.172414 0.979562 
0 0.103448 0.172414 0.9449 
0.0344828 0.103448 0.172414 0.96954 
0.0689655 0.103448 0.172414 0.954754 
0.103448 0.103448 0.172414 0.933348 
0.137931 0.103448 0.172414 0.981489 
0.172414 0.103448 0.172414 0.766299 
0.206897 0.103448 0.172414 0.954963 
0.241379 0.103448 0.172414 0.951197 
0.275862 0.103448 0.172414 0.769907 
0.310345 0.103448 0.172414 0.772368 
0.344828 0.103448 0.172414 0.921207 
0.37931 0.103448 0.172414 0.914352 
0.413793 0.103448 0.172414 0.933644 
0.448276 0.103448 0.172414 0.980122 
0.482759 0.103448 0.172414 0.944485 
0.517241 0.103448 0.172414 0.955932 
0.551724 0.103448 0.172414 0.946951 
0.586207 0.103448 0.172414 0.957162 
0.62069 0.103448 0.172414 0.950826 
0.655172 0.103448 0.172414 0.95865 
0.689655 0.103448 0.172414 0.918855 
0.724138 0.103448 0.172414 0.908583 
0.758621 0.103448 0.172414 0.925608 
0.793103 0.103448 0.172414 0.928024 
0.827586 0.103448 0.172414 0.959018 
0.862069 0.103448 0.172414 0.782401 
0.896552 0.103448 0.172414 0.890412 
0.931034 0.103448 0.172414 0.948974 
0.965517 0.103448 0.172414 0.782924 
1 0.103448 0.172414 0.842197 
0 0.137931 0.172414 0.989279 
0.0344828 0.137931 0.172414 0.924209 
0.0689655 0.137931 0.172414 0.947009 
0.103448 0.137931 0.172414 0.951355 
0.137931 0.137931 0.172414 0.956554 
0.172414 0.137931 0.172414 0.947737 
0.206897 0.137931 0.172414 0.950106 
0.241379 0.137931 0.172414 0.934415 
0.275862 0.137931 0.172414 0.948566 
0.310345 0.137931 0.172414 0.983821 
0.344828 0.137931 0.172414 0.761913 
0.37931 0.137931 0.172414 0.912116 
0.413793 0.137931 0.172414 0.924296 
0.448276 0.137931 0.172414 0.943337 
0.482759 0.137931 0.172414 0.920695 
0.517241 0.137931 0.172414 0.912834 
0.551724 0.137931 0.172414 0.922733 
0.586207 0.137931 0.172414 0.779824 
0.62069 0.137931 0.172414 0.886816 
0.655172 0.137931 0.172414 0.951203 
0.689655 0.137931 0.172414 0.973786 
0.724138 0.137931 0.172414 0.939192 
0.758621 0.137931 0.172414 0.949275 
0.793103 0.137931 0.172414 0.897835 
0.827586 0.137931 0.172414 0.945047 
0.862069 0.137931 0.172414 0.919558 
0.896552 0.137931 0.172414 0.940658 
0.931034 0.137931 0.172414 0.943184 
0.965517 0.137931 0.172414 0.962408 
1 0.137931 0.172414 0.93791 
0 0.172414 0.172414 0.942498 
0.0344828 0.172414 0.172414 0.968807 
0.0689655 0.172414 0.172414 0.895466 
0.103448 0.172414 0.172414 0.963745 
0.137931 0.172414 0.172414 0.889973 
0.172414 0.172414 0.172414 0.951815 
0.206897 0.172414 0.172414 0.916257 
0.241379 0.172414 0.172414 0.947932 
0.275862 0.172414 0.172414 0.943649 
0.310345 0.172414 0.172414 0.915817 
0.344828 0.172414 0.172414 0.984489 
0.37931 0.172414 0.172414 0.918495 
0.413793 0.172414 0.172414 0.939387 
0.448276 0.172414 0.172414 0.945283 
0.482759 0.172414 0.172414 0.95854 
0.517241 0.172414 0.172414 0.951964 
0.551724 0.172414 0.172414 0.945258 
0.586207 0.172414 0.172414 0.946926 
0.62069 0.172414 0.172414 0.913297 
0.655172 0.172414 0.172414 0.912306 
0.689655 0.172414 0.172414 0.916872 
0.724138 0.172414 0.172414 0.954014 
0.758621 0.172414 0.172414 0.951857 
0.793103 0.172414 0.172414 0.920076 
0.827586 0.172414 0.172414 0.944934 
0.862069 0.172414 0.172414 0.958812 
0.896552 0.172414 0.172414 0.874815 
0.931034 0.172414 0.172414 0.941272 
0.965517 0.172414 0.172414 0.94229 
1 0.172414 0.172414 0.952192 
0 0.206897 0.172414 0.947571 
0.0344828 0.206897 0.172414 0.957436 
0.0689655 0.206897 0.172414 0.908797 
0.103448 0.206897 0.172414 0.921081 
0.137931 0.206897 0.172414 0.915481 
0.172414 0.206897 0.172414 0.951027 
0.206897 0.206897 0.172414 0.944867 
0.241379 0.206897 0.172414 0.939349 
0.275862 0.206897 0.172414 0.914958 
0.310345 0.206897 0.172414 0.950606 
0.344828 0.206897 0.172414 0.919432 
0.37931 0.206897 0.172414 0.9643 
0.413793 0.206897 0.172414 0.955808 
0.448276 0.206897 0.172414 0.922634 
0.482759 0.206897 0.172414 0.949001 
0.517241 0.206897 0.172414 0.947441 
0.551724 0.206897 0.172414 0.94418 
0.586207 0.206897 0.172414 0.953934 
0.62069 0.206897 0.172414 0.905007 
0.655172 0.206897 0.172414 0.939531 
0.689655 0.206897 0.172414 0.761066 
0.724138 0.206897 0.172414 0.948655 
0.758621 0.206897 0.172414 0.923531 
0.793103 0.206897 0.172414 0.954334 
0.827586 0.206897 0.172414 0.956367 
0.862069 0.206897 0.172414 0.913192 
0.896552 0.206897 0.172414 0.926075 
0.931034 0.206897 0.172414 0.944949 
0.965517 0.206897 0.172414 0.956591 
1 0.206897 0.172414 0.913334 
0 0.241379 0.172414 0.945293 
0.0344828 0.241379 0.172414 0.915995 
0.0689655 0.241379 0.172414 0.95482 
0.103448 0.241379 0.172414 0.949864 
0.137931 0.241379 0.172414 0.909163 
0.172414 0.241379 0.172414 0.940204 
0.206897 0.241379 0.172414 0.948046 
0.241379 0.241379 0.172414 0.93913 
0.275862 0.241379 0.172414 0.945261 
0.310345 0.241379 0.172414 0.888714 
0.344828 0.241379 0.172414 0.901836 
0.37931 0.241379 0.172414 0.884971 
0.413793 0.241379 0.172414 0.971209 
0.448276 0.241379 0.172414 0.97345 
0.482759 0.241379 0.172414 0.756979 
0.517241 0.241379 0.172414 0.897476 
0.551724 0.241379 0.172414 0.942471 
0.586207 0.241379 0.172414 0.959229 
0.62069 0.241379 0.172414 0.928861 
0.655172 0.241379 0.172414 0.915094 
0.689655 0.241379 0.172414 0.950439 
0.724138 0.241379 0.172414 0.94925 
0.758621 0.241379 0.172414 1 
0.793103 0.241379 0.172414 0.9118 
0.827586 0.241379 0.172414 0.94522 
0.862069 0.241379 0.172414 0.970635 
0.896552 0.241379 0.172414 0.939078 
0.931034 0.241379 0.172414 0.93194 
0.965517 0.241379 0.172414 0.944754 
1 0.241379 0.172414 0.976457 
0 0.275862 0.172414 0.887829 
0.0344828 0.275862 0.172414 0.960056 
0.0689655 0.275862 0.172414 0.946652 
0.103448 0.275862 0.172414 0.901649 
0.137931 0.275862 0.172414 0.950656 
0.172414 0.275862 0.172414 0.946515 
0.206897 0.275862 0.172414 0.928964 
0.241379 0.275862 0.172414 0.928505 
0.275862 0.275862 0.172414 0.730712 
0.310345 0.275862 0.172414 0.937147 
0.344828 0.275862 0.172414 0.96854 
0.37931 0.275862 0.172414 0.950663 
0.413793 0.275862 0.172414 0.968384 
0.448276 0.275862 0.172414 0.905074 
0.482759 0.275862 0.172414 0.946564 
0.517241 0.275862 0.172414 0.937866 
0.551724 0.275862 0.172414 0.936611 
0.586207 0.275862 0.172414 0.942004 
0.62069 0.275862 0.172414 0.946326 
0.655172 0.275862 0.172414 0.974662 
0.689655 0.275862 0.172414 0.964438 
0.724138 0.275862 0.172414 0.942119 
0.758621 0.275862 0.172414 0.941564 
0.793103 0.275862 0.172414 0.941224 
0.827586 0.275862 0.172414 0.972423 
0.862069 0.275862 0.172414 0.957471 
0.896552 0.275862 0.172414 0.934306 
0.931034 0.275862 0.172414 0.947342 
0.965517 0.275862 0.172414 0.978144 
1 0.275862 0.172414 0.942607 
0 0.310345 0.172414 0.925555 
0.0344828 0.310345 0.172414 0.941948 
0.0689655 0.310345 0.172414 0.85838 
0.103448 0.310345 0.172414 0.879658 
0.137931 0.310345 0.172414 0.933185 
0.172414 0.310345 0.172414 0.880443 
0.206897 0.310345 0.172414 0.929595 
0.241379 0.310345 0.172414 0.912344 
0.275862 0.310345 0.172414 0.922464 
0.310345 0.310345 0.172414 0.78107 
0.344828 0.310345 0.172414 0.950409 
0.37931 0.310345 0.172414 0.885593 
0.413793 0.310345 0.172414 0.951936 
0.448276 0.310345 0.172414 0.946113 
0.482759 0.310345 0.172414 0.930548 
0.517241 0.310345 0.172414 0.894406 
0.551724 0.310345 0.172414 0.761094 
0.586207 0.310345 0.172414 0.922022 
0.62069 0.310345 0.172414 0.931574 
0.655172 0.310345 0.172414 0.917319 
0.689655 0.310345 0.172414 0.915892 
0.724138 0.310345 0.172414 0.885252 
0.758621 0.310345 0.172414 0.928811 
0.793103 0.310345 0.172414 0.97629 
0.827586 0.310345 0.172414 0.909819 
0.862069 0.310345 0.172414 0.974001 
0.896552 0.310345 0.172414 0.952609 
0.931034 0.310345 0.172414 0.961218 
0.965517 0.310345 0.172414 0.848935 
1 0.310345 0.172414 0.934785 
0 0.344828 0.172414 0.972543 
0.0344828 0.344828 0.172414 0.960578 
0.0689655 0.344828 0.172414 0.932327 
0.103448 0.344828 0.172414 0.955687 
0.137931 0.344828 0.172414 0.943203 
0.172414 0.344828 0.172414 0.852427 
0.206897 0.344828 0.172414 0.942239 
0.241379 0.344828 0.172414 0.75339 
0.275862 0.344828 0.172414 0.9135 
0.310345 0.344828 0.172414 0.939953 
0.344828 0.344828 0.172414 0.856904 
0.37931 0.344828 0.172414 0.949378 
0.413793 0.344828 0.172414 0.895114 
0.448276 0.344828 0.172414 0.932911 
0.482759 0.344828 0.172414 0.948639 
0.517241 0.344828 0.172414 0.738608 
0.551724 0.344828 0.172414 0.895804 
0.586207 0.344828 0.172414 0.977072 
0.62069 0.344828 0.172414 0.937168 
0.655172 0.344828 0.172414 0.925458 
0.689655 0.344828 0.172414 0.957849 
0.724138 0.344828 0.172414 0.927852 
0.758621 0.344828 0.172414 0.945077 
0.793103 0.344828 0.172414 0.91458 
0.827586 0.344828 0.172414 0.924106 
0.862069 0.344828 0.172414 0.937061 
0.896552 0.344828 0.172414 0.763846 
0.931034 0.344828 0.172414 0.940929 
0.965517 0.344828 0.172414 0.928951 
1 0.344828 0.172414 0.911131 
0 0.37931 0.172414 0.92475 
0.0344828 0.37931 0.172414 0.861979 
0.0689655 0.37931 0.172414 0.972832 
0.103448 0.37931 0.172414 0.860541 
0.137931 0.37931 0.172414 0.947793 
0.172414 0.37931 0.172414 0.90416 
0.206897 0.37931 0.172414 0.816923 
0.241379 0.37931 0.172414 0.961216 
0.275862 0.37931 0.172414 0.96656 
0.310345 0.37931 0.172414 0.920777 
0.344828 0.37931 0.172414 0.937838 
0.37931 0.37931 0.172414 0.914456 
0.413793 0.37931 0.172414 0.861541 
0.448276 0.37931 0.172414 0.913407 
0.482759 0.37931 0.172414 0.909707 
0.517241 0.37931 0.172414 0.836406 
0.551724 0.37931 0.172414 0.875558 
0.586207 0.37931 0.172414 0.935372 
0.62069 0.37931 0.172414 0.94571 
0.655172 0.37931 0.172414 0.942515 
0.689655 0.37931 0.172414 0.770624 
0.724138 0.37931 0.172414 0.966715 
0.758621 0.37931 0.172414 0.929592 
0.793103 0.37931 0.172414 0.923087 
0.827586 0.37931 0.172414 0.832512 
0.862069 0.37931 0.172414 0.882316 
0.896552 0.37931 0.172414 0.926432 
0.931034 0.37931 0.172414 0.967952 
0.965517 0.37931 0.172414 0.95779 
1 0.37931 0.172414 0.700591 
0 0.413793 0.172414 0.947536 
0.0344828 0.413793 0.172414 0.912395 
0.0689655 0.413793 0.172414 0.918915 
0.103448 0.413793 0.172414 0.837528 
0.137931 0.413793 0.172414 0.928863 
0.172414 0.413793 0.172414 0.937556 
0.206897 0.413793 0.172414 0.905767 
0.241379 0.413793 0.172414 0.916275 
0.275862 0.413793 0.172414 0.925598 
0.310345 0.413793 0.172414 0.900855 
0.344828 0.413793 0.172414 0.923321 
0.37931 0.413793 0.172414 0.939197 
0.413793 0.413793 0.172414 0.893028 
0.448276 0.413793 0.172414 0.952864 
0.482759 0.413793 0.172414 0.905798 
0.517241 0.413793 0.172414 0.850404 
0.551724 0.413793 0.172414 0.970634 
0.586207 0.413793 0.172414 0.947053 
0.62069 0.413793 0.172414 0.924266 
0.655172 0.413793 0.172414 0.934979 
0.689655 0.413793 0.172414 0.950165 
0.724138 0.413793 0.172414 0.887012 
0.758621 0.413793 0.172414 0.777162 
0.793103 0.413793 0.172414 0.959873 
0.827586 0.413793 0.172414 0.896909 
0.862069 0.413793 0.172414 0.926117 
0.896552 0.413793 0.172414 0.920757 
0.931034 0.413793 0.172414 0.952746 
0.965517 0.413793 0.172414 0.929137 
1 0.413793 0.172414 0.910368 
0 0.448276 0.172414 0.943062 
0.0344828 0.448276 0.172414 0.954836 
0.0689655 0.448276 0.172414 0.935851 
0.103448 0.448276 0.172414 0.928316 
0.137931 0.448276 0.172414 0.843774 
0.172414 0.448276 0.172414 0.778618 
0.206897 0.448276 0.172414 0.933143 
0.241379 0.448276 0.172414 0.913959 
0.275862 0.448276 0.172414 0.941768 
0.310345 0.448276 0.172414 0.985486 
0.344828 0.448276 0.172414 0.901831 
0.37931 0.448276 0.172414 0.905133 
0.413793 0.448276 0.172414 0.908884 
0.448276 0.448276 0.172414 0.816527 
0.482759 0.448276 0.172414 0.890637 
0.517241 0.448276 0.172414 0.941107 
0.551724 0.448276 0.172414 0.957556 
0.586207 0.448276 0.172414 0.909052 
0.62069 0.448276 0.172414 0.943387 
0.655172 0.448276 0.172414 0.920921 
0.689655 0.448276 0.172414 0.940553 
0.724138 0.448276 0.172414 0.946193 
0.758621 0.448276 0.172414 0.966173 
0.793103 0.448276 0.172414 0.923324 
0.827586 0.448276 0.172414 0.921716 
0.862069 0.448276 0.172414 0.929846 
0.896552 0.448276 0.172414 0.908492 
0.931034 0.448276 0.172414 0.920698 
0.965517 0.448276 0.172414 0.912364 
1 0.448276 0.172414 0.953602 
0 0.482759 0.172414 0.934476 
0.0344828 0.482759 0.172414 0.941658 
0.0689655 0.482759 0.172414 0.912799 
0.103448 0.482759 0.172414 0.889243 
0.137931 0.482759 0.172414 0.84646 
0.172414 0.482759 0.172414 0.94023 
0.206897 0.482759 0.172414 0.780724 
0.241379 0.482759 0.172414 0.779771 
0.275862 0.482759 0.172414 0.800882 
0.310345 0.482759 0.172414 0.765295 
0.344828 0.482759 0.172414 0.942893 
0.37931 0.482759 0.172414 0.94185 
0.413793 0.482759 0.172414 0.940646 
0.448276 0.482759 0.172414 0.941949 
0.482759 0.482759 0.172414 0.901595 
0.517241 0.482759 0.172414 0.902692 
0.551724 0.482759 0.172414 0.963415 
0.586207 0.482759 0.172414 0.914964 
0.62069 0.482759 0.172414 0.90303 
0.655172 0.482759 0.172414 0.939229 
0.689655 0.482759 0.172414 0.962785 
0.724138 0.482759 0.172414 0.922544 
0.758621 0.482759 0.172414 0.92595 
0.793103 0.482759 0.172414 0.931156 
0.827586 0.482759 0.172414 0.921794 
0.862069 0.482759 0.172414 0.928735 
0.896552 0.482759 0.172414 0.933263 
0.931034 0.482759 0.172414 0.949844 
0.965517 0.482759 0.172414 0.889022 
1 0.482759 0.172414 0.929414 
0 0.517241 0.172414 0.953795 
0.0344828 0.517241 0.172414 0.914269 
0.0689655 0.517241 0.172414 0.900895 
0.103448 0.517241 0.172414 0.917464 
0.137931 0.517241 0.172414 0.956855 
0.172414 0.517241 0.172414 0.911396 
0.206897 0.517241 0.172414 0.96369 
0.241379 0.517241 0.172414 0.923666 
0.275862 0.517241 0.172414 0.857092 
0.310345 0.517241 0.172414 0.919816 
0.344828 0.517241 0.172414 0.782989 
0.37931 0.517241 0.172414 0.81019 
0.413793 0.517241 0.172414 0.928752 
0.448276 0.517241 0.172414 0.935192 
0.482759 0.517241 0.172414 0.939087 
0.517241 0.517241 0.172414 0.912825 
0.551724 0.517241 0.172414 0.890651 
0.586207 0.517241 0.172414 0.922813 
0.62069 0.517241 0.172414 0.910763 
0.655172 0.517241 0.172414 0.939866 
0.689655 0.517241 0.172414 0.975066 
0.724138 0.517241 0.172414 0.961042 
0.758621 0.517241 0.172414 0.851857 
0.793103 0.517241 0.172414 0.851456 
0.827586 0.517241 0.172414 0.923502 
0.862069 0.517241 0.172414 0.79304 
0.896552 0.517241 0.172414 0.922484 
0.931034 0.517241 0.172414 0.786906 
0.965517 0.517241 0.172414 0.941662 
1 0.517241 0.172414 0.922742 
0 0.551724 0.172414 0.943487 
0.0344828 0.551724 0.172414 0.93357 
0.0689655 0.551724 0.172414 0.916495 
0.103448 0.551724 0.172414 0.903024 
0.137931 0.551724 0.172414 0.928882 
0.172414 0.551724 0.172414 0.908163 
0.206897 0.551724 0.172414 0.938833 
0.241379 0.551724 0.172414 0.974274 
0.275862 0.551724 0.172414 0.907984 
0.310345 0.551724 0.172414 0.847969 
0.344828 0.551724 0.172414 0.931035 
0.37931 0.551724 0.172414 0.958744 
0.413793 0.551724 0.172414 0.924215 
0.448276 0.551724 0.172414 0.941843 
0.482759 0.551724 0.172414 0.957997 
0.517241 0.551724 0.172414 0.930899 
0.551724 0.551724 0.172414 0.93926 
0.586207 0.551724 0.172414 0.946966 
0.62069 0.551724 0.172414 0.789068 
0.655172 0.551724 0.172414 0.935749 
0.689655 0.551724 0.172414 0.909363 
0.724138 0.551724 0.172414 0.829898 
0.758621 0.551724 0.172414 0.908685 
0.793103 0.551724 0.172414 0.927604 
0.827586 0.551724 0.172414 0.798379 
0.862069 0.551724 0.172414 0.917257 
0.896552 0.551724 0.172414 0.951045 
0.931034 0.551724 0.172414 0.92822 
0.965517 0.551724 0.172414 0.841108 
1 0.551724 0.172414 0.790606 
0 0.586207 0.172414 0.938713 
0.0344828 0.586207 0.172414 0.755622 
0.0689655 0.586207 0.172414 0.928942 
0.103448 0.586207 0.172414 0.880916 
0.137931 0.586207 0.172414 0.935313 
0.172414 0.586207 0.172414 0.942988 
0.206897 0.586207 0.172414 0.899196 
0.241379 0.586207 0.172414 0.79125 
0.275862 0.586207 0.172414 0.966033 
0.310345 0.586207 0.172414 0.940961 
0.344828 0.586207 0.172414 0.939804 
0.37931 0.586207 0.172414 0.973387 
0.413793 0.586207 0.172414 0.90995 
0.448276 0.586207 0.172414 0.933251 
0.482759 0.586207 0.172414 0.889652 
0.517241 0.586207 0.172414 0.85539 
0.551724 0.586207 0.172414 0.902616 
0.586207 0.586207 0.172414 0.801086 
0.62069 0.586207 0.172414 0.968844 
0.655172 0.586207 0.172414 0.911544 
0.689655 0.586207 0.172414 0.834711 
0.724138 0.586207 0.172414 0.782773 
0.758621 0.586207 0.172414 0.956352 
0.793103 0.586207 0.172414 0.948291 
0.827586 0.586207 0.172414 0.933365 
0.862069 0.586207 0.172414 0.916395 
0.896552 0.586207 0.172414 0.918895 
0.931034 0.586207 0.172414 0.846566 
0.965517 0.586207 0.172414 0.919174 
1 0.586207 0.172414 0.913651 
0 0.62069 0.172414 0.946077 
0.0344828 0.62069 0.172414 0.917465 
0.0689655 0.62069 0.172414 0.915011 
0.103448 0.62069 0.172414 0.924889 
0.137931 0.62069 0.172414 0.947444 
0.172414 0.62069 0.172414 0.899134 
0.206897 0.62069 0.172414 0.930101 
0.241379 0.62069 0.172414 0.909708 
0.275862 0.62069 0.172414 0.866406 
0.310345 0.62069 0.172414 0.905896 
0.344828 0.62069 0.172414 0.937401 
0.37931 0.62069 0.172414 0.989972 
0.413793 0.62069 0.172414 0.955001 
0.448276 0.62069 0.172414 0.958833 
0.482759 0.62069 0.172414 0.92868 
0.517241 0.62069 0.172414 0.929313 
0.551724 0.62069 0.172414 0.889165 
0.586207 0.62069 0.172414 0.847304 
0.62069 0.62069 0.172414 0.905229 
0.655172 0.62069 0.172414 0.899097 
0.689655 0.62069 0.172414 0.953703 
0.724138 0.62069 0.172414 0.847011 
0.758621 0.62069 0.172414 0.930602 
0.793103 0.62069 0.172414 0.907089 
0.827586 0.62069 0.172414 0.935682 
0.862069 0.62069 0.172414 0.913672 
0.896552 0.62069 0.172414 0.80277 
0.931034 0.62069 0.172414 0.92647 
0.965517 0.62069 0.172414 0.924701 
1 0.62069 0.172414 0.903349 
0 0.655172 0.172414 0.838033 
0.0344828 0.655172 0.172414 0.937024 
0.0689655 0.655172 0.172414 0.912359 
0.103448 0.655172 0.172414 0.935207 
0.137931 0.655172 0.172414 0.926215 
0.172414 0.655172 0.172414 0.747914 
0.206897 0.655172 0.172414 0.941885 
0.241379 0.655172 0.172414 0.935648 
0.275862 0.655172 0.172414 0.922954 
0.310345 0.655172 0.172414 0.917526 
0.344828 0.655172 0.172414 0.910098 
0.37931 0.655172 0.172414 0.897483 
0.413793 0.655172 0.172414 0.922658 
0.448276 0.655172 0.172414 0.928261 
0.482759 0.655172 0.172414 0.938608 
0.517241 0.655172 0.172414 0.922817 
0.551724 0.655172 0.172414 0.92252 
0.586207 0.655172 0.172414 0.925117 
0.62069 0.655172 0.172414 0.902706 
0.655172 0.655172 0.172414 0.927138 
0.689655 0.655172 0.172414 0.932649 
0.724138 0.655172 0.172414 0.810157 
0.758621 0.655172 0.172414 0.922957 
0.793103 0.655172 0.172414 0.927326 
0.827586 0.655172 0.172414 0.912742 
0.862069 0.655172 0.172414 0.89102 
0.896552 0.655172 0.172414 0.957346 
0.931034 0.655172 0.172414 0.942762 
0.965517 0.655172 0.172414 0.910493 
1 0.655172 0.172414 0.890614 
0 0.689655 0.172414 0.944139 
0.0344828 0.689655 0.172414 0.959646 
0.0689655 0.689655 0.172414 0.930203 
0.103448 0.689655 0.172414 0.924922 
0.137931 0.689655 0.172414 0.914258 
0.172414 0.689655 0.172414 0.928595 
0.206897 0.689655 0.172414 0.899134 
0.241379 0.689655 0.172414 0.943862 
0.275862 0.689655 0.172414 0.745574 
0.310345 0.689655 0.172414 0.931198 
0.344828 0.689655 0.172414 0.950225 
0.37931 0.689655 0.172414 0.926583 
0.413793 0.689655 0.172414 0.94778 
0.448276 0.689655 0.172414 0.930845 
0.482759 0.689655 0.172414 0.943912 
0.517241 0.689655 0.172414 0.925194 
0.551724 0.689655 0.172414 0.909127 
0.586207 0.689655 0.172414 0.925819 
0.62069 0.689655 0.172414 0.941777 
0.655172 0.689655 0.172414 0.924879 
0.689655 0.689655 0.172414 0.823294 
0.724138 0.689655 0.172414 0.945647 
0.758621 0.689655 0.172414 0.934515 
0.793103 0.689655 0.172414 0.925436 
0.827586 0.689655 0.172414 0.889129 
0.862069 0.689655 0.172414 0.920815 
0.896552 0.689655 0.172414 0.834576 
0.931034 0.689655 0.172414 0.921654 
0.965517 0.689655 0.172414 0.929509 
1 0.689655 0.172414 0.766932 
0 0.724138 0.172414 0.910404 
0.0344828 0.724138 0.172414 0.938813 
0.0689655 0.724138 0.172414 0.885867 
0.103448 0.724138 0.172414 0.929753 
0.137931 0.724138 0.172414 0.908744 
0.172414 0.724138 0.172414 0.93853 
0.206897 0.724138 0.172414 0.921384 
0.241379 0.724138 0.172414 0.927973 
0.275862 0.724138 0.172414 0.94973 
0.310345 0.724138 0.172414 0.962889 
0.344828 0.724138 0.172414 0.927059 
0.37931 0.724138 0.172414 0.751167 
0.413793 0.724138 0.172414 0.920082 
0.448276 0.724138 0.172414 0.924324 
0.482759 0.724138 0.172414 0.916159 
0.517241 0.724138 0.172414 0.770372 
0.551724 0.724138 0.172414 0.921019 
0.586207 0.724138 0.172414 0.869395 
0.62069 0.724138 0.172414 0.937313 
0.655172 0.724138 0.172414 0.920839 
0.689655 0.724138 0.172414 0.908808 
0.724138 0.724138 0.172414 0.710734 
0.758621 0.724138 0.172414 0.91284 
0.793103 0.724138 0.172414 0.897673 
0.827586 0.724138 0.172414 0.922741 
0.862069 0.724138 0.172414 0.936937 
0.896552 0.724138 0.172414 0.892556 
0.931034 0.724138 0.172414 0.93515 
0.965517 0.724138 0.172414 0.921542 
1 0.724138 0.172414 0.908129 
0 0.758621 0.172414 0.928887 
0.0344828 0.758621 0.172414 0.851326 
0.0689655 0.758621 0.172414 0.924238 
0.103448 0.758621 0.172414 0.929842 
0.137931 0.758621 0.172414 0.914334 
0.172414 0.758621 0.172414 0.75267 
0.206897 0.758621 0.172414 0.914839 
0.241379 0.758621 0.172414 0.909521 
0.275862 0.758621 0.172414 0.887193 
0.310345 0.758621 0.172414 0.920494 
0.344828 0.758621 0.172414 0.917125 
0.37931 0.758621 0.172414 0.958832 
0.413793 0.758621 0.172414 0.930977 
0.448276 0.758621 0.172414 0.930433 
0.482759 0.758621 0.172414 0.925518 
0.517241 0.758621 0.172414 0.912066 
0.551724 0.758621 0.172414 0.902901 
0.586207 0.758621 0.172414 0.900049 
0.62069 0.758621 0.172414 0.940677 
0.655172 0.758621 0.172414 0.881085 
0.689655 0.758621 0.172414 0.757043 
0.724138 0.758621 0.172414 0.908603 
0.758621 0.758621 0.172414 0.917128 
0.793103 0.758621 0.172414 0.969642 
0.827586 0.758621 0.172414 0.829687 
0.862069 0.758621 0.172414 0.941059 
0.896552 0.758621 0.172414 0.906513 
0.931034 0.758621 0.172414 0.933503 
0.965517 0.758621 0.172414 0.902978 
1 0.758621 0.172414 0.946699 
0 0.793103 0.172414 0.944123 
0.0344828 0.793103 0.172414 0.820178 
0.0689655 0.793103 0.172414 0.925277 
0.103448 0.793103 0.172414 0.923577 
0.137931 0.793103 0.172414 0.915628 
0.172414 0.793103 0.172414 0.931758 
0.206897 0.793103 0.172414 0.888082 
0.241379 0.793103 0.172414 0.884578 
0.275862 0.793103 0.172414 0.745552 
0.310345 0.793103 0.172414 0.905463 
0.344828 0.793103 0.172414 0.930204 
0.37931 0.793103 0.172414 0.916019 
0.413793 0.793103 0.172414 0.906729 
0.448276 0.793103 0.172414 0.921919 
0.482759 0.793103 0.172414 0.946115 
0.517241 0.793103 0.172414 0.913102 
0.551724 0.793103 0.172414 0.959482 
0.586207 0.793103 0.172414 0.908585 
0.62069 0.793103 0.172414 0.758364 
0.655172 0.793103 0.172414 0.921931 
0.689655 0.793103 0.172414 0.932359 
0.724138 0.793103 0.172414 0.924863 
0.758621 0.793103 0.172414 0.944598 
0.793103 0.793103 0.172414 0.942054 
0.827586 0.793103 0.172414 0.933485 
0.862069 0.793103 0.172414 0.920657 
0.896552 0.793103 0.172414 0.953175 
0.931034 0.793103 0.172414 0.924912 
0.965517 0.793103 0.172414 0.945971 
1 0.793103 0.172414 0.802537 
0 0.827586 0.172414 0.888649 
0.0344828 0.827586 0.172414 0.838933 
0.0689655 0.827586 0.172414 0.923494 
0.103448 0.827586 0.172414 0.94349 
0.137931 0.827586 0.172414 0.896781 
0.172414 0.827586 0.172414 0.952698 
0.206897 0.827586 0.172414 0.8315 
0.241379 0.827586 0.172414 0.886362 
0.275862 0.827586 0.172414 0.74562 
0.310345 0.827586 0.172414 0.906329 
0.344828 0.827586 0.172414 0.933722 
0.37931 0.827586 0.172414 0.927955 
0.413793 0.827586 0.172414 0.919577 
0.448276 0.827586 0.172414 0.895482 
0.482759 0.827586 0.172414 0.892786 
0.517241 0.827586 0.172414 0.929305 
0.551724 0.827586 0.172414 0.9262 
0.586207 0.827586 0.172414 0.928268 
0.62069 0.827586 0.172414 0.912387 
0.655172 0.827586 0.172414 0.873026 
0.689655 0.827586 0.172414 0.939488 
0.724138 0.827586 0.172414 0.867412 
0.758621 0.827586 0.172414 0.889366 
0.793103 0.827586 0.172414 0.908552 
0.827586 0.827586 0.172414 0.910285 
0.862069 0.827586 0.172414 0.966274 
0.896552 0.827586 0.172414 0.924301 
0.931034 0.827586 0.172414 0.927748 
0.965517 0.827586 0.172414 0.887852 
1 0.827586 0.172414 0.932229 
0 0.862069 0.172414 0.921383 
0.0344828 0.862069 0.172414 0.919275 
0.0689655 0.862069 0.172414 0.955109 
0.103448 0.862069 0.172414 0.919824 
0.137931 0.862069 0.172414 0.806106 
0.172414 0.862069 0.172414 0.927173 
0.206897 0.862069 0.172414 0.924086 
0.241379 0.862069 0.172414 0.883606 
0.275862 0.862069 0.172414 0.907766 
0.310345 0.862069 0.172414 0.945084 
0.344828 0.862069 0.172414 0.909916 
0.37931 0.862069 0.172414 0.920035 
0.413793 0.862069 0.172414 0.945224 
0.448276 0.862069 0.172414 0.917192 
0.482759 0.862069 0.172414 0.920832 
0.517241 0.862069 0.172414 0.948533 
0.551724 0.862069 0.172414 0.739478 
0.586207 0.862069 0.172414 0.863481 
0.62069 0.862069 0.172414 0.864527 
0.655172 0.862069 0.172414 0.9258 
0.689655 0.862069 0.172414 0.919241 
0.724138 0.862069 0.172414 0.926849 
0.758621 0.862069 0.172414 0.924007 
0.793103 0.862069 0.172414 0.931487 
0.827586 0.862069 0.172414 0.918692 
0.862069 0.862069 0.172414 0.869093 
0.896552 0.862069 0.172414 0.871715 
0.931034 0.862069 0.172414 0.951877 
0.965517 0.862069 0.172414 0.927503 
1 0.862069 0.172414 0.949591 
0 0.896552 0.172414 0.921199 
0.0344828 0.896552 0.172414 0.977138 
0.0689655 0.896552 0.172414 0.93315 
0.103448 0.896552 0.172414 0.859 
0.137931 0.896552 0.172414 0.905281 
0.172414 0.896552 0.172414 0.817235 
0.206897 0.896552 0.172414 0.955732 
0.241379 0.896552 0.172414 0.902983 
0.275862 0.896552 0.172414 0.896212 
0.310345 0.896552 0.172414 0.917598 
0.344828 0.896552 0.172414 0.839411 
0.37931 0.896552 0.172414 0.901778 
0.413793 0.896552 0.172414 0.746142 
0.448276 0.896552 0.172414 0.743545 
0.482759 0.896552 0.172414 0.911119 
0.517241 0.896552 0.172414 0.914477 
0.551724 0.896552 0.172414 0.890687 
0.586207 0.896552 0.172414 0.913737 
0.62069 0.896552 0.172414 0.92123 
0.655172 0.896552 0.172414 0.923916 
0.689655 0.896552 0.172414 0.921464 
0.724138 0.896552 0.172414 0.89074 
0.758621 0.896552 0.172414 0.944252 
0.793103 0.896552 0.172414 0.927775 
0.827586 0.896552 0.172414 0.745373 
0.862069 0.896552 0.172414 0.924664 
0.896552 0.896552 0.172414 0.920603 
0.931034 0.896552 0.172414 0.900071 
0.965517 0.896552 0.172414 0.935137 
1 0.896552 0.172414 0.901258 
0 0.931034 0.172414 0.856152 
0.0344828 0.931034 0.172414 0.791409 
0.0689655 0.931034 0.172414 0.931213 
0.103448 0.931034 0.172414 0.815497 
0.137931 0.931034 0.172414 0.903851 
0.172414 0.931034 0.172414 0.816623 
0.206897 0.931034 0.172414 0.897649 
0.241379 0.931034 0.172414 0.770088 
0.275862 0.931034 0.172414 0.943493 
0.310345 0.931034 0.172414 0.952487 
0.344828 0.931034 0.172414 0.933032 
0.37931 0.931034 0.172414 0.904781 
0.413793 0.931034 0.172414 0.87934 
0.448276 0.931034 0.172414 0.719742 
0.482759 0.931034 0.172414 0.911183 
0.517241 0.931034 0.172414 0.886802 
0.551724 0.931034 0.172414 0.950973 
0.586207 0.931034 0.172414 0.906708 
0.62069 0.931034 0.172414 0.916729 
0.655172 0.931034 0.172414 0.898334 
0.689655 0.931034 0.172414 0.950931 
0.724138 0.931034 0.172414 0.958218 
0.758621 0.931034 0.172414 0.909457 
0.793103 0.931034 0.172414 0.938683 
0.827586 0.931034 0.172414 0.913252 
0.862069 0.931034 0.172414 0.922418 
0.896552 0.931034 0.172414 0.931221 
0.931034 0.931034 0.172414 0.878527 
0.965517 0.931034 0.172414 0.938014 
1 0.931034 0.172414 0.980556 
0 0.965517 0.172414 0.903634 
0.0344828 0.965517 0.172414 0.790214 
0.0689655 0.965517 0.172414 0.916347 
0.103448 0.965517 0.172414 0.92875 
0.137931 0.965517 0.172414 0.92015 
0.172414 0.965517 0.172414 0.942469 
0.206897 0.965517 0.172414 0.865875 
0.241379 0.965517 0.172414 0.955648 
0.275862 0.965517 0.172414 0.801179 
0.310345 0.965517 0.172414 0.92723 
0.344828 0.965517 0.172414 0.931456 
0.37931 0.965517 0.172414 0.923998 
0.413793 0.965517 0.172414 0.886767 
0.448276 0.965517 0.172414 0.941819 
0.482759 0.965517 0.172414 0.897423 
0.517241 0.965517 0.172414 0.922215 
0.551724 0.965517 0.172414 0.933248 
0.586207 0.965517 0.172414 0.856717 
0.62069 0.965517 0.172414 0.922661 
0.655172 0.965517 0.172414 0.893509 
0.689655 0.965517 0.172414 0.893069 
0.724138 0.965517 0.172414 0.891217 
0.758621 0.965517 0.172414 0.924495 
0.793103 0.965517 0.172414 0.893079 
0.827586 0.965517 0.172414 0.905508 
0.862069 0.965517 0.172414 0.913761 
0.896552 0.965517 0.172414 0.945077 
0.931034 0.965517 0.172414 0.882056 
0.965517 0.965517 0.172414 0.855319 
1 0.965517 0.172414 0.962096 
0 1 0.172414 0.887196 
0.0344828 1 0.172414 0.956011 
0.0689655 1 0.172414 0.871044 
0.103448 1 0.172414 0.771015 
0.137931 1 0.172414 0.896303 
0.172414 1 0.172414 0.904654 
0.206897 1 0.172414 0.934343 
0.241379 1 0.172414 0.802813 
0.275862 1 0.172414 0.941746 
0.310345 1 0.172414 0.883272 
0.344828 1 0.172414 0.942376 
0.37931 1 0.172414 0.927091 
0.413793 1 0.172414 0.860187 
0.448276 1 0.172414 0.749304 
0.482759 1 0.172414 0.904407 
0.517241 1 0.172414 0.901984 
0.551724 1 0.172414 0.717298 
0.586207 1 0.172414 0.897706 
0.62069 1 0.172414 0.928118 
0.655172 1 0.172414 0.912427 
0.689655 1 0.172414 0.913828 
0.724138 1 0.172414 0.917152 
0.758621 1 0.172414 0.921882 
0.793103 1 0.172414 0.936562 
0.827586 1 0.172414 0.889553 
0.862069 1 0.172414 0.922474 
0.896552 1 0.172414 0.934945 
0.931034 1 0.172414 0.884673 
0.965517 1 0.172414 0.910313 
1 1 0.172414 0.909408 
0 0 0.206897 0.832519 
0.0344828 0 0.206897 0.832519 
0.0689655 0 0.206897 0.832519 
0.103448 0 0.206897 0.832519 
0.137931 0 0.206897 0.832519 
0.172414 0 0.206897 0.832519 
0.206897 0 0.206897 0.832519 
0.241379 0 0.206897 0.832519 
0.275862 0 0.206897 0.832519 
0.310345 0 0.206897 0.832519 
0.344828 0 0.206897 0.832519 
0.37931 0 0.206897 0.832519 
0.413793 0 0.206897 0.832519 
0.448276 0 0.206897 0.832519 
0.482759 0 0.206897 0.832519 
0.517241 0 0.206897 0.832519 
0.551724 0 0.206897 0.832519 
0.586207 0 0.206897 0.832519 
0.62069 0 0.206897 0.832519 
0.655172 0 0.206897 0.832519 
0.689655 0 0.206897 0.832519 
0.724138 0 0.206897 0.832519 
0.758621 0 0.206897 0.832519 
0.793103 0 0.206897 0.832519 
0.827586 0 0.206897 0.832519 
0.862069 0 0.206897 0.832519 
0.896552 0 0.206897 0.832519 
0.931034 0 0.206897 0.832519 
0.965517 0 0.206897 0.832519 
1 0 0.206897 0.832519 
0 0.0344828 0.206897 0.826266 
0.0344828 0.0344828 0.206897 0.835073 
0.0689655 0.0344828 0.206897 0.770851 
0.103448 0.0344828 0.206897 0.731953 
0.137931 0.0344828 0.206897 0.842611 
0.172414 0.0344828 0.206897 0.842695 
0.206897 0.0344828 0.206897 0.800358 
0.241379 0.0344828 0.206897 0.85846 
0.275862 0.0344828 0.206897 0.825797 
0.310345 0.0344828 0.206897 0.840568 
0.344828 0.0344828 0.206897 0.872494 
0.37931 0.0344828 0.206897 0.821833 
0.413793 0.0344828 0.206897 0.730672 
0.448276 0.0344828 0.206897 0.835645 
0.482759 0.0344828 0.206897 0.824798 
0.517241 0.0344828 0.206897 0.821381 
0.551724 0.0344828 0.206897 0.775496 
0.586207 0.0344828 0.206897 0.837238 
0.62069 0.0344828 0.206897 0.845397 
0.655172 0.0344828 0.206897 0.846469 
0.689655 0.0344828 0.206897 0.875377 
0.724138 0.0344828 0.206897 0.791246 
0.758621 0.0344828 0.206897 0.8385 
0.793103 0.0344828 0.206897 0.795228 
0.827586 0.0344828 0.206897 0.810365 
0.862069 0.0344828 0.206897 0.809193 
0.896552 0.0344828 0.206897 0.811812 
0.931034 0.0344828 0.206897 0.863483 
0.965517 0.0344828 0.206897 0.835833 
1 0.0344828 0.206897 0.80561 
0 0.0689655 0.206897 0.820316 
0.0344828 0.0689655 0.206897 0.718075 
0.0689655 0.0689655 0.206897 0.701788 
0.103448 0.0689655 0.206897 0.748792 
0.137931 0.0689655 0.206897 0.852529 
0.172414 0.0689655 0.206897 0.835462 
0.206897 0.0689655 0.206897 0.805826 
0.241379 0.0689655 0.206897 0.822017 
0.275862 0.0689655 0.206897 0.839401 
0.310345 0.0689655 0.206897 0.828832 
0.344828 0.0689655 0.206897 0.724432 
0.37931 0.0689655 0.206897 0.819724 
0.413793 0.0689655 0.206897 0.763406 
0.448276 0.0689655 0.206897 0.715528 
0.482759 0.0689655 0.206897 0.828905 
0.517241 0.0689655 0.206897 0.853344 
0.551724 0.0689655 0.206897 0.838962 
0.586207 0.0689655 0.206897 0.784686 
0.62069 0.0689655 0.206897 0.82243 
0.655172 0.0689655 0.206897 0.787116 
0.689655 0.0689655 0.206897 0.850892 
0.724138 0.0689655 0.206897 0.679001 
0.758621 0.0689655 0.206897 0.752558 
0.793103 0.0689655 0.206897 0.841146 
0.827586 0.0689655 0.206897 0.88091 
0.862069 0.0689655 0.206897 0.833406 
0.896552 0.0689655 0.206897 0.869319 
0.931034 0.0689655 0.206897 0.83486 
0.965517 0.0689655 0.206897 0.839155 
1 0.0689655 0.206897 0.770341 
0 0.103448 0.206897 0.865315 
0.0344828 0.103448 0.206897 0.721905 
0.0689655 0.103448 0.206897 0.802726 
0.103448 0.103448 0.206897 0.809561 
0.137931 0.103448 0.206897 0.854996 
0.172414 0.103448 0.206897 0.737074 
0.206897 0.103448 0.206897 0.854415 
0.241379 0.103448 0.206897 0.820919 
0.275862 0.103448 0.206897 0.713524 
0.310345 0.103448 0.206897 0.733958 
0.344828 0.103448 0.206897 0.803888 
0.37931 0.103448 0.206897 0.819475 
0.413793 0.103448 0.206897 0.725029 
0.448276 0.103448 0.206897 0.739409 
0.482759 0.103448 0.206897 0.842193 
0.517241 0.103448 0.206897 0.843472 
0.551724 0.103448 0.206897 0.832841 
0.586207 0.103448 0.206897 0.823134 
0.62069 0.103448 0.206897 0.836489 
0.655172 0.103448 0.206897 0.858028 
0.689655 0.103448 0.206897 0.86731 
0.724138 0.103448 0.206897 0.871846 
0.758621 0.103448 0.206897 0.872401 
0.793103 0.103448 0.206897 0.805348 
0.827586 0.103448 0.206897 0.831394 
0.862069 0.103448 0.206897 0.720402 
0.896552 0.103448 0.206897 0.868439 
0.931034 0.103448 0.206897 0.836349 
0.965517 0.103448 0.206897 0.71896 
1 0.103448 0.206897 0.741108 
0 0.137931 0.206897 0.843987 
0.0344828 0.137931 0.206897 0.805638 
0.0689655 0.137931 0.206897 0.83218 
0.103448 0.137931 0.206897 0.812109 
0.137931 0.137931 0.206897 0.829874 
0.172414 0.137931 0.206897 0.828777 
0.206897 0.137931 0.206897 0.822823 
0.241379 0.137931 0.206897 0.701989 
0.275862 0.137931 0.206897 0.848026 
0.310345 0.137931 0.206897 0.811996 
0.344828 0.137931 0.206897 0.738478 
0.37931 0.137931 0.206897 0.828862 
0.413793 0.137931 0.206897 0.788124 
0.448276 0.137931 0.206897 0.858317 
0.482759 0.137931 0.206897 0.823477 
0.517241 0.137931 0.206897 0.839154 
0.551724 0.137931 0.206897 0.812948 
0.586207 0.137931 0.206897 0.642052 
0.62069 0.137931 0.206897 0.810089 
0.655172 0.137931 0.206897 0.815218 
0.689655 0.137931 0.206897 0.856464 
0.724138 0.137931 0.206897 0.826038 
0.758621 0.137931 0.206897 0.83047 
0.793103 0.137931 0.206897 0.803005 
0.827586 0.137931 0.206897 0.837543 
0.862069 0.137931 0.206897 0.83353 
0.896552 0.137931 0.206897 0.83052 
0.931034 0.137931 0.206897 0.842805 
0.965517 0.137931 0.206897 0.771442 
1 0.137931 0.206897 0.724363 
0 0.172414 0.206897 0.838712 
0.0344828 0.172414 0.206897 0.837921 
0.0689655 0.172414 0.206897 0.838027 
0.103448 0.172414 0.206897 0.799285 
0.137931 0.172414 0.206897 0.816283 
0.172414 0.172414 0.206897 0.833781 
0.206897 0.172414 0.206897 0.853407 
0.241379 0.172414 0.206897 0.804924 
0.275862 0.172414 0.206897 0.849943 
0.310345 0.172414 0.206897 0.815658 
0.344828 0.172414 0.206897 0.849569 
0.37931 0.172414 0.206897 0.784578 
0.413793 0.172414 0.206897 0.826923 
0.448276 0.172414 0.206897 0.827347 
0.482759 0.172414 0.206897 0.821146 
0.517241 0.172414 0.206897 0.807511 
0.551724 0.172414 0.206897 0.709357 
0.586207 0.172414 0.206897 0.852074 
0.62069 0.172414 0.206897 0.826879 
0.655172 0.172414 0.206897 0.854321 
0.689655 0.172414 0.206897 0.849643 
0.724138 0.172414 0.206897 0.818622 
0.758621 0.172414 0.206897 0.861232 
0.793103 0.172414 0.206897 0.826877 
0.827586 0.172414 0.206897 0.8462 
0.862069 0.172414 0.206897 0.723073 
0.896552 0.172414 0.206897 0.833894 
0.931034 0.172414 0.206897 0.812639 
0.965517 0.172414 0.206897 0.851334 
1 0.172414 0.206897 0.834234 
0 0.206897 0.206897 0.832087 
0.0344828 0.206897 0.206897 0.788824 
0.0689655 0.206897 0.206897 0.800306 
0.103448 0.206897 0.206897 0.822758 
0.137931 0.206897 0.206897 0.819122 
0.172414 0.206897 0.206897 0.809455 
0.206897 0.206897 0.206897 0.812442 
0.241379 0.206897 0.206897 0.831679 
0.275862 0.206897 0.206897 0.798382 
0.310345 0.206897 0.206897 0.823291 
0.344828 0.206897 0.206897 0.83136 
0.37931 0.206897 0.206897 0.831599 
0.413793 0.206897 0.206897 0.855205 
0.448276 0.206897 0.206897 0.803878 
0.482759 0.206897 0.206897 0.847306 
0.517241 0.206897 0.206897 0.811541 
0.551724 0.206897 0.206897 0.82345 
0.586207 0.206897 0.206897 0.830884 
0.62069 0.206897 0.206897 0.814465 
0.655172 0.206897 0.206897 0.786629 
0.689655 0.206897 0.206897 0.644417 
0.724138 0.206897 0.206897 0.838937 
0.758621 0.206897 0.206897 0.803164 
0.793103 0.206897 0.206897 0.840411 
0.827586 0.206897 0.206897 0.815818 
0.862069 0.206897 0.206897 0.804452 
0.896552 0.206897 0.206897 0.854848 
0.931034 0.206897 0.206897 0.83512 
0.965517 0.206897 0.206897 0.803181 
1 0.206897 0.206897 0.825305 
0 0.241379 0.206897 0.837612 
0.0344828 0.241379 0.206897 0.815249 
0.0689655 0.241379 0.206897 0.84877 
0.103448 0.241379 0.206897 0.839591 
0.137931 0.241379 0.206897 0.673665 
0.172414 0.241379 0.206897 0.845736 
0.206897 0.241379 0.206897 0.838009 
0.241379 0.241379 0.206897 0.819693 
0.275862 0.241379 0.206897 0.846115 
0.310345 0.241379 0.206897 0.780761 
0.344828 0.241379 0.206897 0.771472 
0.37931 0.241379 0.206897 0.817874 
0.413793 0.241379 0.206897 0.853047 
0.448276 0.241379 0.206897 0.835157 
0.482759 0.241379 0.206897 0.748034 
0.517241 0.241379 0.206897 0.823909 
0.551724 0.241379 0.206897 0.804736 
0.586207 0.241379 0.206897 0.818042 
0.62069 0.241379 0.206897 0.857279 
0.655172 0.241379 0.206897 0.687233 
0.689655 0.241379 0.206897 0.825412 
0.724138 0.241379 0.206897 0.842381 
0.758621 0.241379 0.206897 0.840262 
0.793103 0.241379 0.206897 0.841634 
0.827586 0.241379 0.206897 0.832104 
0.862069 0.241379 0.206897 0.848119 
0.896552 0.241379 0.206897 0.837581 
0.931034 0.241379 0.206897 0.826721 
0.965517 0.241379 0.206897 0.811187 
1 0.241379 0.206897 0.837192 
0 0.275862 0.206897 0.716618 
0.0344828 0.275862 0.206897 0.836037 
0.0689655 0.275862 0.206897 0.820552 
0.103448 0.275862 0.206897 0.809077 
0.137931 0.275862 0.206897 0.841116 
0.172414 0.275862 0.206897 0.829383 
0.206897 0.275862 0.206897 0.781416 
0.241379 0.275862 0.206897 0.832158 
0.275862 0.275862 0.206897 0.655755 
0.310345 0.275862 0.206897 0.799943 
0.344828 0.275862 0.206897 0.826207 
0.37931 0.275862 0.206897 0.808651 
0.413793 0.275862 0.206897 0.808953 
0.448276 0.275862 0.206897 0.672758 
0.482759 0.275862 0.206897 0.815302 
0.517241 0.275862 0.206897 0.821304 
0.551724 0.275862 0.206897 0.843104 
0.586207 0.275862 0.206897 0.824097 
0.62069 0.275862 0.206897 0.833822 
0.655172 0.275862 0.206897 0.844613 
0.689655 0.275862 0.206897 0.785292 
0.724138 0.275862 0.206897 0.784712 
0.758621 0.275862 0.206897 0.82344 
0.793103 0.275862 0.206897 0.805843 
0.827586 0.275862 0.206897 0.85369 
0.862069 0.275862 0.206897 0.83504 
0.896552 0.275862 0.206897 0.836414 
0.931034 0.275862 0.206897 0.829939 
0.965517 0.275862 0.206897 0.839016 
1 0.275862 0.206897 0.827363 
0 0.310345 0.206897 0.836304 
0.0344828 0.310345 0.206897 0.820916 
0.0689655 0.310345 0.206897 0.825558 
0.103448 0.310345 0.206897 0.818111 
0.137931 0.310345 0.206897 0.807628 
0.172414 0.310345 0.206897 0.668689 
0.206897 0.310345 0.206897 0.801699 
0.241379 0.310345 0.206897 0.774032 
0.275862 0.310345 0.206897 0.805073 
0.310345 0.310345 0.206897 0.813509 
0.344828 0.310345 0.206897 0.839109 
0.37931 0.310345 0.206897 0.670191 
0.413793 0.310345 0.206897 0.829303 
0.448276 0.310345 0.206897 0.834861 
0.482759 0.310345 0.206897 0.778033 
0.517241 0.310345 0.206897 0.808353 
0.551724 0.310345 0.206897 0.779327 
0.586207 0.310345 0.206897 0.802534 
0.62069 0.310345 0.206897 0.804688 
0.655172 0.310345 0.206897 0.678285 
0.689655 0.310345 0.206897 0.825209 
0.724138 0.310345 0.206897 0.823655 
0.758621 0.310345 0.206897 0.782876 
0.793103 0.310345 0.206897 0.829903 
0.827586 0.310345 0.206897 0.806086 
0.862069 0.310345 0.206897 0.833358 
0.896552 0.310345 0.206897 0.840327 
0.931034 0.310345 0.206897 0.694114 
0.965517 0.310345 0.206897 0.809793 
1 0.310345 0.206897 0.808744 
0 0.344828 0.206897 0.797225 
0.0344828 0.344828 0.206897 0.857497 
0.0689655 0.344828 0.206897 0.833403 
0.103448 0.344828 0.206897 0.829281 
0.137931 0.344828 0.206897 0.811433 
0.172414 0.344828 0.206897 0.600309 
0.206897 0.344828 0.206897 0.81842 
0.241379 0.344828 0.206897 0.837281 
0.275862 0.344828 0.206897 0.812686 
0.310345 0.344828 0.206897 0.797249 
0.344828 0.344828 0.206897 0.664207 
0.37931 0.344828 0.206897 0.871095 
0.413793 0.344828 0.206897 0.801722 
0.448276 0.344828 0.206897 0.818645 
0.482759 0.344828 0.206897 0.845025 
0.517241 0.344828 0.206897 0.660965 
0.551724 0.344828 0.206897 0.67692 
0.586207 0.344828 0.206897 0.828479 
0.62069 0.344828 0.206897 0.807139 
0.655172 0.344828 0.206897 0.850716 
0.689655 0.344828 0.206897 0.829511 
0.724138 0.344828 0.206897 0.831124 
0.758621 0.344828 0.206897 0.820761 
0.793103 0.344828 0.206897 0.829884 
0.827586 0.344828 0.206897 0.68074 
0.862069 0.344828 0.206897 0.807275 
0.896552 0.344828 0.206897 0.810895 
0.931034 0.344828 0.206897 0.828363 
0.965517 0.344828 0.206897 0.694611 
1 0.344828 0.206897 0.810934 
0 0.37931 0.206897 0.818652 
0.0344828 0.37931 0.206897 0.844707 
0.0689655 0.37931 0.206897 0.799268 
0.103448 0.37931 0.206897 0.776797 
0.137931 0.37931 0.206897 0.812078 
0.172414 0.37931 0.206897 0.794514 
0.206897 0.37931 0.206897 0.671353 
0.241379 0.37931 0.206897 0.813306 
0.275862 0.37931 0.206897 0.833728 
0.310345 0.37931 0.206897 0.800706 
0.344828 0.37931 0.206897 0.817733 
0.37931 0.37931 0.206897 0.800138 
0.413793 0.37931 0.206897 0.665168 
0.448276 0.37931 0.206897 0.823252 
0.482759 0.37931 0.206897 0.799145 
0.517241 0.37931 0.206897 0.666532 
0.551724 0.37931 0.206897 0.665473 
0.586207 0.37931 0.206897 0.824082 
0.62069 0.37931 0.206897 0.797012 
0.655172 0.37931 0.206897 0.802014 
0.689655 0.37931 0.206897 0.817743 
0.724138 0.37931 0.206897 0.830651 
0.758621 0.37931 0.206897 0.787013 
0.793103 0.37931 0.206897 0.817522 
0.827586 0.37931 0.206897 0.818144 
0.862069 0.37931 0.206897 0.818345 
0.896552 0.37931 0.206897 0.759743 
0.931034 0.37931 0.206897 0.824311 
0.965517 0.37931 0.206897 0.83326 
1 0.37931 0.206897 0.780161 
0 0.413793 0.206897 0.76905 
0.0344828 0.413793 0.206897 0.799966 
0.0689655 0.413793 0.206897 0.799161 
0.103448 0.413793 0.206897 0.844748 
0.137931 0.413793 0.206897 0.837725 
0.172414 0.413793 0.206897 0.844881 
0.206897 0.413793 0.206897 0.804843 
0.241379 0.413793 0.206897 0.847774 
0.275862 0.413793 0.206897 0.761376 
0.310345 0.413793 0.206897 0.781008 
0.344828 0.413793 0.206897 0.841417 
0.37931 0.413793 0.206897 0.830238 
0.413793 0.413793 0.206897 0.748989 
0.448276 0.413793 0.206897 0.812145 
0.482759 0.413793 0.206897 0.797078 
0.517241 0.413793 0.206897 0.668292 
0.551724 0.413793 0.206897 0.792902 
0.586207 0.413793 0.206897 0.825073 
0.62069 0.413793 0.206897 0.848552 
0.655172 0.413793 0.206897 0.780973 
0.689655 0.413793 0.206897 0.827527 
0.724138 0.413793 0.206897 0.822072 
0.758621 0.413793 0.206897 0.812046 
0.793103 0.413793 0.206897 0.847259 
0.827586 0.413793 0.206897 0.666996 
0.862069 0.413793 0.206897 0.816633 
0.896552 0.413793 0.206897 0.66876 
0.931034 0.413793 0.206897 0.820891 
0.965517 0.413793 0.206897 0.822656 
1 0.413793 0.206897 0.812176 
0 0.448276 0.206897 0.753619 
0.0344828 0.448276 0.206897 0.843695 
0.0689655 0.448276 0.206897 0.819855 
0.103448 0.448276 0.206897 0.81934 
0.137931 0.448276 0.206897 0.833864 
0.172414 0.448276 0.206897 0.695495 
0.206897 0.448276 0.206897 0.817886 
0.241379 0.448276 0.206897 0.797276 
0.275862 0.448276 0.206897 0.840582 
0.310345 0.448276 0.206897 0.807576 
0.344828 0.448276 0.206897 0.807902 
0.37931 0.448276 0.206897 0.824783 
0.413793 0.448276 0.206897 0.805076 
0.448276 0.448276 0.206897 0.673967 
0.482759 0.448276 0.206897 0.776295 
0.517241 0.448276 0.206897 0.824951 
0.551724 0.448276 0.206897 0.798262 
0.586207 0.448276 0.206897 0.812469 
0.62069 0.448276 0.206897 0.825615 
0.655172 0.448276 0.206897 0.779968 
0.689655 0.448276 0.206897 0.847043 
0.724138 0.448276 0.206897 0.822625 
0.758621 0.448276 0.206897 0.819928 
0.793103 0.448276 0.206897 0.823804 
0.827586 0.448276 0.206897 0.799046 
0.862069 0.448276 0.206897 0.747352 
0.896552 0.448276 0.206897 0.799436 
0.931034 0.448276 0.206897 0.821703 
0.965517 0.448276 0.206897 0.828682 
1 0.448276 0.206897 0.826093 
0 0.482759 0.206897 0.794239 
0.0344828 0.482759 0.206897 0.767811 
0.0689655 0.482759 0.206897 0.797035 
0.103448 0.482759 0.206897 0.839351 
0.137931 0.482759 0.206897 0.812776 
0.172414 0.482759 0.206897 0.814591 
0.206897 0.482759 0.206897 0.696193 
0.241379 0.482759 0.206897 0.692332 
0.275862 0.482759 0.206897 0.679883 
0.310345 0.482759 0.206897 0.597319 
0.344828 0.482759 0.206897 0.82983 
0.37931 0.482759 0.206897 0.811 
0.413793 0.482759 0.206897 0.803716 
0.448276 0.482759 0.206897 0.826072 
0.482759 0.482759 0.206897 0.828112 
0.517241 0.482759 0.206897 0.779013 
0.551724 0.482759 0.206897 0.811691 
0.586207 0.482759 0.206897 0.832651 
0.62069 0.482759 0.206897 0.770466 
0.655172 0.482759 0.206897 0.820296 
0.689655 0.482759 0.206897 0.822452 
0.724138 0.482759 0.206897 0.823082 
0.758621 0.482759 0.206897 0.822734 
0.793103 0.482759 0.206897 0.825582 
0.827586 0.482759 0.206897 0.771425 
0.862069 0.482759 0.206897 0.817874 
0.896552 0.482759 0.206897 0.822429 
0.931034 0.482759 0.206897 0.833056 
0.965517 0.482759 0.206897 0.666477 
1 0.482759 0.206897 0.818925 
0 0.517241 0.206897 0.832877 
0.0344828 0.517241 0.206897 0.814359 
0.0689655 0.517241 0.206897 0.801134 
0.103448 0.517241 0.206897 0.804637 
0.137931 0.517241 0.206897 0.856754 
0.172414 0.517241 0.206897 0.812781 
0.206897 0.517241 0.206897 0.736474 
0.241379 0.517241 0.206897 0.829597 
0.275862 0.517241 0.206897 0.846687 
0.310345 0.517241 0.206897 0.822928 
0.344828 0.517241 0.206897 0.688378 
0.37931 0.517241 0.206897 0.829516 
0.413793 0.517241 0.206897 0.742778 
0.448276 0.517241 0.206897 0.822264 
0.482759 0.517241 0.206897 0.821409 
0.517241 0.517241 0.206897 0.795368 
0.551724 0.517241 0.206897 0.807408 
0.586207 0.517241 0.206897 0.801079 
0.62069 0.517241 0.206897 0.796997 
0.655172 0.517241 0.206897 0.839596 
0.689655 0.517241 0.206897 0.800125 
0.724138 0.517241 0.206897 0.817946 
0.758621 0.517241 0.206897 0.661994 
0.793103 0.517241 0.206897 0.661968 
0.827586 0.517241 0.206897 0.818582 
0.862069 0.517241 0.206897 0.825506 
0.896552 0.517241 0.206897 0.791511 
0.931034 0.517241 0.206897 0.825103 
0.965517 0.517241 0.206897 0.795294 
1 0.517241 0.206897 0.73237 
0 0.551724 0.206897 0.713365 
0.0344828 0.551724 0.206897 0.798702 
0.0689655 0.551724 0.206897 0.808706 
0.103448 0.551724 0.206897 0.805053 
0.137931 0.551724 0.206897 0.808205 
0.172414 0.551724 0.206897 0.828564 
0.206897 0.551724 0.206897 0.835589 
0.241379 0.551724 0.206897 0.770426 
0.275862 0.551724 0.206897 0.801343 
0.310345 0.551724 0.206897 0.828511 
0.344828 0.551724 0.206897 0.823539 
0.37931 0.551724 0.206897 0.787009 
0.413793 0.551724 0.206897 0.826935 
0.448276 0.551724 0.206897 0.745228 
0.482759 0.551724 0.206897 0.831733 
0.517241 0.551724 0.206897 0.744305 
0.551724 0.551724 0.206897 0.819876 
0.586207 0.551724 0.206897 0.856511 
0.62069 0.551724 0.206897 0.67575 
0.655172 0.551724 0.206897 0.830566 
0.689655 0.551724 0.206897 0.817978 
0.724138 0.551724 0.206897 0.841922 
0.758621 0.551724 0.206897 0.802203 
0.793103 0.551724 0.206897 0.796289 
0.827586 0.551724 0.206897 0.836301 
0.862069 0.551724 0.206897 0.824523 
0.896552 0.551724 0.206897 0.839974 
0.931034 0.551724 0.206897 0.813814 
0.965517 0.551724 0.206897 0.826064 
1 0.551724 0.206897 0.824411 
0 0.586207 0.206897 0.843905 
0.0344828 0.586207 0.206897 0.634433 
0.0689655 0.586207 0.206897 0.810611 
0.103448 0.586207 0.206897 0.798072 
0.137931 0.586207 0.206897 0.825803 
0.172414 0.586207 0.206897 0.728324 
0.206897 0.586207 0.206897 0.808159 
0.241379 0.586207 0.206897 0.762375 
0.275862 0.586207 0.206897 0.714255 
0.310345 0.586207 0.206897 0.810306 
0.344828 0.586207 0.206897 0.822598 
0.37931 0.586207 0.206897 0.80446 
0.413793 0.586207 0.206897 0.809472 
0.448276 0.586207 0.206897 0.800101 
0.482759 0.586207 0.206897 0.703737 
0.517241 0.586207 0.206897 0.845836 
0.551724 0.586207 0.206897 0.798568 
0.586207 0.586207 0.206897 0.859939 
0.62069 0.586207 0.206897 0.814408 
0.655172 0.586207 0.206897 0.792697 
0.689655 0.586207 0.206897 0.665764 
0.724138 0.586207 0.206897 0.81878 
0.758621 0.586207 0.206897 0.843196 
0.793103 0.586207 0.206897 0.78682 
0.827586 0.586207 0.206897 0.811576 
0.862069 0.586207 0.206897 0.815105 
0.896552 0.586207 0.206897 0.81371 
0.931034 0.586207 0.206897 0.830982 
0.965517 0.586207 0.206897 0.807336 
1 0.586207 0.206897 0.808718 
0 0.62069 0.206897 0.815528 
0.0344828 0.62069 0.206897 0.643503 
0.0689655 0.62069 0.206897 0.840976 
0.103448 0.62069 0.206897 0.825602 
0.137931 0.62069 0.206897 0.828037 
0.172414 0.62069 0.206897 0.793494 
0.206897 0.62069 0.206897 0.825847 
0.241379 0.62069 0.206897 0.796042 
0.275862 0.62069 0.206897 0.803806 
0.310345 0.62069 0.206897 0.79406 
0.344828 0.62069 0.206897 0.835021 
0.37931 0.62069 0.206897 0.885536 
0.413793 0.62069 0.206897 0.732523 
0.448276 0.62069 0.206897 0.756115 
0.482759 0.62069 0.206897 0.811263 
0.517241 0.62069 0.206897 0.828124 
0.551724 0.62069 0.206897 0.829707 
0.586207 0.62069 0.206897 0.840155 
0.62069 0.62069 0.206897 0.765179 
0.655172 0.62069 0.206897 0.773913 
0.689655 0.62069 0.206897 0.831721 
0.724138 0.62069 0.206897 0.793597 
0.758621 0.62069 0.206897 0.810983 
0.793103 0.62069 0.206897 0.795566 
0.827586 0.62069 0.206897 0.84522 
0.862069 0.62069 0.206897 0.756851 
0.896552 0.62069 0.206897 0.81833 
0.931034 0.62069 0.206897 0.838837 
0.965517 0.62069 0.206897 0.815594 
1 0.62069 0.206897 0.804084 
0 0.655172 0.206897 0.809321 
0.0344828 0.655172 0.206897 0.809341 
0.0689655 0.655172 0.206897 0.810271 
0.103448 0.655172 0.206897 0.813971 
0.137931 0.655172 0.206897 0.817111 
0.172414 0.655172 0.206897 0.727052 
0.206897 0.655172 0.206897 0.691082 
0.241379 0.655172 0.206897 0.821309 
0.275862 0.655172 0.206897 0.825439 
0.310345 0.655172 0.206897 0.833053 
0.344828 0.655172 0.206897 0.813477 
0.37931 0.655172 0.206897 0.811928 
0.413793 0.655172 0.206897 0.813853 
0.448276 0.655172 0.206897 0.709171 
0.482759 0.655172 0.206897 0.792821 
0.517241 0.655172 0.206897 0.813381 
0.551724 0.655172 0.206897 0.835353 
0.586207 0.655172 0.206897 0.818332 
0.62069 0.655172 0.206897 0.797129 
0.655172 0.655172 0.206897 0.835721 
0.689655 0.655172 0.206897 0.809571 
0.724138 0.655172 0.206897 0.675732 
0.758621 0.655172 0.206897 0.846971 
0.793103 0.655172 0.206897 0.808153 
0.827586 0.655172 0.206897 0.822776 
0.862069 0.655172 0.206897 0.781919 
0.896552 0.655172 0.206897 0.78505 
0.931034 0.655172 0.206897 0.82982 
0.965517 0.655172 0.206897 0.847925 
1 0.655172 0.206897 0.793792 
0 0.689655 0.206897 0.80281 
0.0344828 0.689655 0.206897 0.827314 
0.0689655 0.689655 0.206897 0.828455 
0.103448 0.689655 0.206897 0.814156 
0.137931 0.689655 0.206897 0.672459 
0.172414 0.689655 0.206897 0.828074 
0.206897 0.689655 0.206897 0.805528 
0.241379 0.689655 0.206897 0.779179 
0.275862 0.689655 0.206897 0.76668 
0.310345 0.689655 0.206897 0.824779 
0.344828 0.689655 0.206897 0.854704 
0.37931 0.689655 0.206897 0.840571 
0.413793 0.689655 0.206897 0.817976 
0.448276 0.689655 0.206897 0.83586 
0.482759 0.689655 0.206897 0.835689 
0.517241 0.689655 0.206897 0.796905 
0.551724 0.689655 0.206897 0.832475 
0.586207 0.689655 0.206897 0.816828 
0.62069 0.689655 0.206897 0.73262 
0.655172 0.689655 0.206897 0.824165 
0.689655 0.689655 0.206897 0.79057 
0.724138 0.689655 0.206897 0.814569 
0.758621 0.689655 0.206897 0.746201 
0.793103 0.689655 0.206897 0.733635 
0.827586 0.689655 0.206897 0.776521 
0.862069 0.689655 0.206897 0.823132 
0.896552 0.689655 0.206897 0.837019 
0.931034 0.689655 0.206897 0.801262 
0.965517 0.689655 0.206897 0.812468 
1 0.689655 0.206897 0.607976 
0 0.724138 0.206897 0.823852 
0.0344828 0.724138 0.206897 0.811558 
0.0689655 0.724138 0.206897 0.667636 
0.103448 0.724138 0.206897 0.819346 
0.137931 0.724138 0.206897 0.768861 
0.172414 0.724138 0.206897 0.807032 
0.206897 0.724138 0.206897 0.827266 
0.241379 0.724138 0.206897 0.818212 
0.275862 0.724138 0.206897 0.816694 
0.310345 0.724138 0.206897 0.80178 
0.344828 0.724138 0.206897 0.793417 
0.37931 0.724138 0.206897 0.632432 
0.413793 0.724138 0.206897 0.687947 
0.448276 0.724138 0.206897 0.820405 
0.482759 0.724138 0.206897 0.823565 
0.517241 0.724138 0.206897 0.69512 
0.551724 0.724138 0.206897 0.805622 
0.586207 0.724138 0.206897 0.789389 
0.62069 0.724138 0.206897 0.821208 
0.655172 0.724138 0.206897 0.82061 
0.689655 0.724138 0.206897 0.772205 
0.724138 0.724138 0.206897 0.738661 
0.758621 0.724138 0.206897 0.739025 
0.793103 0.724138 0.206897 0.808954 
0.827586 0.724138 0.206897 0.825199 
0.862069 0.724138 0.206897 0.823949 
0.896552 0.724138 0.206897 0.769501 
0.931034 0.724138 0.206897 0.809023 
0.965517 0.724138 0.206897 0.817943 
1 0.724138 0.206897 0.793275 
0 0.758621 0.206897 0.795873 
0.0344828 0.758621 0.206897 0.655473 
0.0689655 0.758621 0.206897 0.816384 
0.103448 0.758621 0.206897 0.83705 
0.137931 0.758621 0.206897 0.788173 
0.172414 0.758621 0.206897 0.756018 
0.206897 0.758621 0.206897 0.716963 
0.241379 0.758621 0.206897 0.844015 
0.275862 0.758621 0.206897 0.666384 
0.310345 0.758621 0.206897 0.792257 
0.344828 0.758621 0.206897 0.68591 
0.37931 0.758621 0.206897 0.849323 
0.413793 0.758621 0.206897 0.843823 
0.448276 0.758621 0.206897 0.811503 
0.482759 0.758621 0.206897 0.795868 
0.517241 0.758621 0.206897 0.715977 
0.551724 0.758621 0.206897 0.793414 
0.586207 0.758621 0.206897 0.827983 
0.62069 0.758621 0.206897 0.711409 
0.655172 0.758621 0.206897 0.754127 
0.689655 0.758621 0.206897 0.701785 
0.724138 0.758621 0.206897 0.815206 
0.758621 0.758621 0.206897 0.815235 
0.793103 0.758621 0.206897 0.821419 
0.827586 0.758621 0.206897 0.829877 
0.862069 0.758621 0.206897 0.790736 
0.896552 0.758621 0.206897 0.801187 
0.931034 0.758621 0.206897 0.820187 
0.965517 0.758621 0.206897 0.806062 
1 0.758621 0.206897 0.82273 
0 0.793103 0.206897 0.81014 
0.0344828 0.793103 0.206897 0.659585 
0.0689655 0.793103 0.206897 0.812321 
0.103448 0.793103 0.206897 0.793108 
0.137931 0.793103 0.206897 0.78689 
0.172414 0.793103 0.206897 0.798421 
0.206897 0.793103 0.206897 0.785086 
0.241379 0.793103 0.206897 0.809563 
0.275862 0.793103 0.206897 0.781647 
0.310345 0.793103 0.206897 0.708834 
0.344828 0.793103 0.206897 0.799363 
0.37931 0.793103 0.206897 0.675957 
0.413793 0.793103 0.206897 0.787433 
0.448276 0.793103 0.206897 0.819495 
0.482759 0.793103 0.206897 0.832367 
0.517241 0.793103 0.206897 0.828275 
0.551724 0.793103 0.206897 0.799117 
0.586207 0.793103 0.206897 0.811017 
0.62069 0.793103 0.206897 0.698455 
0.655172 0.793103 0.206897 0.831413 
0.689655 0.793103 0.206897 0.843197 
0.724138 0.793103 0.206897 0.732596 
0.758621 0.793103 0.206897 0.714502 
0.793103 0.793103 0.206897 0.778564 
0.827586 0.793103 0.206897 0.799221 
0.862069 0.793103 0.206897 0.823953 
0.896552 0.793103 0.206897 0.747773 
0.931034 0.793103 0.206897 0.815032 
0.965517 0.793103 0.206897 0.748332 
1 0.793103 0.206897 0.657758 
0 0.827586 0.206897 0.712791 
0.0344828 0.827586 0.206897 0.642142 
0.0689655 0.827586 0.206897 0.791293 
0.103448 0.827586 0.206897 0.807638 
0.137931 0.827586 0.206897 0.782665 
0.172414 0.827586 0.206897 0.81199 
0.206897 0.827586 0.206897 0.81991 
0.241379 0.827586 0.206897 0.771713 
0.275862 0.827586 0.206897 0.7607 
0.310345 0.827586 0.206897 0.796951 
0.344828 0.827586 0.206897 0.821855 
0.37931 0.827586 0.206897 0.792307 
0.413793 0.827586 0.206897 0.672609 
0.448276 0.827586 0.206897 0.668735 
0.482759 0.827586 0.206897 0.811049 
0.517241 0.827586 0.206897 0.806486 
0.551724 0.827586 0.206897 0.807041 
0.586207 0.827586 0.206897 0.814618 
0.62069 0.827586 0.206897 0.793388 
0.655172 0.827586 0.206897 0.765127 
0.689655 0.827586 0.206897 0.808966 
0.724138 0.827586 0.206897 0.822462 
0.758621 0.827586 0.206897 0.791915 
0.793103 0.827586 0.206897 0.845087 
0.827586 0.827586 0.206897 0.831683 
0.862069 0.827586 0.206897 0.67971 
0.896552 0.827586 0.206897 0.807941 
0.931034 0.827586 0.206897 0.789913 
0.965517 0.827586 0.206897 0.802723 
1 0.827586 0.206897 0.799519 
0 0.862069 0.206897 0.814318 
0.0344828 0.862069 0.206897 0.815451 
0.0689655 0.862069 0.206897 0.849487 
0.103448 0.862069 0.206897 0.814588 
0.137931 0.862069 0.206897 0.656106 
0.172414 0.862069 0.206897 0.804154 
0.206897 0.862069 0.206897 0.810206 
0.241379 0.862069 0.206897 0.795053 
0.275862 0.862069 0.206897 0.785542 
0.310345 0.862069 0.206897 0.816388 
0.344828 0.862069 0.206897 0.739788 
0.37931 0.862069 0.206897 0.810942 
0.413793 0.862069 0.206897 0.837875 
0.448276 0.862069 0.206897 0.801608 
0.482759 0.862069 0.206897 0.68796 
0.517241 0.862069 0.206897 0.683811 
0.551724 0.862069 0.206897 0.749724 
0.586207 0.862069 0.206897 0.767365 
0.62069 0.862069 0.206897 0.676056 
0.655172 0.862069 0.206897 0.787605 
0.689655 0.862069 0.206897 0.793921 
0.724138 0.862069 0.206897 0.811849 
0.758621 0.862069 0.206897 0.814029 
0.793103 0.862069 0.206897 0.714927 
0.827586 0.862069 0.206897 0.83085 
0.862069 0.862069 0.206897 0.796089 
0.896552 0.862069 0.206897 0.79944 
0.931034 0.862069 0.206897 0.820961 
0.965517 0.862069 0.206897 0.798186 
1 0.862069 0.206897 0.829401 
0 0.896552 0.206897 0.80863 
0.0344828 0.896552 0.206897 0.796445 
0.0689655 0.896552 0.206897 0.818246 
0.103448 0.896552 0.206897 0.732714 
0.137931 0.896552 0.206897 0.812965 
0.172414 0.896552 0.206897 0.656457 
0.206897 0.896552 0.206897 0.801255 
0.241379 0.896552 0.206897 0.791607 
0.275862 0.896552 0.206897 0.805429 
0.310345 0.896552 0.206897 0.843258 
0.344828 0.896552 0.206897 0.606287 
0.37931 0.896552 0.206897 0.724621 
0.413793 0.896552 0.206897 0.785096 
0.448276 0.896552 0.206897 0.786073 
0.482759 0.896552 0.206897 0.845661 
0.517241 0.896552 0.206897 0.791629 
0.551724 0.896552 0.206897 0.800898 
0.586207 0.896552 0.206897 0.829509 
0.62069 0.896552 0.206897 0.809678 
0.655172 0.896552 0.206897 0.679574 
0.689655 0.896552 0.206897 0.688562 
0.724138 0.896552 0.206897 0.803689 
0.758621 0.896552 0.206897 0.706018 
0.793103 0.896552 0.206897 0.824063 
0.827586 0.896552 0.206897 0.732382 
0.862069 0.896552 0.206897 0.807912 
0.896552 0.896552 0.206897 0.78475 
0.931034 0.896552 0.206897 0.843813 
0.965517 0.896552 0.206897 0.818435 
1 0.896552 0.206897 0.800403 
0 0.931034 0.206897 0.749044 
0.0344828 0.931034 0.206897 0.680101 
0.0689655 0.931034 0.206897 0.815458 
0.103448 0.931034 0.206897 0.833188 
0.137931 0.931034 0.206897 0.818129 
0.172414 0.931034 0.206897 0.65449 
0.206897 0.931034 0.206897 0.764358 
0.241379 0.931034 0.206897 0.792886 
0.275862 0.931034 0.206897 0.820922 
0.310345 0.931034 0.206897 0.806746 
0.344828 0.931034 0.206897 0.830253 
0.37931 0.931034 0.206897 0.779603 
0.413793 0.931034 0.206897 0.582929 
0.448276 0.931034 0.206897 0.636807 
0.482759 0.931034 0.206897 0.806611 
0.517241 0.931034 0.206897 0.732917 
0.551724 0.931034 0.206897 0.811242 
0.586207 0.931034 0.206897 0.674144 
0.62069 0.931034 0.206897 0.788059 
0.655172 0.931034 0.206897 0.688878 
0.689655 0.931034 0.206897 0.837282 
0.724138 0.931034 0.206897 0.815285 
0.758621 0.931034 0.206897 0.703866 
0.793103 0.931034 0.206897 0.80081 
0.827586 0.931034 0.206897 0.820191 
0.862069 0.931034 0.206897 0.695684 
0.896552 0.931034 0.206897 0.812098 
0.931034 0.931034 0.206897 0.806362 
0.965517 0.931034 0.206897 0.811396 
1 0.931034 0.206897 0.743874 
0 0.965517 0.206897 0.813218 
0.0344828 0.965517 0.206897 0.637249 
0.0689655 0.965517 0.206897 0.814684 
0.103448 0.965517 0.206897 0.839532 
0.137931 0.965517 0.206897 0.811619 
0.172414 0.965517 0.206897 0.810369 
0.206897 0.965517 0.206897 0.760483 
0.241379 0.965517 0.206897 0.785922 
0.275862 0.965517 0.206897 0.790647 
0.310345 0.965517 0.206897 0.804018 
0.344828 0.965517 0.206897 0.805949 
0.37931 0.965517 0.206897 0.802965 
0.413793 0.965517 0.206897 0.6596 
0.448276 0.965517 0.206897 0.806261 
0.482759 0.965517 0.206897 0.811273 
0.517241 0.965517 0.206897 0.807496 
0.551724 0.965517 0.206897 0.80657 
0.586207 0.965517 0.206897 0.789225 
0.62069 0.965517 0.206897 0.81383 
0.655172 0.965517 0.206897 0.670169 
0.689655 0.965517 0.206897 0.812162 
0.724138 0.965517 0.206897 0.692661 
0.758621 0.965517 0.206897 0.799955 
0.793103 0.965517 0.206897 0.690059 
0.827586 0.965517 0.206897 0.72089 
0.862069 0.965517 0.206897 0.851918 
0.896552 0.965517 0.206897 0.821543 
0.931034 0.965517 0.206897 0.790749 
0.965517 0.965517 0.206897 0.813121 
1 0.965517 0.206897 0.802422 
0 1 0.206897 0.786574 
0.0344828 1 0.206897 0.721668 
0.0689655 1 0.206897 0.725598 
0.103448 1 0.206897 0.682661 
0.137931 1 0.206897 0.785335 
0.172414 1 0.206897 0.818621 
0.206897 1 0.206897 0.776541 
0.241379 1 0.206897 0.664459 
0.275862 1 0.206897 0.804958 
0.310345 1 0.206897 0.818976 
0.344828 1 0.206897 0.814347 
0.37931 1 0.206897 0.803079 
0.413793 1 0.206897 0.651303 
0.448276 1 0.206897 0.769047 
0.482759 1 0.206897 0.79935 
0.517241 1 0.206897 0.805666 
0.551724 1 0.206897 0.640631 
0.586207 1 0.206897 0.796235 
0.62069 1 0.206897 0.812595 
0.655172 1 0.206897 0.779872 
0.689655 1 0.206897 0.682992 
0.724138 1 0.206897 0.805622 
0.758621 1 0.206897 0.810797 
0.793103 1 0.206897 0.688013 
0.827586 1 0.206897 0.768399 
0.862069 1 0.206897 0.707254 
0.896552 1 0.206897 0.791393 
0.931034 1 0.206897 0.817124 
0.965517 1 0.206897 0.788302 
1 1 0.206897 0.822142 
0 0 0.241379 0.717648 
0.0344828 0 0.241379 0.717648 
0.0689655 0 0.241379 0.717648 
0.103448 0 0.241379 0.717648 
0.137931 0 0.241379 0.717648 
0.172414 0 0.241379 0.717648 
0.206897 0 0.241379 0.717648 
0.241379 0 0.241379 0.717648 
0.275862 0 0.241379 0.717648 
0.310345 0 0.241379 0.717648 
0.344828 0 0.241379 0.717648 
0.37931 0 0.241379 0.717648 
0.413793 0 0.241379 0.717648 
0.448276 0 0.241379 0.717648 
0.482759 0 0.241379 0.717648 
0.517241 0 0.241379 0.717648 
0.551724 0 0.241379 0.717648 
0.586207 0 0.241379 0.717648 
0.62069 0 0.241379 0.717648 
0.655172 0 0.241379 0.717648 
0.689655 0 0.241379 0.717648 
0.724138 0 0.241379 0.717648 
0.758621 0 0.241379 0.717648 
0.793103 0 0.241379 0.717648 
0.827586 0 0.241379 0.717648 
0.862069 0 0.241379 0.717648 
0.896552 0 0.241379 0.717648 
0.931034 0 0.241379 0.717648 
0.965517 0 0.241379 0.717648 
1 0 0.241379 0.717648 
0 0.0344828 0.241379 0.715793 
0.0344828 0.0344828 0.241379 0.717828 
0.0689655 0.0344828 0.241379 0.70252 
0.103448 0.0344828 0.241379 0.744786 
0.137931 0.0344828 0.241379 0.736965 
0.172414 0.0344828 0.241379 0.73797 
0.206897 0.0344828 0.241379 0.734724 
0.241379 0.0344828 0.241379 0.715997 
0.275862 0.0344828 0.241379 0.719105 
0.310345 0.0344828 0.241379 0.732969 
0.344828 0.0344828 0.241379 0.743502 
0.37931 0.0344828 0.241379 0.736244 
0.413793 0.0344828 0.241379 0.550918 
0.448276 0.0344828 0.241379 0.741196 
0.482759 0.0344828 0.241379 0.721475 
0.517241 0.0344828 0.241379 0.699746 
0.551724 0.0344828 0.241379 0.597592 
0.586207 0.0344828 0.241379 0.738261 
0.62069 0.0344828 0.241379 0.740225 
0.655172 0.0344828 0.241379 0.752912 
0.689655 0.0344828 0.241379 0.747314 
0.724138 0.0344828 0.241379 0.599498 
0.758621 0.0344828 0.241379 0.73494 
0.793103 0.0344828 0.241379 0.599565 
0.827586 0.0344828 0.241379 0.731213 
0.862069 0.0344828 0.241379 0.673539 
0.896552 0.0344828 0.241379 0.692584 
0.931034 0.0344828 0.241379 0.742972 
0.965517 0.0344828 0.241379 0.740587 
1 0.0344828 0.241379 0.598681 
0 0.0689655 0.241379 0.714334 
0.0344828 0.0689655 0.241379 0.744817 
0.0689655 0.0689655 0.241379 0.603583 
0.103448 0.0689655 0.241379 0.599368 
0.137931 0.0689655 0.241379 0.732006 
0.172414 0.0689655 0.241379 0.700289 
0.206897 0.0689655 0.241379 0.733609 
0.241379 0.0689655 0.241379 0.741428 
0.275862 0.0689655 0.241379 0.74602 
0.310345 0.0689655 0.241379 0.746142 
0.344828 0.0689655 0.241379 0.712508 
0.37931 0.0689655 0.241379 0.739372 
0.413793 0.0689655 0.241379 0.595222 
0.448276 0.0689655 0.241379 0.60225 
0.482759 0.0689655 0.241379 0.710315 
0.517241 0.0689655 0.241379 0.712424 
0.551724 0.0689655 0.241379 0.761802 
0.586207 0.0689655 0.241379 0.693292 
0.62069 0.0689655 0.241379 0.733013 
0.655172 0.0689655 0.241379 0.725865 
0.689655 0.0689655 0.241379 0.734304 
0.724138 0.0689655 0.241379 0.731945 
0.758621 0.0689655 0.241379 0.593591 
0.793103 0.0689655 0.241379 0.74995 
0.827586 0.0689655 0.241379 0.745973 
0.862069 0.0689655 0.241379 0.761218 
0.896552 0.0689655 0.241379 0.74567 
0.931034 0.0689655 0.241379 0.738634 
0.965517 0.0689655 0.241379 0.734626 
1 0.0689655 0.241379 0.596216 
0 0.103448 0.241379 0.698505 
0.0344828 0.103448 0.241379 0.614262 
0.0689655 0.103448 0.241379 0.691735 
0.103448 0.103448 0.241379 0.714514 
0.137931 0.103448 0.241379 0.737677 
0.172414 0.103448 0.241379 0.758313 
0.206897 0.103448 0.241379 0.713776 
0.241379 0.103448 0.241379 0.749147 
0.275862 0.103448 0.241379 0.738185 
0.310345 0.103448 0.241379 0.757116 
0.344828 0.103448 0.241379 0.719356 
0.37931 0.103448 0.241379 0.731138 
0.413793 0.103448 0.241379 0.603546 
0.448276 0.103448 0.241379 0.603849 
0.482759 0.103448 0.241379 0.730703 
0.517241 0.103448 0.241379 0.680594 
0.551724 0.103448 0.241379 0.751784 
0.586207 0.103448 0.241379 0.710485 
0.62069 0.103448 0.241379 0.727008 
0.655172 0.103448 0.241379 0.710014 
0.689655 0.103448 0.241379 0.730945 
0.724138 0.103448 0.241379 0.740822 
0.758621 0.103448 0.241379 0.74476 
0.793103 0.103448 0.241379 0.711482 
0.827586 0.103448 0.241379 0.738209 
0.862069 0.103448 0.241379 0.752643 
0.896552 0.103448 0.241379 0.732149 
0.931034 0.103448 0.241379 0.735192 
0.965517 0.103448 0.241379 0.751848 
1 0.103448 0.241379 0.71865 
0 0.137931 0.241379 0.739425 
0.0344828 0.137931 0.241379 0.722169 
0.0689655 0.137931 0.241379 0.733499 
0.103448 0.137931 0.241379 0.726028 
0.137931 0.137931 0.241379 0.73599 
0.172414 0.137931 0.241379 0.732467 
0.206897 0.137931 0.241379 0.707621 
0.241379 0.137931 0.241379 0.617279 
0.275862 0.137931 0.241379 0.682358 
0.310345 0.137931 0.241379 0.700721 
0.344828 0.137931 0.241379 0.727536 
0.37931 0.137931 0.241379 0.719774 
0.413793 0.137931 0.241379 0.689984 
0.448276 0.137931 0.241379 0.692518 
0.482759 0.137931 0.241379 0.732546 
0.517241 0.137931 0.241379 0.737774 
0.551724 0.137931 0.241379 0.750445 
0.586207 0.137931 0.241379 0.621179 
0.62069 0.137931 0.241379 0.741789 
0.655172 0.137931 0.241379 0.718536 
0.689655 0.137931 0.241379 0.733482 
0.724138 0.137931 0.241379 0.743226 
0.758621 0.137931 0.241379 0.731261 
0.793103 0.137931 0.241379 0.738925 
0.827586 0.137931 0.241379 0.737595 
0.862069 0.137931 0.241379 0.709947 
0.896552 0.137931 0.241379 0.699616 
0.931034 0.137931 0.241379 0.72412 
0.965517 0.137931 0.241379 0.637004 
1 0.137931 0.241379 0.558416 
0 0.172414 0.241379 0.760381 
0.0344828 0.172414 0.241379 0.712181 
0.0689655 0.172414 0.241379 0.658321 
0.103448 0.172414 0.241379 0.700317 
0.137931 0.172414 0.241379 0.74771 
0.172414 0.172414 0.241379 0.73265 
0.206897 0.172414 0.241379 0.682444 
0.241379 0.172414 0.241379 0.718975 
0.275862 0.172414 0.241379 0.764934 
0.310345 0.172414 0.241379 0.733611 
0.344828 0.172414 0.241379 0.726792 
0.37931 0.172414 0.241379 0.697017 
0.413793 0.172414 0.241379 0.736749 
0.448276 0.172414 0.241379 0.740959 
0.482759 0.172414 0.241379 0.714192 
0.517241 0.172414 0.241379 0.714934 
0.551724 0.172414 0.241379 0.61451 
0.586207 0.172414 0.241379 0.689655 
0.62069 0.172414 0.241379 0.692497 
0.655172 0.172414 0.241379 0.701097 
0.689655 0.172414 0.241379 0.720795 
0.724138 0.172414 0.241379 0.703953 
0.758621 0.172414 0.241379 0.730909 
0.793103 0.172414 0.241379 0.73222 
0.827586 0.172414 0.241379 0.729204 
0.862069 0.172414 0.241379 0.60571 
0.896552 0.172414 0.241379 0.745461 
0.931034 0.172414 0.241379 0.70925 
0.965517 0.172414 0.241379 0.755109 
1 0.172414 0.241379 0.733268 
0 0.206897 0.241379 0.726625 
0.0344828 0.206897 0.241379 0.700132 
0.0689655 0.206897 0.241379 0.72063 
0.103448 0.206897 0.241379 0.752742 
0.137931 0.206897 0.241379 0.733113 
0.172414 0.206897 0.241379 0.716091 
0.206897 0.206897 0.241379 0.715942 
0.241379 0.206897 0.241379 0.733792 
0.275862 0.206897 0.241379 0.724243 
0.310345 0.206897 0.241379 0.753432 
0.344828 0.206897 0.241379 0.730553 
0.37931 0.206897 0.241379 0.742448 
0.413793 0.206897 0.241379 0.766991 
0.448276 0.206897 0.241379 0.713543 
0.482759 0.206897 0.241379 0.735441 
0.517241 0.206897 0.241379 0.707661 
0.551724 0.206897 0.241379 0.745572 
0.586207 0.206897 0.241379 0.721864 
0.62069 0.206897 0.241379 0.737221 
0.655172 0.206897 0.241379 0.686578 
0.689655 0.206897 0.241379 0.644119 
0.724138 0.206897 0.241379 0.741587 
0.758621 0.206897 0.241379 0.708093 
0.793103 0.206897 0.241379 0.707495 
0.827586 0.206897 0.241379 0.702454 
0.862069 0.206897 0.241379 0.715657 
0.896552 0.206897 0.241379 0.755036 
0.931034 0.206897 0.241379 0.739801 
0.965517 0.206897 0.241379 0.727185 
1 0.206897 0.241379 0.676412 
0 0.241379 0.241379 0.720493 
0.0344828 0.241379 0.241379 0.748977 
0.0689655 0.241379 0.241379 0.725421 
0.103448 0.241379 0.241379 0.716257 
0.137931 0.241379 0.241379 0.658731 
0.172414 0.241379 0.241379 0.711442 
0.206897 0.241379 0.241379 0.730165 
0.241379 0.241379 0.241379 0.749908 
0.275862 0.241379 0.241379 0.719579 
0.310345 0.241379 0.241379 0.704579 
0.344828 0.241379 0.241379 0.719471 
0.37931 0.241379 0.241379 0.716918 
0.413793 0.241379 0.241379 0.737447 
0.448276 0.241379 0.241379 0.716928 
0.482759 0.241379 0.241379 0.712925 
0.517241 0.241379 0.241379 0.727813 
0.551724 0.241379 0.241379 0.716094 
0.586207 0.241379 0.241379 0.732999 
0.62069 0.241379 0.241379 0.74327 
0.655172 0.241379 0.241379 0.628481 
0.689655 0.241379 0.241379 0.726439 
0.724138 0.241379 0.241379 0.733632 
0.758621 0.241379 0.241379 0.611961 
0.793103 0.241379 0.241379 0.673904 
0.827586 0.241379 0.241379 0.741871 
0.862069 0.241379 0.241379 0.729652 
0.896552 0.241379 0.241379 0.718807 
0.931034 0.241379 0.241379 0.734266 
0.965517 0.241379 0.241379 0.716234 
1 0.241379 0.241379 0.652836 
0 0.275862 0.241379 0.696291 
0.0344828 0.275862 0.241379 0.638709 
0.0689655 0.275862 0.241379 0.708065 
0.103448 0.275862 0.241379 0.746832 
0.137931 0.275862 0.241379 0.685409 
0.172414 0.275862 0.241379 0.746348 
0.206897 0.275862 0.241379 0.686846 
0.241379 0.275862 0.241379 0.733246 
0.275862 0.275862 0.241379 0.669447 
0.310345 0.275862 0.241379 0.715649 
0.344828 0.275862 0.241379 0.723273 
0.37931 0.275862 0.241379 0.709295 
0.413793 0.275862 0.241379 0.632527 
0.448276 0.275862 0.241379 0.662158 
0.482759 0.275862 0.241379 0.71296 
0.517241 0.275862 0.241379 0.735769 
0.551724 0.275862 0.241379 0.665373 
0.586207 0.275862 0.241379 0.730799 
0.62069 0.275862 0.241379 0.722878 
0.655172 0.275862 0.241379 0.755709 
0.689655 0.275862 0.241379 0.699604 
0.724138 0.275862 0.241379 0.703426 
0.758621 0.275862 0.241379 0.733462 
0.793103 0.275862 0.241379 0.712499 
0.827586 0.275862 0.241379 0.745908 
0.862069 0.275862 0.241379 0.728219 
0.896552 0.275862 0.241379 0.709154 
0.931034 0.275862 0.241379 0.735312 
0.965517 0.275862 0.241379 0.739377 
1 0.275862 0.241379 0.719004 
0 0.310345 0.241379 0.717121 
0.0344828 0.310345 0.241379 0.719245 
0.0689655 0.310345 0.241379 0.61572 
0.103448 0.310345 0.241379 0.752295 
0.137931 0.310345 0.241379 0.718979 
0.172414 0.310345 0.241379 0.681791 
0.206897 0.310345 0.241379 0.717069 
0.241379 0.310345 0.241379 0.715058 
0.275862 0.310345 0.241379 0.725999 
0.310345 0.310345 0.241379 0.73572 
0.344828 0.310345 0.241379 0.733363 
0.37931 0.310345 0.241379 0.645257 
0.413793 0.310345 0.241379 0.703966 
0.448276 0.310345 0.241379 0.705428 
0.482759 0.310345 0.241379 0.700353 
0.517241 0.310345 0.241379 0.7327 
0.551724 0.310345 0.241379 0.738374 
0.586207 0.310345 0.241379 0.712523 
0.62069 0.310345 0.241379 0.699201 
0.655172 0.310345 0.241379 0.641587 
0.689655 0.310345 0.241379 0.741052 
0.724138 0.310345 0.241379 0.736761 
0.758621 0.310345 0.241379 0.701859 
0.793103 0.310345 0.241379 0.721813 
0.827586 0.310345 0.241379 0.735062 
0.862069 0.310345 0.241379 0.726256 
0.896552 0.310345 0.241379 0.735123 
0.931034 0.310345 0.241379 0.628418 
0.965517 0.310345 0.241379 0.727421 
1 0.310345 0.241379 0.687163 
0 0.344828 0.241379 0.598235 
0.0344828 0.344828 0.241379 0.736254 
0.0689655 0.344828 0.241379 0.701566 
0.103448 0.344828 0.241379 0.720786 
0.137931 0.344828 0.241379 0.708372 
0.172414 0.344828 0.241379 0.555733 
0.206897 0.344828 0.241379 0.665102 
0.241379 0.344828 0.241379 0.741207 
0.275862 0.344828 0.241379 0.714509 
0.310345 0.344828 0.241379 0.722031 
0.344828 0.344828 0.241379 0.57698 
0.37931 0.344828 0.241379 0.637116 
0.413793 0.344828 0.241379 0.712921 
0.448276 0.344828 0.241379 0.727675 
0.482759 0.344828 0.241379 0.722139 
0.517241 0.344828 0.241379 0.663268 
0.551724 0.344828 0.241379 0.564786 
0.586207 0.344828 0.241379 0.721345 
0.62069 0.344828 0.241379 0.715012 
0.655172 0.344828 0.241379 0.638486 
0.689655 0.344828 0.241379 0.632378 
0.724138 0.344828 0.241379 0.704145 
0.758621 0.344828 0.241379 0.720886 
0.793103 0.344828 0.241379 0.732796 
0.827586 0.344828 0.241379 0.63939 
0.862069 0.344828 0.241379 0.717714 
0.896552 0.344828 0.241379 0.674254 
0.931034 0.344828 0.241379 0.730993 
0.965517 0.344828 0.241379 0.58046 
1 0.344828 0.241379 0.73244 
0 0.37931 0.241379 0.724348 
0.0344828 0.37931 0.241379 0.609668 
0.0689655 0.37931 0.241379 0.551884 
0.103448 0.37931 0.241379 0.721509 
0.137931 0.37931 0.241379 0.611019 
0.172414 0.37931 0.241379 0.723174 
0.206897 0.37931 0.241379 0.693175 
0.241379 0.37931 0.241379 0.701914 
0.275862 0.37931 0.241379 0.616137 
0.310345 0.37931 0.241379 0.743109 
0.344828 0.37931 0.241379 0.699628 
0.37931 0.37931 0.241379 0.68168 
0.413793 0.37931 0.241379 0.675409 
0.448276 0.37931 0.241379 0.758748 
0.482759 0.37931 0.241379 0.711545 
0.517241 0.37931 0.241379 0.673879 
0.551724 0.37931 0.241379 0.656113 
0.586207 0.37931 0.241379 0.695974 
0.62069 0.37931 0.241379 0.69631 
0.655172 0.37931 0.241379 0.709828 
0.689655 0.37931 0.241379 0.738371 
0.724138 0.37931 0.241379 0.732209 
0.758621 0.37931 0.241379 0.61078 
0.793103 0.37931 0.241379 0.71337 
0.827586 0.37931 0.241379 0.738672 
0.862069 0.37931 0.241379 0.735572 
0.896552 0.37931 0.241379 0.595441 
0.931034 0.37931 0.241379 0.702202 
0.965517 0.37931 0.241379 0.700397 
1 0.37931 0.241379 0.737552 
0 0.413793 0.241379 0.651751 
0.0344828 0.413793 0.241379 0.710904 
0.0689655 0.413793 0.241379 0.720083 
0.103448 0.413793 0.241379 0.733729 
0.137931 0.413793 0.241379 0.738874 
0.172414 0.413793 0.241379 0.733017 
0.206897 0.413793 0.241379 0.731457 
0.241379 0.413793 0.241379 0.761645 
0.275862 0.413793 0.241379 0.60183 
0.310345 0.413793 0.241379 0.730936 
0.344828 0.413793 0.241379 0.734582 
0.37931 0.413793 0.241379 0.722235 
0.413793 0.413793 0.241379 0.691622 
0.448276 0.413793 0.241379 0.596409 
0.482759 0.413793 0.241379 0.699409 
0.517241 0.413793 0.241379 0.703355 
0.551724 0.413793 0.241379 0.692224 
0.586207 0.413793 0.241379 0.701817 
0.62069 0.413793 0.241379 0.736232 
0.655172 0.413793 0.241379 0.599514 
0.689655 0.413793 0.241379 0.726004 
0.724138 0.413793 0.241379 0.737664 
0.758621 0.413793 0.241379 0.74237 
0.793103 0.413793 0.241379 0.590584 
0.827586 0.413793 0.241379 0.653198 
0.862069 0.413793 0.241379 0.744065 
0.896552 0.413793 0.241379 0.652716 
0.931034 0.413793 0.241379 0.715961 
0.965517 0.413793 0.241379 0.747042 
1 0.413793 0.241379 0.644485 
0 0.448276 0.241379 0.643222 
0.0344828 0.448276 0.241379 0.729067 
0.0689655 0.448276 0.241379 0.715914 
0.103448 0.448276 0.241379 0.733904 
0.137931 0.448276 0.241379 0.721512 
0.172414 0.448276 0.241379 0.725467 
0.206897 0.448276 0.241379 0.720895 
0.241379 0.448276 0.241379 0.722418 
0.275862 0.448276 0.241379 0.754459 
0.310345 0.448276 0.241379 0.593166 
0.344828 0.448276 0.241379 0.737116 
0.37931 0.448276 0.241379 0.736947 
0.413793 0.448276 0.241379 0.730304 
0.448276 0.448276 0.241379 0.71159 
0.482759 0.448276 0.241379 0.719518 
0.517241 0.448276 0.241379 0.701309 
0.551724 0.448276 0.241379 0.722133 
0.586207 0.448276 0.241379 0.741424 
0.62069 0.448276 0.241379 0.719444 
0.655172 0.448276 0.241379 0.712958 
0.689655 0.448276 0.241379 0.74827 
0.724138 0.448276 0.241379 0.731412 
0.758621 0.448276 0.241379 0.698065 
0.793103 0.448276 0.241379 0.741742 
0.827586 0.448276 0.241379 0.718153 
0.862069 0.448276 0.241379 0.658773 
0.896552 0.448276 0.241379 0.696112 
0.931034 0.448276 0.241379 0.748487 
0.965517 0.448276 0.241379 0.708104 
1 0.448276 0.241379 0.623318 
0 0.482759 0.241379 0.703404 
0.0344828 0.482759 0.241379 0.56977 
0.0689655 0.482759 0.241379 0.726446 
0.103448 0.482759 0.241379 0.72385 
0.137931 0.482759 0.241379 0.696212 
0.172414 0.482759 0.241379 0.700807 
0.206897 0.482759 0.241379 0.731813 
0.241379 0.482759 0.241379 0.724648 
0.275862 0.482759 0.241379 0.697176 
0.310345 0.482759 0.241379 0.578853 
0.344828 0.482759 0.241379 0.718661 
0.37931 0.482759 0.241379 0.71998 
0.413793 0.482759 0.241379 0.714981 
0.448276 0.482759 0.241379 0.722164 
0.482759 0.482759 0.241379 0.732516 
0.517241 0.482759 0.241379 0.713334 
0.551724 0.482759 0.241379 0.603556 
0.586207 0.482759 0.241379 0.645134 
0.62069 0.482759 0.241379 0.715354 
0.655172 0.482759 0.241379 0.720388 
0.689655 0.482759 0.241379 0.70904 
0.724138 0.482759 0.241379 0.746487 
0.758621 0.482759 0.241379 0.720108 
0.793103 0.482759 0.241379 0.720503 
0.827586 0.482759 0.241379 0.692303 
0.862069 0.482759 0.241379 0.738341 
0.896552 0.482759 0.241379 0.706901 
0.931034 0.482759 0.241379 0.724139 
0.965517 0.482759 0.241379 0.649326 
1 0.482759 0.241379 0.741809 
0 0.517241 0.241379 0.687882 
0.0344828 0.517241 0.241379 0.712999 
0.0689655 0.517241 0.241379 0.718918 
0.103448 0.517241 0.241379 0.72828 
0.137931 0.517241 0.241379 0.748087 
0.172414 0.517241 0.241379 0.735426 
0.206897 0.517241 0.241379 0.590558 
0.241379 0.517241 0.241379 0.758525 
0.275862 0.517241 0.241379 0.697781 
0.310345 0.517241 0.241379 0.725146 
0.344828 0.517241 0.241379 0.721897 
0.37931 0.517241 0.241379 0.724831 
0.413793 0.517241 0.241379 0.58261 
0.448276 0.517241 0.241379 0.723008 
0.482759 0.517241 0.241379 0.71163 
0.517241 0.517241 0.241379 0.714992 
0.551724 0.517241 0.241379 0.721334 
0.586207 0.517241 0.241379 0.723074 
0.62069 0.517241 0.241379 0.714136 
0.655172 0.517241 0.241379 0.729649 
0.689655 0.517241 0.241379 0.577224 
0.724138 0.517241 0.241379 0.690378 
0.758621 0.517241 0.241379 0.665217 
0.793103 0.517241 0.241379 0.667193 
0.827586 0.517241 0.241379 0.719234 
0.862069 0.517241 0.241379 0.712377 
0.896552 0.517241 0.241379 0.713747 
0.931034 0.517241 0.241379 0.727555 
0.965517 0.517241 0.241379 0.719837 
1 0.517241 0.241379 0.693005 
0 0.551724 0.241379 0.590637 
0.0344828 0.551724 0.241379 0.689456 
0.0689655 0.551724 0.241379 0.729147 
0.103448 0.551724 0.241379 0.725729 
0.137931 0.551724 0.241379 0.660693 
0.172414 0.551724 0.241379 0.702092 
0.206897 0.551724 0.241379 0.730487 
0.241379 0.551724 0.241379 0.577051 
0.275862 0.551724 0.241379 0.723369 
0.310345 0.551724 0.241379 0.71733 
0.344828 0.551724 0.241379 0.739501 
0.37931 0.551724 0.241379 0.671977 
0.413793 0.551724 0.241379 0.720896 
0.448276 0.551724 0.241379 0.582853 
0.482759 0.551724 0.241379 0.724498 
0.517241 0.551724 0.241379 0.583368 
0.551724 0.551724 0.241379 0.720687 
0.586207 0.551724 0.241379 0.751821 
0.62069 0.551724 0.241379 0.707533 
0.655172 0.551724 0.241379 0.736249 
0.689655 0.551724 0.241379 0.714624 
0.724138 0.551724 0.241379 0.765708 
0.758621 0.551724 0.241379 0.754886 
0.793103 0.551724 0.241379 0.59333 
0.827586 0.551724 0.241379 0.732956 
0.862069 0.551724 0.241379 0.723905 
0.896552 0.551724 0.241379 0.725445 
0.931034 0.551724 0.241379 0.707021 
0.965517 0.551724 0.241379 0.702209 
1 0.551724 0.241379 0.729744 
0 0.586207 0.241379 0.731202 
0.0344828 0.586207 0.241379 0.630632 
0.0689655 0.586207 0.241379 0.717047 
0.103448 0.586207 0.241379 0.730789 
0.137931 0.586207 0.241379 0.744989 
0.172414 0.586207 0.241379 0.574408 
0.206897 0.586207 0.241379 0.716786 
0.241379 0.586207 0.241379 0.717604 
0.275862 0.586207 0.241379 0.594943 
0.310345 0.586207 0.241379 0.709388 
0.344828 0.586207 0.241379 0.719226 
0.37931 0.586207 0.241379 0.652864 
0.413793 0.586207 0.241379 0.73681 
0.448276 0.586207 0.241379 0.700796 
0.482759 0.586207 0.241379 0.5854 
0.517241 0.586207 0.241379 0.692326 
0.551724 0.586207 0.241379 0.704411 
0.586207 0.586207 0.241379 0.753586 
0.62069 0.586207 0.241379 0.724418 
0.655172 0.586207 0.241379 0.706142 
0.689655 0.586207 0.241379 0.684227 
0.724138 0.586207 0.241379 0.705783 
0.758621 0.586207 0.241379 0.721079 
0.793103 0.586207 0.241379 0.600435 
0.827586 0.586207 0.241379 0.698673 
0.862069 0.586207 0.241379 0.680807 
0.896552 0.586207 0.241379 0.702643 
0.931034 0.586207 0.241379 0.735304 
0.965517 0.586207 0.241379 0.711363 
1 0.586207 0.241379 0.721049 
0 0.62069 0.241379 0.727134 
0.0344828 0.62069 0.241379 0.574413 
0.0689655 0.62069 0.241379 0.662243 
0.103448 0.62069 0.241379 0.727972 
0.137931 0.62069 0.241379 0.718391 
0.172414 0.62069 0.241379 0.706407 
0.206897 0.62069 0.241379 0.676493 
0.241379 0.62069 0.241379 0.727812 
0.275862 0.62069 0.241379 0.694047 
0.310345 0.62069 0.241379 0.721624 
0.344828 0.62069 0.241379 0.720426 
0.37931 0.62069 0.241379 0.702552 
0.413793 0.62069 0.241379 0.587801 
0.448276 0.62069 0.241379 0.57305 
0.482759 0.62069 0.241379 0.676148 
0.517241 0.62069 0.241379 0.706699 
0.551724 0.62069 0.241379 0.720483 
0.586207 0.62069 0.241379 0.716355 
0.62069 0.62069 0.241379 0.632903 
0.655172 0.62069 0.241379 0.739492 
0.689655 0.62069 0.241379 0.721525 
0.724138 0.62069 0.241379 0.700272 
0.758621 0.62069 0.241379 0.719604 
0.793103 0.62069 0.241379 0.691403 
0.827586 0.62069 0.241379 0.725685 
0.862069 0.62069 0.241379 0.685861 
0.896552 0.62069 0.241379 0.688202 
0.931034 0.62069 0.241379 0.72072 
0.965517 0.62069 0.241379 0.717341 
1 0.62069 0.241379 0.740172 
0 0.655172 0.241379 0.661663 
0.0344828 0.655172 0.241379 0.638245 
0.0689655 0.655172 0.241379 0.734362 
0.103448 0.655172 0.241379 0.635028 
0.137931 0.655172 0.241379 0.717361 
0.172414 0.655172 0.241379 0.737666 
0.206897 0.655172 0.241379 0.607842 
0.241379 0.655172 0.241379 0.734809 
0.275862 0.655172 0.241379 0.744059 
0.310345 0.655172 0.241379 0.682826 
0.344828 0.655172 0.241379 0.715005 
0.37931 0.655172 0.241379 0.721113 
0.413793 0.655172 0.241379 0.699718 
0.448276 0.655172 0.241379 0.593902 
0.482759 0.655172 0.241379 0.696253 
0.517241 0.655172 0.241379 0.708273 
0.551724 0.655172 0.241379 0.736127 
0.586207 0.655172 0.241379 0.724913 
0.62069 0.655172 0.241379 0.724718 
0.655172 0.655172 0.241379 0.720955 
0.689655 0.655172 0.241379 0.701659 
0.724138 0.655172 0.241379 0.722023 
0.758621 0.655172 0.241379 0.72096 
0.793103 0.655172 0.241379 0.716074 
0.827586 0.655172 0.241379 0.724308 
0.862069 0.655172 0.241379 0.748442 
0.896552 0.655172 0.241379 0.593529 
0.931034 0.655172 0.241379 0.742821 
0.965517 0.655172 0.241379 0.703442 
1 0.655172 0.241379 0.71187 
0 0.689655 0.241379 0.691975 
0.0344828 0.689655 0.241379 0.690321 
0.0689655 0.689655 0.241379 0.645801 
0.103448 0.689655 0.241379 0.70363 
0.137931 0.689655 0.241379 0.628668 
0.172414 0.689655 0.241379 0.698465 
0.206897 0.689655 0.241379 0.643331 
0.241379 0.689655 0.241379 0.686495 
0.275862 0.689655 0.241379 0.684977 
0.310345 0.689655 0.241379 0.717612 
0.344828 0.689655 0.241379 0.717372 
0.37931 0.689655 0.241379 0.679491 
0.413793 0.689655 0.241379 0.679751 
0.448276 0.689655 0.241379 0.742101 
0.482759 0.689655 0.241379 0.739957 
0.517241 0.689655 0.241379 0.69698 
0.551724 0.689655 0.241379 0.70479 
0.586207 0.689655 0.241379 0.713207 
0.62069 0.689655 0.241379 0.583215 
0.655172 0.689655 0.241379 0.706032 
0.689655 0.689655 0.241379 0.701777 
0.724138 0.689655 0.241379 0.686666 
0.758621 0.689655 0.241379 0.584071 
0.793103 0.689655 0.241379 0.580492 
0.827586 0.689655 0.241379 0.720299 
0.862069 0.689655 0.241379 0.719898 
0.896552 0.689655 0.241379 0.707561 
0.931034 0.689655 0.241379 0.696221 
0.965517 0.689655 0.241379 0.696103 
1 0.689655 0.241379 0.670204 
0 0.724138 0.241379 0.692584 
0.0344828 0.724138 0.241379 0.726339 
0.0689655 0.724138 0.241379 0.570453 
0.103448 0.724138 0.241379 0.665385 
0.137931 0.724138 0.241379 0.680031 
0.172414 0.724138 0.241379 0.699228 
0.206897 0.724138 0.241379 0.638582 
0.241379 0.724138 0.241379 0.69905 
0.275862 0.724138 0.241379 0.710041 
0.310345 0.724138 0.241379 0.701298 
0.344828 0.724138 0.241379 0.694143 
0.37931 0.724138 0.241379 0.617558 
0.413793 0.724138 0.241379 0.606973 
0.448276 0.724138 0.241379 0.661681 
0.482759 0.724138 0.241379 0.714729 
0.517241 0.724138 0.241379 0.713284 
0.551724 0.724138 0.241379 0.709089 
0.586207 0.724138 0.241379 0.700548 
0.62069 0.724138 0.241379 0.719035 
0.655172 0.724138 0.241379 0.715862 
0.689655 0.724138 0.241379 0.681105 
0.724138 0.724138 0.241379 0.730772 
0.758621 0.724138 0.241379 0.580579 
0.793103 0.724138 0.241379 0.693535 
0.827586 0.724138 0.241379 0.720296 
0.862069 0.724138 0.241379 0.719789 
0.896552 0.724138 0.241379 0.69393 
0.931034 0.724138 0.241379 0.695536 
0.965517 0.724138 0.241379 0.72432 
1 0.724138 0.241379 0.714095 
0 0.758621 0.241379 0.59775 
0.0344828 0.758621 0.241379 0.663162 
0.0689655 0.758621 0.241379 0.740951 
0.103448 0.758621 0.241379 0.756664 
0.137931 0.758621 0.241379 0.726847 
0.172414 0.758621 0.241379 0.61831 
0.206897 0.758621 0.241379 0.638297 
0.241379 0.758621 0.241379 0.747963 
0.275862 0.758621 0.241379 0.628624 
0.310345 0.758621 0.241379 0.637184 
0.344828 0.758621 0.241379 0.600065 
0.37931 0.758621 0.241379 0.733047 
0.413793 0.758621 0.241379 0.654782 
0.448276 0.758621 0.241379 0.723241 
0.482759 0.758621 0.241379 0.692993 
0.517241 0.758621 0.241379 0.571418 
0.551724 0.758621 0.241379 0.706274 
0.586207 0.758621 0.241379 0.731702 
0.62069 0.758621 0.241379 0.586112 
0.655172 0.758621 0.241379 0.688049 
0.689655 0.758621 0.241379 0.735842 
0.724138 0.758621 0.241379 0.677055 
0.758621 0.758621 0.241379 0.715449 
0.793103 0.758621 0.241379 0.709853 
0.827586 0.758621 0.241379 0.730794 
0.862069 0.758621 0.241379 0.673006 
0.896552 0.758621 0.241379 0.711418 
0.931034 0.758621 0.241379 0.71454 
0.965517 0.758621 0.241379 0.720027 
1 0.758621 0.241379 0.704699 
0 0.793103 0.241379 0.716767 
0.0344828 0.793103 0.241379 0.689774 
0.0689655 0.793103 0.241379 0.710397 
0.103448 0.793103 0.241379 0.711569 
0.137931 0.793103 0.241379 0.722918 
0.172414 0.793103 0.241379 0.606972 
0.206897 0.793103 0.241379 0.704333 
0.241379 0.793103 0.241379 0.698533 
0.275862 0.793103 0.241379 0.739417 
0.310345 0.793103 0.241379 0.674152 
0.344828 0.793103 0.241379 0.705713 
0.37931 0.793103 0.241379 0.612124 
0.413793 0.793103 0.241379 0.716561 
0.448276 0.793103 0.241379 0.711167 
0.482759 0.793103 0.241379 0.703849 
0.517241 0.793103 0.241379 0.674297 
0.551724 0.793103 0.241379 0.703682 
0.586207 0.793103 0.241379 0.723198 
0.62069 0.793103 0.241379 0.7258 
0.655172 0.793103 0.241379 0.691354 
0.689655 0.793103 0.241379 0.688365 
0.724138 0.793103 0.241379 0.571425 
0.758621 0.793103 0.241379 0.589323 
0.793103 0.793103 0.241379 0.674281 
0.827586 0.793103 0.241379 0.699801 
0.862069 0.793103 0.241379 0.717981 
0.896552 0.793103 0.241379 0.581738 
0.931034 0.793103 0.241379 0.723692 
0.965517 0.793103 0.241379 0.577966 
1 0.793103 0.241379 0.66973 
0 0.827586 0.241379 0.5829 
0.0344828 0.827586 0.241379 0.565425 
0.0689655 0.827586 0.241379 0.59068 
0.103448 0.827586 0.241379 0.725495 
0.137931 0.827586 0.241379 0.714693 
0.172414 0.827586 0.241379 0.696653 
0.206897 0.827586 0.241379 0.72102 
0.241379 0.827586 0.241379 0.716667 
0.275862 0.827586 0.241379 0.743626 
0.310345 0.827586 0.241379 0.734566 
0.344828 0.827586 0.241379 0.703403 
0.37931 0.827586 0.241379 0.697347 
0.413793 0.827586 0.241379 0.62059 
0.448276 0.827586 0.241379 0.637999 
0.482759 0.827586 0.241379 0.739865 
0.517241 0.827586 0.241379 0.729775 
0.551724 0.827586 0.241379 0.703222 
0.586207 0.827586 0.241379 0.711663 
0.62069 0.827586 0.241379 0.6397 
0.655172 0.827586 0.241379 0.701974 
0.689655 0.827586 0.241379 0.714362 
0.724138 0.827586 0.241379 0.693209 
0.758621 0.827586 0.241379 0.719011 
0.793103 0.827586 0.241379 0.711654 
0.827586 0.827586 0.241379 0.741251 
0.862069 0.827586 0.241379 0.545155 
0.896552 0.827586 0.241379 0.713126 
0.931034 0.827586 0.241379 0.672939 
0.965517 0.827586 0.241379 0.685551 
1 0.827586 0.241379 0.711173 
0 0.862069 0.241379 0.695878 
0.0344828 0.862069 0.241379 0.709654 
0.0689655 0.862069 0.241379 0.716155 
0.103448 0.862069 0.241379 0.726525 
0.137931 0.862069 0.241379 0.658435 
0.172414 0.862069 0.241379 0.716547 
0.206897 0.862069 0.241379 0.712072 
0.241379 0.862069 0.241379 0.739119 
0.275862 0.862069 0.241379 0.676577 
0.310345 0.862069 0.241379 0.643932 
0.344828 0.862069 0.241379 0.676557 
0.37931 0.862069 0.241379 0.701925 
0.413793 0.862069 0.241379 0.633483 
0.448276 0.862069 0.241379 0.727719 
0.482759 0.862069 0.241379 0.591903 
0.517241 0.862069 0.241379 0.60241 
0.551724 0.862069 0.241379 0.656483 
0.586207 0.862069 0.241379 0.725762 
0.62069 0.862069 0.241379 0.602669 
0.655172 0.862069 0.241379 0.699258 
0.689655 0.862069 0.241379 0.716679 
0.724138 0.862069 0.241379 0.690353 
0.758621 0.862069 0.241379 0.710896 
0.793103 0.862069 0.241379 0.586865 
0.827586 0.862069 0.241379 0.695377 
0.862069 0.862069 0.241379 0.702425 
0.896552 0.862069 0.241379 0.702241 
0.931034 0.862069 0.241379 0.709922 
0.965517 0.862069 0.241379 0.699884 
1 0.862069 0.241379 0.710153 
0 0.896552 0.241379 0.713247 
0.0344828 0.896552 0.241379 0.703591 
0.0689655 0.896552 0.241379 0.706398 
0.103448 0.896552 0.241379 0.657909 
0.137931 0.896552 0.241379 0.694718 
0.172414 0.896552 0.241379 0.677072 
0.206897 0.896552 0.241379 0.586002 
0.241379 0.896552 0.241379 0.735845 
0.275862 0.896552 0.241379 0.680692 
0.310345 0.896552 0.241379 0.711224 
0.344828 0.896552 0.241379 0.547535 
0.37931 0.896552 0.241379 0.670666 
0.413793 0.896552 0.241379 0.737386 
0.448276 0.896552 0.241379 0.643298 
0.482759 0.896552 0.241379 0.644489 
0.517241 0.896552 0.241379 0.685831 
0.551724 0.896552 0.241379 0.709086 
0.586207 0.896552 0.241379 0.647104 
0.62069 0.896552 0.241379 0.708939 
0.655172 0.896552 0.241379 0.608856 
0.689655 0.896552 0.241379 0.601776 
0.724138 0.896552 0.241379 0.655006 
0.758621 0.896552 0.241379 0.592248 
0.793103 0.896552 0.241379 0.729898 
0.827586 0.896552 0.241379 0.693154 
0.862069 0.896552 0.241379 0.716984 
0.896552 0.896552 0.241379 0.698218 
0.931034 0.896552 0.241379 0.691839 
0.965517 0.896552 0.241379 0.71574 
1 0.896552 0.241379 0.708774 
0 0.931034 0.241379 0.576947 
0.0344828 0.931034 0.241379 0.735011 
0.0689655 0.931034 0.241379 0.734656 
0.103448 0.931034 0.241379 0.695546 
0.137931 0.931034 0.241379 0.721147 
0.172414 0.931034 0.241379 0.696133 
0.206897 0.931034 0.241379 0.70311 
0.241379 0.931034 0.241379 0.712013 
0.275862 0.931034 0.241379 0.711673 
0.310345 0.931034 0.241379 0.655405 
0.344828 0.931034 0.241379 0.722726 
0.37931 0.931034 0.241379 0.725535 
0.413793 0.931034 0.241379 0.620032 
0.448276 0.931034 0.241379 0.628739 
0.482759 0.931034 0.241379 0.709118 
0.517241 0.931034 0.241379 0.684304 
0.551724 0.931034 0.241379 0.73886 
0.586207 0.931034 0.241379 0.612178 
0.62069 0.931034 0.241379 0.722517 
0.655172 0.931034 0.241379 0.565199 
0.689655 0.931034 0.241379 0.646695 
0.724138 0.931034 0.241379 0.701466 
0.758621 0.931034 0.241379 0.562784 
0.793103 0.931034 0.241379 0.702575 
0.827586 0.931034 0.241379 0.699258 
0.862069 0.931034 0.241379 0.596163 
0.896552 0.931034 0.241379 0.704437 
0.931034 0.931034 0.241379 0.719773 
0.965517 0.931034 0.241379 0.646092 
1 0.931034 0.241379 0.580274 
0 0.965517 0.241379 0.698947 
0.0344828 0.965517 0.241379 0.575385 
0.0689655 0.965517 0.241379 0.733279 
0.103448 0.965517 0.241379 0.712838 
0.137931 0.965517 0.241379 0.710006 
0.172414 0.965517 0.241379 0.654413 
0.206897 0.965517 0.241379 0.701982 
0.241379 0.965517 0.241379 0.588238 
0.275862 0.965517 0.241379 0.704628 
0.310345 0.965517 0.241379 0.721363 
0.344828 0.965517 0.241379 0.732264 
0.37931 0.965517 0.241379 0.705614 
0.413793 0.965517 0.241379 0.570282 
0.448276 0.965517 0.241379 0.699381 
0.482759 0.965517 0.241379 0.616602 
0.517241 0.965517 0.241379 0.716361 
0.551724 0.965517 0.241379 0.710986 
0.586207 0.965517 0.241379 0.621882 
0.62069 0.965517 0.241379 0.733316 
0.655172 0.965517 0.241379 0.598766 
0.689655 0.965517 0.241379 0.694164 
0.724138 0.965517 0.241379 0.555678 
0.758621 0.965517 0.241379 0.714768 
0.793103 0.965517 0.241379 0.563221 
0.827586 0.965517 0.241379 0.562795 
0.862069 0.965517 0.241379 0.691107 
0.896552 0.965517 0.241379 0.714056 
0.931034 0.965517 0.241379 0.720583 
0.965517 0.965517 0.241379 0.696011 
1 0.965517 0.241379 0.692238 
0 1 0.241379 0.707357 
0.0344828 1 0.241379 0.582514 
0.0689655 1 0.241379 0.5792 
0.103448 1 0.241379 0.691164 
0.137931 1 0.241379 0.712717 
0.172414 1 0.241379 0.700153 
0.206897 1 0.241379 0.590841 
0.241379 1 0.241379 0.703963 
0.275862 1 0.241379 0.704583 
0.310345 1 0.241379 0.713468 
0.344828 1 0.241379 0.638986 
0.37931 1 0.241379 0.711438 
0.413793 1 0.241379 0.647923 
0.448276 1 0.241379 0.742165 
0.482759 1 0.241379 0.721532 
0.517241 1 0.241379 0.720701 
0.551724 1 0.241379 0.642967 
0.586207 1 0.241379 0.632349 
0.62069 1 0.241379 0.682636 
0.655172 1 0.241379 0.707121 
0.689655 1 0.241379 0.548466 
0.724138 1 0.241379 0.706838 
0.758621 1 0.241379 0.700839 
0.793103 1 0.241379 0.585644 
0.827586 1 0.241379 0.712787 
0.862069 1 0.241379 0.552675 
0.896552 1 0.241379 0.688242 
0.931034 1 0.241379 0.674058 
0.965517 1 0.241379 0.712519 
1 1 0.241379 0.687734 
0 0 0.275862 0.634672 
0.0344828 0 0.275862 0.634672 
0.0689655 0 0.275862 0.634672 
0.103448 0 0.275862 0.634672 
0.137931 0 0.275862 0.634672 
0.172414 0 0.275862 0.634672 
0.206897 0 0.275862 0.634672 
0.241379 0 0.275862 0.634672 
0.275862 0 0.275862 0.634672 
0.310345 0 0.275862 0.634672 
0.344828 0 0.275862 0.634672 
0.37931 0 0.275862 0.634672 
0.413793 0 0.275862 0.634672 
0.448276 0 0.275862 0.634672 
0.482759 0 0.275862 0.634672 
0.517241 0 0.275862 0.634672 
0.551724 0 0.275862 0.634672 
0.586207 0 0.275862 0.634672 
0.62069 0 0.275862 0.634672 
0.655172 0 0.275862 0.634672 
0.689655 0 0.275862 0.634672 
0.724138 0 0.275862 0.634672 
0.758621 0 0.275862 0.634672 
0.793103 0 0.275862 0.634672 
0.827586 0 0.275862 0.634672 
0.862069 0 0.275862 0.634672 
0.896552 0 0.275862 0.634672 
0.931034 0 0.275862 0.634672 
0.965517 0 0.275862 0.634672 
1 0 0.275862 0.634672 
0 0.0344828 0.275862 0.626926 
0.0344828 0.0344828 0.275862 0.613392 
0.0689655 0.0344828 0.275862 0.645135 
0.103448 0.0344828 0.275862 0.658332 
0.137931 0.0344828 0.275862 0.649978 
0.172414 0.0344828 0.275862 0.627343 
0.206897 0.0344828 0.275862 0.64246 
0.241379 0.0344828 0.275862 0.641612 
0.275862 0.0344828 0.275862 0.655071 
0.310345 0.0344828 0.275862 0.645336 
0.344828 0.0344828 0.275862 0.635032 
0.37931 0.0344828 0.275862 0.648721 
0.413793 0.0344828 0.275862 0.492961 
0.448276 0.0344828 0.275862 0.63854 
0.482759 0.0344828 0.275862 0.639798 
0.517241 0.0344828 0.275862 0.612798 
0.551724 0.0344828 0.275862 0.58222 
0.586207 0.0344828 0.275862 0.659015 
0.62069 0.0344828 0.275862 0.570437 
0.655172 0.0344828 0.275862 0.655273 
0.689655 0.0344828 0.275862 0.634528 
0.724138 0.0344828 0.275862 0.552738 
0.758621 0.0344828 0.275862 0.64848 
0.793103 0.0344828 0.275862 0.568145 
0.827586 0.0344828 0.275862 0.667815 
0.862069 0.0344828 0.275862 0.639362 
0.896552 0.0344828 0.275862 0.631069 
0.931034 0.0344828 0.275862 0.55051 
0.965517 0.0344828 0.275862 0.654245 
1 0.0344828 0.275862 0.592477 
0 0.0689655 0.275862 0.647663 
0.0344828 0.0689655 0.275862 0.657902 
0.0689655 0.0689655 0.275862 0.607259 
0.103448 0.0689655 0.275862 0.607641 
0.137931 0.0689655 0.275862 0.662245 
0.172414 0.0689655 0.275862 0.538542 
0.206897 0.0689655 0.275862 0.653645 
0.241379 0.0689655 0.275862 0.651723 
0.275862 0.0689655 0.275862 0.662735 
0.310345 0.0689655 0.275862 0.657279 
0.344828 0.0689655 0.275862 0.653899 
0.37931 0.0689655 0.275862 0.65404 
0.413793 0.0689655 0.275862 0.585232 
0.448276 0.0689655 0.275862 0.629721 
0.482759 0.0689655 0.275862 0.541688 
0.517241 0.0689655 0.275862 0.630068 
0.551724 0.0689655 0.275862 0.640662 
0.586207 0.0689655 0.275862 0.6509 
0.62069 0.0689655 0.275862 0.631954 
0.655172 0.0689655 0.275862 0.549217 
0.689655 0.0689655 0.275862 0.595529 
0.724138 0.0689655 0.275862 0.55882 
0.758621 0.0689655 0.275862 0.527354 
0.793103 0.0689655 0.275862 0.658127 
0.827586 0.0689655 0.275862 0.643811 
0.862069 0.0689655 0.275862 0.659671 
0.896552 0.0689655 0.275862 0.661668 
0.931034 0.0689655 0.275862 0.652194 
0.965517 0.0689655 0.275862 0.554793 
1 0.0689655 0.275862 0.604347 
0 0.103448 0.275862 0.531611 
0.0344828 0.103448 0.275862 0.65757 
0.0689655 0.103448 0.275862 0.647081 
0.103448 0.103448 0.275862 0.650923 
0.137931 0.103448 0.275862 0.652074 
0.172414 0.103448 0.275862 0.663511 
0.206897 0.103448 0.275862 0.542074 
0.241379 0.103448 0.275862 0.664241 
0.275862 0.103448 0.275862 0.691492 
0.310345 0.103448 0.275862 0.64897 
0.344828 0.103448 0.275862 0.658044 
0.37931 0.103448 0.275862 0.650226 
0.413793 0.103448 0.275862 0.62418 
0.448276 0.103448 0.275862 0.622191 
0.482759 0.103448 0.275862 0.615844 
0.517241 0.103448 0.275862 0.531572 
0.551724 0.103448 0.275862 0.662916 
0.586207 0.103448 0.275862 0.639198 
0.62069 0.103448 0.275862 0.65139 
0.655172 0.103448 0.275862 0.538451 
0.689655 0.103448 0.275862 0.64816 
0.724138 0.103448 0.275862 0.543528 
0.758621 0.103448 0.275862 0.660773 
0.793103 0.103448 0.275862 0.63806 
0.827586 0.103448 0.275862 0.655675 
0.862069 0.103448 0.275862 0.663523 
0.896552 0.103448 0.275862 0.659324 
0.931034 0.103448 0.275862 0.654405 
0.965517 0.103448 0.275862 0.671522 
1 0.103448 0.275862 0.65207 
0 0.137931 0.275862 0.649328 
0.0344828 0.137931 0.275862 0.64253 
0.0689655 0.137931 0.275862 0.638449 
0.103448 0.137931 0.275862 0.649772 
0.137931 0.137931 0.275862 0.653986 
0.172414 0.137931 0.275862 0.652313 
0.206897 0.137931 0.275862 0.627229 
0.241379 0.137931 0.275862 0.627572 
0.275862 0.137931 0.275862 0.529061 
0.310345 0.137931 0.275862 0.665067 
0.344828 0.137931 0.275862 0.6428 
0.37931 0.137931 0.275862 0.610632 
0.413793 0.137931 0.275862 0.624289 
0.448276 0.137931 0.275862 0.526443 
0.482759 0.137931 0.275862 0.628574 
0.517241 0.137931 0.275862 0.614876 
0.551724 0.137931 0.275862 0.659741 
0.586207 0.137931 0.275862 0.638824 
0.62069 0.137931 0.275862 0.636843 
0.655172 0.137931 0.275862 0.645795 
0.689655 0.137931 0.275862 0.618606 
0.724138 0.137931 0.275862 0.672133 
0.758621 0.137931 0.275862 0.649252 
0.793103 0.137931 0.275862 0.652117 
0.827586 0.137931 0.275862 0.663703 
0.862069 0.137931 0.275862 0.545535 
0.896552 0.137931 0.275862 0.54182 
0.931034 0.137931 0.275862 0.587325 
0.965517 0.137931 0.275862 0.61957 
1 0.137931 0.275862 0.631239 
0 0.172414 0.275862 0.639141 
0.0344828 0.172414 0.275862 0.630547 
0.0689655 0.172414 0.275862 0.480456 
0.103448 0.172414 0.275862 0.643272 
0.137931 0.172414 0.275862 0.626824 
0.172414 0.172414 0.275862 0.644205 
0.206897 0.172414 0.275862 0.526785 
0.241379 0.172414 0.275862 0.668221 
0.275862 0.172414 0.275862 0.644034 
0.310345 0.172414 0.275862 0.612918 
0.344828 0.172414 0.275862 0.637913 
0.37931 0.172414 0.275862 0.645399 
0.413793 0.172414 0.275862 0.657906 
0.448276 0.172414 0.275862 0.64288 
0.482759 0.172414 0.275862 0.647431 
0.517241 0.172414 0.275862 0.646169 
0.551724 0.172414 0.275862 0.648082 
0.586207 0.172414 0.275862 0.52944 
0.62069 0.172414 0.275862 0.531407 
0.655172 0.172414 0.275862 0.526481 
0.689655 0.172414 0.275862 0.626255 
0.724138 0.172414 0.275862 0.628206 
0.758621 0.172414 0.275862 0.586262 
0.793103 0.172414 0.275862 0.630881 
0.827586 0.172414 0.275862 0.62584 
0.862069 0.172414 0.275862 0.632839 
0.896552 0.172414 0.275862 0.636376 
0.931034 0.172414 0.275862 0.629682 
0.965517 0.172414 0.275862 0.653397 
1 0.172414 0.275862 0.644815 
0 0.206897 0.275862 0.62343 
0.0344828 0.206897 0.275862 0.643341 
0.0689655 0.206897 0.275862 0.655597 
0.103448 0.206897 0.275862 0.633645 
0.137931 0.206897 0.275862 0.64452 
0.172414 0.206897 0.275862 0.646802 
0.206897 0.206897 0.275862 0.644049 
0.241379 0.206897 0.275862 0.646978 
0.275862 0.206897 0.275862 0.645574 
0.310345 0.206897 0.275862 0.64913 
0.344828 0.206897 0.275862 0.63159 
0.37931 0.206897 0.275862 0.644637 
0.413793 0.206897 0.275862 0.642823 
0.448276 0.206897 0.275862 0.646879 
0.482759 0.206897 0.275862 0.646037 
0.517241 0.206897 0.275862 0.63428 
0.551724 0.206897 0.275862 0.644357 
0.586207 0.206897 0.275862 0.645616 
0.62069 0.206897 0.275862 0.649769 
0.655172 0.206897 0.275862 0.633667 
0.689655 0.206897 0.275862 0.627752 
0.724138 0.206897 0.275862 0.658884 
0.758621 0.206897 0.275862 0.627632 
0.793103 0.206897 0.275862 0.595253 
0.827586 0.206897 0.275862 0.628699 
0.862069 0.206897 0.275862 0.611583 
0.896552 0.206897 0.275862 0.631764 
0.931034 0.206897 0.275862 0.65039 
0.965517 0.206897 0.275862 0.669847 
1 0.206897 0.275862 0.528092 
0 0.241379 0.275862 0.630116 
0.0344828 0.241379 0.275862 0.613564 
0.0689655 0.241379 0.275862 0.625963 
0.103448 0.241379 0.275862 0.638883 
0.137931 0.241379 0.275862 0.671878 
0.172414 0.241379 0.275862 0.607579 
0.206897 0.241379 0.275862 0.650841 
0.241379 0.241379 0.275862 0.627555 
0.275862 0.241379 0.275862 0.634285 
0.310345 0.241379 0.275862 0.643689 
0.344828 0.241379 0.275862 0.622154 
0.37931 0.241379 0.275862 0.625867 
0.413793 0.241379 0.275862 0.64 
0.448276 0.241379 0.275862 0.636437 
0.482759 0.241379 0.275862 0.627033 
0.517241 0.241379 0.275862 0.621975 
0.551724 0.241379 0.275862 0.646892 
0.586207 0.241379 0.275862 0.633965 
0.62069 0.241379 0.275862 0.634372 
0.655172 0.241379 0.275862 0.626749 
0.689655 0.241379 0.275862 0.642385 
0.724138 0.241379 0.275862 0.637513 
0.758621 0.241379 0.275862 0.488682 
0.793103 0.241379 0.275862 0.525822 
0.827586 0.241379 0.275862 0.665951 
0.862069 0.241379 0.275862 0.639956 
0.896552 0.241379 0.275862 0.612072 
0.931034 0.241379 0.275862 0.648344 
0.965517 0.241379 0.275862 0.649543 
1 0.241379 0.275862 0.526147 
0 0.275862 0.275862 0.650742 
0.0344828 0.275862 0.275862 0.506484 
0.0689655 0.275862 0.275862 0.628796 
0.103448 0.275862 0.275862 0.60095 
0.137931 0.275862 0.275862 0.598721 
0.172414 0.275862 0.275862 0.619 
0.206897 0.275862 0.275862 0.640846 
0.241379 0.275862 0.275862 0.64781 
0.275862 0.275862 0.275862 0.615346 
0.310345 0.275862 0.275862 0.647883 
0.344828 0.275862 0.275862 0.642477 
0.37931 0.275862 0.275862 0.641832 
0.413793 0.275862 0.275862 0.515693 
0.448276 0.275862 0.275862 0.675371 
0.482759 0.275862 0.275862 0.626801 
0.517241 0.275862 0.275862 0.657017 
0.551724 0.275862 0.275862 0.514454 
0.586207 0.275862 0.275862 0.641399 
0.62069 0.275862 0.275862 0.632259 
0.655172 0.275862 0.275862 0.628777 
0.689655 0.275862 0.275862 0.623388 
0.724138 0.275862 0.275862 0.64854 
0.758621 0.275862 0.275862 0.64276 
0.793103 0.275862 0.275862 0.646747 
0.827586 0.275862 0.275862 0.650431 
0.862069 0.275862 0.275862 0.641841 
0.896552 0.275862 0.275862 0.603592 
0.931034 0.275862 0.275862 0.64788 
0.965517 0.275862 0.275862 0.663665 
1 0.275862 0.275862 0.642149 
0 0.310345 0.275862 0.645718 
0.0344828 0.310345 0.275862 0.632938 
0.0689655 0.310345 0.275862 0.560304 
0.103448 0.310345 0.275862 0.569276 
0.137931 0.310345 0.275862 0.591556 
0.172414 0.310345 0.275862 0.608087 
0.206897 0.310345 0.275862 0.655827 
0.241379 0.310345 0.275862 0.649379 
0.275862 0.310345 0.275862 0.6444 
0.310345 0.310345 0.275862 0.652021 
0.344828 0.310345 0.275862 0.653274 
0.37931 0.310345 0.275862 0.644514 
0.413793 0.310345 0.275862 0.601313 
0.448276 0.310345 0.275862 0.606916 
0.482759 0.310345 0.275862 0.652771 
0.517241 0.310345 0.275862 0.644972 
0.551724 0.310345 0.275862 0.642402 
0.586207 0.310345 0.275862 0.63059 
0.62069 0.310345 0.275862 0.629911 
0.655172 0.310345 0.275862 0.650859 
0.689655 0.310345 0.275862 0.657956 
0.724138 0.310345 0.275862 0.645044 
0.758621 0.310345 0.275862 0.6463 
0.793103 0.310345 0.275862 0.646797 
0.827586 0.310345 0.275862 0.663914 
0.862069 0.310345 0.275862 0.645338 
0.896552 0.310345 0.275862 0.636578 
0.931034 0.310345 0.275862 0.625463 
0.965517 0.310345 0.275862 0.617612 
1 0.310345 0.275862 0.610547 
0 0.344828 0.275862 0.56024 
0.0344828 0.344828 0.275862 0.643449 
0.0689655 0.344828 0.275862 0.564869 
0.103448 0.344828 0.275862 0.6686 
0.137931 0.344828 0.275862 0.626658 
0.172414 0.344828 0.275862 0.576826 
0.206897 0.344828 0.275862 0.594649 
0.241379 0.344828 0.275862 0.649444 
0.275862 0.344828 0.275862 0.636223 
0.310345 0.344828 0.275862 0.658909 
0.344828 0.344828 0.275862 0.542041 
0.37931 0.344828 0.275862 0.528855 
0.413793 0.344828 0.275862 0.624474 
0.448276 0.344828 0.275862 0.642298 
0.482759 0.344828 0.275862 0.630055 
0.517241 0.344828 0.275862 0.653448 
0.551724 0.344828 0.275862 0.548553 
0.586207 0.344828 0.275862 0.650502 
0.62069 0.344828 0.275862 0.651392 
0.655172 0.344828 0.275862 0.538096 
0.689655 0.344828 0.275862 0.525894 
0.724138 0.344828 0.275862 0.560365 
0.758621 0.344828 0.275862 0.653338 
0.793103 0.344828 0.275862 0.646451 
0.827586 0.344828 0.275862 0.645028 
0.862069 0.344828 0.275862 0.645216 
0.896552 0.344828 0.275862 0.519483 
0.931034 0.344828 0.275862 0.642638 
0.965517 0.344828 0.275862 0.524052 
1 0.344828 0.275862 0.605207 
0 0.37931 0.275862 0.641729 
0.0344828 0.37931 0.275862 0.500548 
0.0689655 0.37931 0.275862 0.562379 
0.103448 0.37931 0.275862 0.637391 
0.137931 0.37931 0.275862 0.501617 
0.172414 0.37931 0.275862 0.649891 
0.206897 0.37931 0.275862 0.640427 
0.241379 0.37931 0.275862 0.633575 
0.275862 0.37931 0.275862 0.507173 
0.310345 0.37931 0.275862 0.659002 
0.344828 0.37931 0.275862 0.640665 
0.37931 0.37931 0.275862 0.545849 
0.413793 0.37931 0.275862 0.656033 
0.448276 0.37931 0.275862 0.61329 
0.482759 0.37931 0.275862 0.63893 
0.517241 0.37931 0.275862 0.650685 
0.551724 0.37931 0.275862 0.647558 
0.586207 0.37931 0.275862 0.61511 
0.62069 0.37931 0.275862 0.58358 
0.655172 0.37931 0.275862 0.659649 
0.689655 0.37931 0.275862 0.626609 
0.724138 0.37931 0.275862 0.651762 
0.758621 0.37931 0.275862 0.541709 
0.793103 0.37931 0.275862 0.623062 
0.827586 0.37931 0.275862 0.638328 
0.862069 0.37931 0.275862 0.64149 
0.896552 0.37931 0.275862 0.544672 
0.931034 0.37931 0.275862 0.630825 
0.965517 0.37931 0.275862 0.611557 
1 0.37931 0.275862 0.578966 
0 0.413793 0.275862 0.628398 
0.0344828 0.413793 0.275862 0.617299 
0.0689655 0.413793 0.275862 0.627811 
0.103448 0.413793 0.275862 0.64296 
0.137931 0.413793 0.275862 0.565324 
0.172414 0.413793 0.275862 0.558358 
0.206897 0.413793 0.275862 0.564225 
0.241379 0.413793 0.275862 0.586423 
0.275862 0.413793 0.275862 0.503543 
0.310345 0.413793 0.275862 0.652269 
0.344828 0.413793 0.275862 0.566733 
0.37931 0.413793 0.275862 0.632318 
0.413793 0.413793 0.275862 0.628556 
0.448276 0.413793 0.275862 0.568722 
0.482759 0.413793 0.275862 0.641603 
0.517241 0.413793 0.275862 0.605632 
0.551724 0.413793 0.275862 0.638176 
0.586207 0.413793 0.275862 0.641505 
0.62069 0.413793 0.275862 0.637472 
0.655172 0.413793 0.275862 0.554874 
0.689655 0.413793 0.275862 0.636336 
0.724138 0.413793 0.275862 0.587716 
0.758621 0.413793 0.275862 0.645632 
0.793103 0.413793 0.275862 0.505886 
0.827586 0.413793 0.275862 0.671089 
0.862069 0.413793 0.275862 0.605987 
0.896552 0.413793 0.275862 0.606977 
0.931034 0.413793 0.275862 0.64685 
0.965517 0.413793 0.275862 0.611899 
1 0.413793 0.275862 0.51071 
0 0.448276 0.275862 0.634279 
0.0344828 0.448276 0.275862 0.65102 
0.0689655 0.448276 0.275862 0.65164 
0.103448 0.448276 0.275862 0.642406 
0.137931 0.448276 0.275862 0.665704 
0.172414 0.448276 0.275862 0.572576 
0.206897 0.448276 0.275862 0.63165 
0.241379 0.448276 0.275862 0.658095 
0.275862 0.448276 0.275862 0.578791 
0.310345 0.448276 0.275862 0.580199 
0.344828 0.448276 0.275862 0.648185 
0.37931 0.448276 0.275862 0.565309 
0.413793 0.448276 0.275862 0.591902 
0.448276 0.448276 0.275862 0.586138 
0.482759 0.448276 0.275862 0.609412 
0.517241 0.448276 0.275862 0.641893 
0.551724 0.448276 0.275862 0.645129 
0.586207 0.448276 0.275862 0.579462 
0.62069 0.448276 0.275862 0.665438 
0.655172 0.448276 0.275862 0.631418 
0.689655 0.448276 0.275862 0.649174 
0.724138 0.448276 0.275862 0.652621 
0.758621 0.448276 0.275862 0.637204 
0.793103 0.448276 0.275862 0.59143 
0.827586 0.448276 0.275862 0.639419 
0.862069 0.448276 0.275862 0.61281 
0.896552 0.448276 0.275862 0.635011 
0.931034 0.448276 0.275862 0.598501 
0.965517 0.448276 0.275862 0.630574 
1 0.448276 0.275862 0.54059 
0 0.482759 0.275862 0.636442 
0.0344828 0.482759 0.275862 0.444006 
0.0689655 0.482759 0.275862 0.650955 
0.103448 0.482759 0.275862 0.62564 
0.137931 0.482759 0.275862 0.629598 
0.172414 0.482759 0.275862 0.626257 
0.206897 0.482759 0.275862 0.652852 
0.241379 0.482759 0.275862 0.639033 
0.275862 0.482759 0.275862 0.639647 
0.310345 0.482759 0.275862 0.604826 
0.344828 0.482759 0.275862 0.637166 
0.37931 0.482759 0.275862 0.657612 
0.413793 0.482759 0.275862 0.669938 
0.448276 0.482759 0.275862 0.606539 
0.482759 0.482759 0.275862 0.559445 
0.517241 0.482759 0.275862 0.616662 
0.551724 0.482759 0.275862 0.531164 
0.586207 0.482759 0.275862 0.555645 
0.62069 0.482759 0.275862 0.649964 
0.655172 0.482759 0.275862 0.642446 
0.689655 0.482759 0.275862 0.649085 
0.724138 0.482759 0.275862 0.576378 
0.758621 0.482759 0.275862 0.663224 
0.793103 0.482759 0.275862 0.639539 
0.827586 0.482759 0.275862 0.635862 
0.862069 0.482759 0.275862 0.653673 
0.896552 0.482759 0.275862 0.621681 
0.931034 0.482759 0.275862 0.653065 
0.965517 0.482759 0.275862 0.64174 
1 0.482759 0.275862 0.597954 
0 0.517241 0.275862 0.528583 
0.0344828 0.517241 0.275862 0.598667 
0.0689655 0.517241 0.275862 0.627381 
0.103448 0.517241 0.275862 0.646116 
0.137931 0.517241 0.275862 0.637699 
0.172414 0.517241 0.275862 0.66127 
0.206897 0.517241 0.275862 0.635806 
0.241379 0.517241 0.275862 0.662836 
0.275862 0.517241 0.275862 0.544327 
0.310345 0.517241 0.275862 0.643805 
0.344828 0.517241 0.275862 0.647487 
0.37931 0.517241 0.275862 0.545546 
0.413793 0.517241 0.275862 0.602049 
0.448276 0.517241 0.275862 0.611244 
0.482759 0.517241 0.275862 0.60796 
0.517241 0.517241 0.275862 0.633627 
0.551724 0.517241 0.275862 0.651607 
0.586207 0.517241 0.275862 0.635088 
0.62069 0.517241 0.275862 0.554674 
0.655172 0.517241 0.275862 0.632095 
0.689655 0.517241 0.275862 0.480048 
0.724138 0.517241 0.275862 0.596174 
0.758621 0.517241 0.275862 0.665308 
0.793103 0.517241 0.275862 0.648363 
0.827586 0.517241 0.275862 0.630416 
0.862069 0.517241 0.275862 0.554832 
0.896552 0.517241 0.275862 0.653112 
0.931034 0.517241 0.275862 0.637958 
0.965517 0.517241 0.275862 0.619891 
1 0.517241 0.275862 0.652088 
0 0.551724 0.275862 0.612791 
0.0344828 0.551724 0.275862 0.617644 
0.0689655 0.551724 0.275862 0.626688 
0.103448 0.551724 0.275862 0.62609 
0.137931 0.551724 0.275862 0.522832 
0.172414 0.551724 0.275862 0.52661 
0.206897 0.551724 0.275862 0.618276 
0.241379 0.551724 0.275862 0.51605 
0.275862 0.551724 0.275862 0.638398 
0.310345 0.551724 0.275862 0.611832 
0.344828 0.551724 0.275862 0.657414 
0.37931 0.551724 0.275862 0.635446 
0.413793 0.551724 0.275862 0.619499 
0.448276 0.551724 0.275862 0.607281 
0.482759 0.551724 0.275862 0.63498 
0.517241 0.551724 0.275862 0.599053 
0.551724 0.551724 0.275862 0.617548 
0.586207 0.551724 0.275862 0.575561 
0.62069 0.551724 0.275862 0.642711 
0.655172 0.551724 0.275862 0.56853 
0.689655 0.551724 0.275862 0.550677 
0.724138 0.551724 0.275862 0.653486 
0.758621 0.551724 0.275862 0.577903 
0.793103 0.551724 0.275862 0.576524 
0.827586 0.551724 0.275862 0.605984 
0.862069 0.551724 0.275862 0.626235 
0.896552 0.551724 0.275862 0.557822 
0.931034 0.551724 0.275862 0.559763 
0.965517 0.551724 0.275862 0.55267 
1 0.551724 0.275862 0.64503 
0 0.586207 0.275862 0.598802 
0.0344828 0.586207 0.275862 0.622714 
0.0689655 0.586207 0.275862 0.638282 
0.103448 0.586207 0.275862 0.642056 
0.137931 0.586207 0.275862 0.651698 
0.172414 0.586207 0.275862 0.517767 
0.206897 0.586207 0.275862 0.617604 
0.241379 0.586207 0.275862 0.529898 
0.275862 0.586207 0.275862 0.627659 
0.310345 0.586207 0.275862 0.638674 
0.344828 0.586207 0.275862 0.625246 
0.37931 0.586207 0.275862 0.61463 
0.413793 0.586207 0.275862 0.659726 
0.448276 0.586207 0.275862 0.641943 
0.482759 0.586207 0.275862 0.584434 
0.517241 0.586207 0.275862 0.528876 
0.551724 0.586207 0.275862 0.539627 
0.586207 0.586207 0.275862 0.651829 
0.62069 0.586207 0.275862 0.641519 
0.655172 0.586207 0.275862 0.619229 
0.689655 0.586207 0.275862 0.645513 
0.724138 0.586207 0.275862 0.638007 
0.758621 0.586207 0.275862 0.635629 
0.793103 0.586207 0.275862 0.500369 
0.827586 0.586207 0.275862 0.616747 
0.862069 0.586207 0.275862 0.613423 
0.896552 0.586207 0.275862 0.630878 
0.931034 0.586207 0.275862 0.621029 
0.965517 0.586207 0.275862 0.576334 
1 0.586207 0.275862 0.645597 
0 0.62069 0.275862 0.627353 
0.0344828 0.62069 0.275862 0.627514 
0.0689655 0.62069 0.275862 0.51975 
0.103448 0.62069 0.275862 0.597657 
0.137931 0.62069 0.275862 0.634918 
0.172414 0.62069 0.275862 0.634018 
0.206897 0.62069 0.275862 0.520897 
0.241379 0.62069 0.275862 0.63181 
0.275862 0.62069 0.275862 0.521798 
0.310345 0.62069 0.275862 0.639734 
0.344828 0.62069 0.275862 0.635459 
0.37931 0.62069 0.275862 0.522443 
0.413793 0.62069 0.275862 0.611992 
0.448276 0.62069 0.275862 0.500545 
0.482759 0.62069 0.275862 0.526573 
0.517241 0.62069 0.275862 0.533635 
0.551724 0.62069 0.275862 0.635289 
0.586207 0.62069 0.275862 0.626235 
0.62069 0.62069 0.275862 0.60878 
0.655172 0.62069 0.275862 0.668337 
0.689655 0.62069 0.275862 0.631536 
0.724138 0.62069 0.275862 0.653068 
0.758621 0.62069 0.275862 0.665007 
0.793103 0.62069 0.275862 0.537933 
0.827586 0.62069 0.275862 0.653529 
0.862069 0.62069 0.275862 0.647648 
0.896552 0.62069 0.275862 0.603911 
0.931034 0.62069 0.275862 0.649776 
0.965517 0.62069 0.275862 0.629134 
1 0.62069 0.275862 0.574653 
0 0.655172 0.275862 0.501285 
0.0344828 0.655172 0.275862 0.511924 
0.0689655 0.655172 0.275862 0.649912 
0.103448 0.655172 0.275862 0.522022 
0.137931 0.655172 0.275862 0.609776 
0.172414 0.655172 0.275862 0.634513 
0.206897 0.655172 0.275862 0.639 
0.241379 0.655172 0.275862 0.628497 
0.275862 0.655172 0.275862 0.636416 
0.310345 0.655172 0.275862 0.517043 
0.344828 0.655172 0.275862 0.619243 
0.37931 0.655172 0.275862 0.617002 
0.413793 0.655172 0.275862 0.627917 
0.448276 0.655172 0.275862 0.624014 
0.482759 0.655172 0.275862 0.657315 
0.517241 0.655172 0.275862 0.629822 
0.551724 0.655172 0.275862 0.623829 
0.586207 0.655172 0.275862 0.632396 
0.62069 0.655172 0.275862 0.642509 
0.655172 0.655172 0.275862 0.539747 
0.689655 0.655172 0.275862 0.636301 
0.724138 0.655172 0.275862 0.661197 
0.758621 0.655172 0.275862 0.541449 
0.793103 0.655172 0.275862 0.608559 
0.827586 0.655172 0.275862 0.62503 
0.862069 0.655172 0.275862 0.582826 
0.896552 0.655172 0.275862 0.512034 
0.931034 0.655172 0.275862 0.55674 
0.965517 0.655172 0.275862 0.620989 
1 0.655172 0.275862 0.652443 
0 0.689655 0.275862 0.633752 
0.0344828 0.689655 0.275862 0.594611 
0.0689655 0.689655 0.275862 0.505705 
0.103448 0.689655 0.275862 0.623907 
0.137931 0.689655 0.275862 0.640821 
0.172414 0.689655 0.275862 0.602033 
0.206897 0.689655 0.275862 0.518916 
0.241379 0.689655 0.275862 0.638204 
0.275862 0.689655 0.275862 0.517347 
0.310345 0.689655 0.275862 0.615492 
0.344828 0.689655 0.275862 0.638046 
0.37931 0.689655 0.275862 0.517136 
0.413793 0.689655 0.275862 0.558904 
0.448276 0.689655 0.275862 0.614442 
0.482759 0.689655 0.275862 0.648446 
0.517241 0.689655 0.275862 0.631746 
0.551724 0.689655 0.275862 0.527868 
0.586207 0.689655 0.275862 0.58083 
0.62069 0.689655 0.275862 0.571343 
0.655172 0.689655 0.275862 0.533723 
0.689655 0.689655 0.275862 0.639542 
0.724138 0.689655 0.275862 0.57982 
0.758621 0.689655 0.275862 0.588559 
0.793103 0.689655 0.275862 0.584716 
0.827586 0.689655 0.275862 0.648786 
0.862069 0.689655 0.275862 0.657533 
0.896552 0.689655 0.275862 0.641088 
0.931034 0.689655 0.275862 0.608344 
0.965517 0.689655 0.275862 0.638544 
1 0.689655 0.275862 0.66304 
0 0.724138 0.275862 0.589879 
0.0344828 0.724138 0.275862 0.59665 
0.0689655 0.724138 0.275862 0.514003 
0.103448 0.724138 0.275862 0.586387 
0.137931 0.724138 0.275862 0.62886 
0.172414 0.724138 0.275862 0.639838 
0.206897 0.724138 0.275862 0.522094 
0.241379 0.724138 0.275862 0.601472 
0.275862 0.724138 0.275862 0.635418 
0.310345 0.724138 0.275862 0.638451 
0.344828 0.724138 0.275862 0.63339 
0.37931 0.724138 0.275862 0.615659 
0.413793 0.724138 0.275862 0.620256 
0.448276 0.724138 0.275862 0.515923 
0.482759 0.724138 0.275862 0.635236 
0.517241 0.724138 0.275862 0.611466 
0.551724 0.724138 0.275862 0.635586 
0.586207 0.724138 0.275862 0.564624 
0.62069 0.724138 0.275862 0.631693 
0.655172 0.724138 0.275862 0.617571 
0.689655 0.724138 0.275862 0.635618 
0.724138 0.724138 0.275862 0.540719 
0.758621 0.724138 0.275862 0.513767 
0.793103 0.724138 0.275862 0.611674 
0.827586 0.724138 0.275862 0.552484 
0.862069 0.724138 0.275862 0.634088 
0.896552 0.724138 0.275862 0.612415 
0.931034 0.724138 0.275862 0.624148 
0.965517 0.724138 0.275862 0.619444 
1 0.724138 0.275862 0.643627 
0 0.758621 0.275862 0.546989 
0.0344828 0.758621 0.275862 0.581632 
0.0689655 0.758621 0.275862 0.58445 
0.103448 0.758621 0.275862 0.596885 
0.137931 0.758621 0.275862 0.599638 
0.172414 0.758621 0.275862 0.531058 
0.206897 0.758621 0.275862 0.614641 
0.241379 0.758621 0.275862 0.597165 
0.275862 0.758621 0.275862 0.604926 
0.310345 0.758621 0.275862 0.510192 
0.344828 0.758621 0.275862 0.620768 
0.37931 0.758621 0.275862 0.610366 
0.413793 0.758621 0.275862 0.516227 
0.448276 0.758621 0.275862 0.652413 
0.482759 0.758621 0.275862 0.612842 
0.517241 0.758621 0.275862 0.512994 
0.551724 0.758621 0.275862 0.629317 
0.586207 0.758621 0.275862 0.615154 
0.62069 0.758621 0.275862 0.607726 
0.655172 0.758621 0.275862 0.632192 
0.689655 0.758621 0.275862 0.655057 
0.724138 0.758621 0.275862 0.521615 
0.758621 0.758621 0.275862 0.647707 
0.793103 0.758621 0.275862 0.651681 
0.827586 0.758621 0.275862 0.609901 
0.862069 0.758621 0.275862 0.590583 
0.896552 0.758621 0.275862 0.533226 
0.931034 0.758621 0.275862 0.582943 
0.965517 0.758621 0.275862 0.537264 
1 0.758621 0.275862 0.62338 
0 0.793103 0.275862 0.628053 
0.0344828 0.793103 0.275862 0.578857 
0.0689655 0.793103 0.275862 0.624111 
0.103448 0.793103 0.275862 0.638254 
0.137931 0.793103 0.275862 0.601927 
0.172414 0.793103 0.275862 0.531435 
0.206897 0.793103 0.275862 0.629905 
0.241379 0.793103 0.275862 0.623312 
0.275862 0.793103 0.275862 0.627757 
0.310345 0.793103 0.275862 0.623491 
0.344828 0.793103 0.275862 0.636228 
0.37931 0.793103 0.275862 0.638649 
0.413793 0.793103 0.275862 0.61642 
0.448276 0.793103 0.275862 0.612028 
0.482759 0.793103 0.275862 0.611893 
0.517241 0.793103 0.275862 0.514734 
0.551724 0.793103 0.275862 0.641876 
0.586207 0.793103 0.275862 0.631982 
0.62069 0.793103 0.275862 0.649166 
0.655172 0.793103 0.275862 0.525792 
0.689655 0.793103 0.275862 0.519671 
0.724138 0.793103 0.275862 0.512811 
0.758621 0.793103 0.275862 0.63897 
0.793103 0.793103 0.275862 0.621972 
0.827586 0.793103 0.275862 0.646753 
0.862069 0.793103 0.275862 0.613637 
0.896552 0.793103 0.275862 0.592684 
0.931034 0.793103 0.275862 0.632957 
0.965517 0.793103 0.275862 0.57829 
1 0.793103 0.275862 0.652027 
0 0.827586 0.275862 0.513487 
0.0344828 0.827586 0.275862 0.571853 
0.0689655 0.827586 0.275862 0.555286 
0.103448 0.827586 0.275862 0.616299 
0.137931 0.827586 0.275862 0.619821 
0.172414 0.827586 0.275862 0.61269 
0.206897 0.827586 0.275862 0.623697 
0.241379 0.827586 0.275862 0.580355 
0.275862 0.827586 0.275862 0.661883 
0.310345 0.827586 0.275862 0.62028 
0.344828 0.827586 0.275862 0.632104 
0.37931 0.827586 0.275862 0.596412 
0.413793 0.827586 0.275862 0.642382 
0.448276 0.827586 0.275862 0.647568 
0.482759 0.827586 0.275862 0.622076 
0.517241 0.827586 0.275862 0.635375 
0.551724 0.827586 0.275862 0.627572 
0.586207 0.827586 0.275862 0.633839 
0.62069 0.827586 0.275862 0.514077 
0.655172 0.827586 0.275862 0.62915 
0.689655 0.827586 0.275862 0.631182 
0.724138 0.827586 0.275862 0.628465 
0.758621 0.827586 0.275862 0.640373 
0.793103 0.827586 0.275862 0.520534 
0.827586 0.827586 0.275862 0.635002 
0.862069 0.827586 0.275862 0.603537 
0.896552 0.827586 0.275862 0.641756 
0.931034 0.827586 0.275862 0.601212 
0.965517 0.827586 0.275862 0.523815 
1 0.827586 0.275862 0.646872 
0 0.862069 0.275862 0.533357 
0.0344828 0.862069 0.275862 0.536595 
0.0689655 0.862069 0.275862 0.617827 
0.103448 0.862069 0.275862 0.575228 
0.137931 0.862069 0.275862 0.637376 
0.172414 0.862069 0.275862 0.642215 
0.206897 0.862069 0.275862 0.625927 
0.241379 0.862069 0.275862 0.63472 
0.275862 0.862069 0.275862 0.593964 
0.310345 0.862069 0.275862 0.563514 
0.344828 0.862069 0.275862 0.649224 
0.37931 0.862069 0.275862 0.61051 
0.413793 0.862069 0.275862 0.520367 
0.448276 0.862069 0.275862 0.608256 
0.482759 0.862069 0.275862 0.604372 
0.517241 0.862069 0.275862 0.638102 
0.551724 0.862069 0.275862 0.512324 
0.586207 0.862069 0.275862 0.648871 
0.62069 0.862069 0.275862 0.62851 
0.655172 0.862069 0.275862 0.626963 
0.689655 0.862069 0.275862 0.631052 
0.724138 0.862069 0.275862 0.592934 
0.758621 0.862069 0.275862 0.621074 
0.793103 0.862069 0.275862 0.613388 
0.827586 0.862069 0.275862 0.527755 
0.862069 0.862069 0.275862 0.529657 
0.896552 0.862069 0.275862 0.523503 
0.931034 0.862069 0.275862 0.642684 
0.965517 0.862069 0.275862 0.640534 
1 0.862069 0.275862 0.638303 
0 0.896552 0.275862 0.64491 
0.0344828 0.896552 0.275862 0.638038 
0.0689655 0.896552 0.275862 0.628779 
0.103448 0.896552 0.275862 0.533416 
0.137931 0.896552 0.275862 0.597764 
0.172414 0.896552 0.275862 0.642682 
0.206897 0.896552 0.275862 0.553136 
0.241379 0.896552 0.275862 0.583537 
0.275862 0.896552 0.275862 0.595246 
0.310345 0.896552 0.275862 0.606051 
0.344828 0.896552 0.275862 0.523595 
0.37931 0.896552 0.275862 0.641654 
0.413793 0.896552 0.275862 0.617605 
0.448276 0.896552 0.275862 0.466757 
0.482759 0.896552 0.275862 0.515718 
0.517241 0.896552 0.275862 0.619866 
0.551724 0.896552 0.275862 0.621435 
0.586207 0.896552 0.275862 0.513982 
0.62069 0.896552 0.275862 0.627041 
0.655172 0.896552 0.275862 0.618759 
0.689655 0.896552 0.275862 0.610206 
0.724138 0.896552 0.275862 0.513127 
0.758621 0.896552 0.275862 0.61442 
0.793103 0.896552 0.275862 0.628772 
0.827586 0.896552 0.275862 0.517193 
0.862069 0.896552 0.275862 0.632579 
0.896552 0.896552 0.275862 0.640157 
0.931034 0.896552 0.275862 0.609173 
0.965517 0.896552 0.275862 0.645953 
1 0.896552 0.275862 0.537988 
0 0.931034 0.275862 0.597904 
0.0344828 0.931034 0.275862 0.648221 
0.0689655 0.931034 0.275862 0.557017 
0.103448 0.931034 0.275862 0.527279 
0.137931 0.931034 0.275862 0.560024 
0.172414 0.931034 0.275862 0.667005 
0.206897 0.931034 0.275862 0.624345 
0.241379 0.931034 0.275862 0.623054 
0.275862 0.931034 0.275862 0.648778 
0.310345 0.931034 0.275862 0.573931 
0.344828 0.931034 0.275862 0.579774 
0.37931 0.931034 0.275862 0.583422 
0.413793 0.931034 0.275862 0.616707 
0.448276 0.931034 0.275862 0.62042 
0.482759 0.931034 0.275862 0.624517 
0.517241 0.931034 0.275862 0.645138 
0.551724 0.931034 0.275862 0.625531 
0.586207 0.931034 0.275862 0.62636 
0.62069 0.931034 0.275862 0.619802 
0.655172 0.931034 0.275862 0.513668 
0.689655 0.931034 0.275862 0.514136 
0.724138 0.931034 0.275862 0.624471 
0.758621 0.931034 0.275862 0.511723 
0.793103 0.931034 0.275862 0.617386 
0.827586 0.931034 0.275862 0.594243 
0.862069 0.931034 0.275862 0.621972 
0.896552 0.931034 0.275862 0.599131 
0.931034 0.931034 0.275862 0.611245 
0.965517 0.931034 0.275862 0.510136 
1 0.931034 0.275862 0.607499 
0 0.965517 0.275862 0.529145 
0.0344828 0.965517 0.275862 0.502258 
0.0689655 0.965517 0.275862 0.648421 
0.103448 0.965517 0.275862 0.532204 
0.137931 0.965517 0.275862 0.54814 
0.172414 0.965517 0.275862 0.575207 
0.206897 0.965517 0.275862 0.634189 
0.241379 0.965517 0.275862 0.542307 
0.275862 0.965517 0.275862 0.643614 
0.310345 0.965517 0.275862 0.563128 
0.344828 0.965517 0.275862 0.572916 
0.37931 0.965517 0.275862 0.619181 
0.413793 0.965517 0.275862 0.505078 
0.448276 0.965517 0.275862 0.624571 
0.482759 0.965517 0.275862 0.520612 
0.517241 0.965517 0.275862 0.645252 
0.551724 0.965517 0.275862 0.630683 
0.586207 0.965517 0.275862 0.519204 
0.62069 0.965517 0.275862 0.631928 
0.655172 0.965517 0.275862 0.616428 
0.689655 0.965517 0.275862 0.581976 
0.724138 0.965517 0.275862 0.516599 
0.758621 0.965517 0.275862 0.624567 
0.793103 0.965517 0.275862 0.51055 
0.827586 0.965517 0.275862 0.512064 
0.862069 0.965517 0.275862 0.515135 
0.896552 0.965517 0.275862 0.625099 
0.931034 0.965517 0.275862 0.632602 
0.965517 0.965517 0.275862 0.592926 
1 0.965517 0.275862 0.636699 
0 1 0.275862 0.6173 
0.0344828 1 0.275862 0.610559 
0.0689655 1 0.275862 0.609835 
0.103448 1 0.275862 0.541462 
0.137931 1 0.275862 0.629768 
0.172414 1 0.275862 0.524477 
0.206897 1 0.275862 0.50738 
0.241379 1 0.275862 0.575183 
0.275862 1 0.275862 0.54399 
0.310345 1 0.275862 0.625211 
0.344828 1 0.275862 0.578705 
0.37931 1 0.275862 0.625465 
0.413793 1 0.275862 0.626167 
0.448276 1 0.275862 0.636757 
0.482759 1 0.275862 0.579337 
0.517241 1 0.275862 0.578165 
0.551724 1 0.275862 0.6433 
0.586207 1 0.275862 0.496254 
0.62069 1 0.275862 0.591776 
0.655172 1 0.275862 0.609013 
0.689655 1 0.275862 0.526745 
0.724138 1 0.275862 0.616827 
0.758621 1 0.275862 0.619009 
0.793103 1 0.275862 0.599186 
0.827586 1 0.275862 0.636479 
0.862069 1 0.275862 0.510584 
0.896552 1 0.275862 0.629554 
0.931034 1 0.275862 0.512 
0.965517 1 0.275862 0.626301 
1 1 0.275862 0.518947 
0 0 0.310345 0.582302 
0.0344828 0 0.310345 0.582302 
0.0689655 0 0.310345 0.582302 
0.103448 0 0.310345 0.582302 
0.137931 0 0.310345 0.582302 
0.172414 0 0.310345 0.582302 
0.206897 0 0.310345 0.582302 
0.241379 0 0.310345 0.582302 
0.275862 0 0.310345 0.582302 
0.310345 0 0.310345 0.582302 
0.344828 0 0.310345 0.582302 
0.37931 0 0.310345 0.582302 
0.413793 0 0.310345 0.582302 
0.448276 0 0.310345 0.582302 
0.482759 0 0.310345 0.582302 
0.517241 0 0.310345 0.582302 
0.551724 0 0.310345 0.582302 
0.586207 0 0.310345 0.582302 
0.62069 0 0.310345 0.582302 
0.655172 0 0.310345 0.582302 
0.689655 0 0.310345 0.582302 
0.724138 0 0.310345 0.582302 
0.758621 0 0.310345 0.582302 
0.793103 0 0.310345 0.582302 
0.827586 0 0.310345 0.582302 
0.862069 0 0.310345 0.582302 
0.896552 0 0.310345 0.582302 
0.931034 0 0.310345 0.582302 
0.965517 0 0.310345 0.582302 
1 0 0.310345 0.582302 
0 0.0344828 0.310345 0.574393 
0.0344828 0.0344828 0.310345 0.551508 
0.0689655 0.0344828 0.310345 0.522097 
0.103448 0.0344828 0.310345 0.569106 
0.137931 0.0344828 0.310345 0.570689 
0.172414 0.0344828 0.310345 0.567881 
0.206897 0.0344828 0.310345 0.509371 
0.241379 0.0344828 0.310345 0.588017 
0.275862 0.0344828 0.310345 0.527524 
0.310345 0.0344828 0.310345 0.588517 
0.344828 0.0344828 0.310345 0.561138 
0.37931 0.0344828 0.310345 0.587171 
0.413793 0.0344828 0.310345 0.517738 
0.448276 0.0344828 0.310345 0.522816 
0.482759 0.0344828 0.310345 0.578053 
0.517241 0.0344828 0.310345 0.552107 
0.551724 0.0344828 0.310345 0.581848 
0.586207 0.0344828 0.310345 0.529178 
0.62069 0.0344828 0.310345 0.45547 
0.655172 0.0344828 0.310345 0.573573 
0.689655 0.0344828 0.310345 0.567111 
0.724138 0.0344828 0.310345 0.548051 
0.758621 0.0344828 0.310345 0.58116 
0.793103 0.0344828 0.310345 0.569628 
0.827586 0.0344828 0.310345 0.53397 
0.862069 0.0344828 0.310345 0.606859 
0.896552 0.0344828 0.310345 0.581306 
0.931034 0.0344828 0.310345 0.499182 
0.965517 0.0344828 0.310345 0.521632 
1 0.0344828 0.310345 0.604662 
0 0.0689655 0.310345 0.588164 
0.0344828 0.0689655 0.310345 0.57387 
0.0689655 0.0689655 0.310345 0.574928 
0.103448 0.0689655 0.310345 0.57393 
0.137931 0.0689655 0.310345 0.570967 
0.172414 0.0689655 0.310345 0.4977 
0.206897 0.0689655 0.310345 0.5812 
0.241379 0.0689655 0.310345 0.571515 
0.275862 0.0689655 0.310345 0.515327 
0.310345 0.0689655 0.310345 0.509186 
0.344828 0.0689655 0.310345 0.577318 
0.37931 0.0689655 0.310345 0.566526 
0.413793 0.0689655 0.310345 0.568553 
0.448276 0.0689655 0.310345 0.598749 
0.482759 0.0689655 0.310345 0.498584 
0.517241 0.0689655 0.310345 0.521745 
0.551724 0.0689655 0.310345 0.571228 
0.586207 0.0689655 0.310345 0.57496 
0.62069 0.0689655 0.310345 0.570076 
0.655172 0.0689655 0.310345 0.498004 
0.689655 0.0689655 0.310345 0.535766 
0.724138 0.0689655 0.310345 0.488351 
0.758621 0.0689655 0.310345 0.466543 
0.793103 0.0689655 0.310345 0.575999 
0.827586 0.0689655 0.310345 0.572744 
0.862069 0.0689655 0.310345 0.57302 
0.896552 0.0689655 0.310345 0.538601 
0.931034 0.0689655 0.310345 0.530745 
0.965517 0.0689655 0.310345 0.48065 
1 0.0689655 0.310345 0.60384 
0 0.103448 0.310345 0.513617 
0.0344828 0.103448 0.310345 0.586289 
0.0689655 0.103448 0.310345 0.594054 
0.103448 0.103448 0.310345 0.575337 
0.137931 0.103448 0.310345 0.577241 
0.172414 0.103448 0.310345 0.515347 
0.206897 0.103448 0.310345 0.460632 
0.241379 0.103448 0.310345 0.509651 
0.275862 0.103448 0.310345 0.535055 
0.310345 0.103448 0.310345 0.50898 
0.344828 0.103448 0.310345 0.593072 
0.37931 0.103448 0.310345 0.583928 
0.413793 0.103448 0.310345 0.596975 
0.448276 0.103448 0.310345 0.503742 
0.482759 0.103448 0.310345 0.559116 
0.517241 0.103448 0.310345 0.511397 
0.551724 0.103448 0.310345 0.506076 
0.586207 0.103448 0.310345 0.566831 
0.62069 0.103448 0.310345 0.568909 
0.655172 0.103448 0.310345 0.503965 
0.689655 0.103448 0.310345 0.577016 
0.724138 0.103448 0.310345 0.4967 
0.758621 0.103448 0.310345 0.512356 
0.793103 0.103448 0.310345 0.58392 
0.827586 0.103448 0.310345 0.576897 
0.862069 0.103448 0.310345 0.50685 
0.896552 0.103448 0.310345 0.533181 
0.931034 0.103448 0.310345 0.569327 
0.965517 0.103448 0.310345 0.587461 
1 0.103448 0.310345 0.57453 
0 0.137931 0.310345 0.494536 
0.0344828 0.137931 0.310345 0.569305 
0.0689655 0.137931 0.310345 0.540915 
0.103448 0.137931 0.310345 0.502666 
0.137931 0.137931 0.310345 0.570193 
0.172414 0.137931 0.310345 0.571043 
0.206897 0.137931 0.310345 0.569892 
0.241379 0.137931 0.310345 0.512015 
0.275862 0.137931 0.310345 0.512845 
0.310345 0.137931 0.310345 0.591445 
0.344828 0.137931 0.310345 0.595453 
0.37931 0.137931 0.310345 0.57828 
0.413793 0.137931 0.310345 0.591086 
0.448276 0.137931 0.310345 0.535463 
0.482759 0.137931 0.310345 0.564099 
0.517241 0.137931 0.310345 0.573801 
0.551724 0.137931 0.310345 0.498703 
0.586207 0.137931 0.310345 0.584112 
0.62069 0.137931 0.310345 0.580146 
0.655172 0.137931 0.310345 0.516121 
0.689655 0.137931 0.310345 0.486376 
0.724138 0.137931 0.310345 0.568634 
0.758621 0.137931 0.310345 0.562458 
0.793103 0.137931 0.310345 0.573991 
0.827586 0.137931 0.310345 0.599419 
0.862069 0.137931 0.310345 0.447246 
0.896552 0.137931 0.310345 0.451643 
0.931034 0.137931 0.310345 0.542935 
0.965517 0.137931 0.310345 0.562843 
1 0.137931 0.310345 0.623586 
0 0.172414 0.310345 0.479778 
0.0344828 0.172414 0.310345 0.578585 
0.0689655 0.172414 0.310345 0.444994 
0.103448 0.172414 0.310345 0.563469 
0.137931 0.172414 0.310345 0.47963 
0.172414 0.172414 0.310345 0.563187 
0.206897 0.172414 0.310345 0.526057 
0.241379 0.172414 0.310345 0.584784 
0.275862 0.172414 0.310345 0.494339 
0.310345 0.172414 0.310345 0.473879 
0.344828 0.172414 0.310345 0.573568 
0.37931 0.172414 0.310345 0.585664 
0.413793 0.172414 0.310345 0.58928 
0.448276 0.172414 0.310345 0.490251 
0.482759 0.172414 0.310345 0.575103 
0.517241 0.172414 0.310345 0.553421 
0.551724 0.172414 0.310345 0.597682 
0.586207 0.172414 0.310345 0.496979 
0.62069 0.172414 0.310345 0.469317 
0.655172 0.172414 0.310345 0.535526 
0.689655 0.172414 0.310345 0.577381 
0.724138 0.172414 0.310345 0.582087 
0.758621 0.172414 0.310345 0.540709 
0.793103 0.172414 0.310345 0.567253 
0.827586 0.172414 0.310345 0.575143 
0.862069 0.172414 0.310345 0.602357 
0.896552 0.172414 0.310345 0.493593 
0.931034 0.172414 0.310345 0.562278 
0.965517 0.172414 0.310345 0.570915 
1 0.172414 0.310345 0.577157 
0 0.206897 0.310345 0.535379 
0.0344828 0.206897 0.310345 0.568083 
0.0689655 0.206897 0.310345 0.577234 
0.103448 0.206897 0.310345 0.476822 
0.137931 0.206897 0.310345 0.564788 
0.172414 0.206897 0.310345 0.555812 
0.206897 0.206897 0.310345 0.571181 
0.241379 0.206897 0.310345 0.579125 
0.275862 0.206897 0.310345 0.5407 
0.310345 0.206897 0.310345 0.482466 
0.344828 0.206897 0.310345 0.554464 
0.37931 0.206897 0.310345 0.499959 
0.413793 0.206897 0.310345 0.47918 
0.448276 0.206897 0.310345 0.584526 
0.482759 0.206897 0.310345 0.575037 
0.517241 0.206897 0.310345 0.561445 
0.551724 0.206897 0.310345 0.487911 
0.586207 0.206897 0.310345 0.590501 
0.62069 0.206897 0.310345 0.568591 
0.655172 0.206897 0.310345 0.571482 
0.689655 0.206897 0.310345 0.488966 
0.724138 0.206897 0.310345 0.576117 
0.758621 0.206897 0.310345 0.559609 
0.793103 0.206897 0.310345 0.554662 
0.827586 0.206897 0.310345 0.572274 
0.862069 0.206897 0.310345 0.479445 
0.896552 0.206897 0.310345 0.485576 
0.931034 0.206897 0.310345 0.553352 
0.965517 0.206897 0.310345 0.504258 
1 0.206897 0.310345 0.52389 
0 0.241379 0.310345 0.568351 
0.0344828 0.241379 0.310345 0.469281 
0.0689655 0.241379 0.310345 0.566828 
0.103448 0.241379 0.310345 0.576748 
0.137931 0.241379 0.310345 0.568165 
0.172414 0.241379 0.310345 0.552356 
0.206897 0.241379 0.310345 0.576733 
0.241379 0.241379 0.310345 0.472039 
0.275862 0.241379 0.310345 0.594904 
0.310345 0.241379 0.310345 0.571751 
0.344828 0.241379 0.310345 0.474014 
0.37931 0.241379 0.310345 0.574744 
0.413793 0.241379 0.310345 0.552178 
0.448276 0.241379 0.310345 0.573764 
0.482759 0.241379 0.310345 0.565851 
0.517241 0.241379 0.310345 0.554179 
0.551724 0.241379 0.310345 0.570212 
0.586207 0.241379 0.310345 0.479411 
0.62069 0.241379 0.310345 0.561816 
0.655172 0.241379 0.310345 0.495591 
0.689655 0.241379 0.310345 0.556973 
0.724138 0.241379 0.310345 0.579018 
0.758621 0.241379 0.310345 0.547162 
0.793103 0.241379 0.310345 0.534396 
0.827586 0.241379 0.310345 0.581173 
0.862069 0.241379 0.310345 0.5571 
0.896552 0.241379 0.310345 0.558753 
0.931034 0.241379 0.310345 0.578764 
0.965517 0.241379 0.310345 0.553523 
1 0.241379 0.310345 0.52907 
0 0.275862 0.310345 0.553531 
0.0344828 0.275862 0.310345 0.468629 
0.0689655 0.275862 0.310345 0.568059 
0.103448 0.275862 0.310345 0.46686 
0.137931 0.275862 0.310345 0.572878 
0.172414 0.275862 0.310345 0.472079 
0.206897 0.275862 0.310345 0.579025 
0.241379 0.275862 0.310345 0.560747 
0.275862 0.275862 0.310345 0.475339 
0.310345 0.275862 0.310345 0.570454 
0.344828 0.275862 0.310345 0.570514 
0.37931 0.275862 0.310345 0.586926 
0.413793 0.275862 0.310345 0.460872 
0.448276 0.275862 0.310345 0.562521 
0.482759 0.275862 0.310345 0.551586 
0.517241 0.275862 0.310345 0.572596 
0.551724 0.275862 0.310345 0.456841 
0.586207 0.275862 0.310345 0.562024 
0.62069 0.275862 0.310345 0.571749 
0.655172 0.275862 0.310345 0.472513 
0.689655 0.275862 0.310345 0.485588 
0.724138 0.275862 0.310345 0.567619 
0.758621 0.275862 0.310345 0.539436 
0.793103 0.275862 0.310345 0.571891 
0.827586 0.275862 0.310345 0.55666 
0.862069 0.275862 0.310345 0.574579 
0.896552 0.275862 0.310345 0.575194 
0.931034 0.275862 0.310345 0.569806 
0.965517 0.275862 0.310345 0.558289 
1 0.275862 0.310345 0.578204 
0 0.310345 0.310345 0.555978 
0.0344828 0.310345 0.310345 0.562165 
0.0689655 0.310345 0.310345 0.564585 
0.103448 0.310345 0.310345 0.431288 
0.137931 0.310345 0.310345 0.463832 
0.172414 0.310345 0.310345 0.466991 
0.206897 0.310345 0.310345 0.564746 
0.241379 0.310345 0.310345 0.560333 
0.275862 0.310345 0.310345 0.56008 
0.310345 0.310345 0.310345 0.579544 
0.344828 0.310345 0.310345 0.585236 
0.37931 0.310345 0.310345 0.573159 
0.413793 0.310345 0.310345 0.5342 
0.448276 0.310345 0.310345 0.548833 
0.482759 0.310345 0.310345 0.57172 
0.517241 0.310345 0.310345 0.568614 
0.551724 0.310345 0.310345 0.563641 
0.586207 0.310345 0.310345 0.550606 
0.62069 0.310345 0.310345 0.574066 
0.655172 0.310345 0.310345 0.567567 
0.689655 0.310345 0.310345 0.581805 
0.724138 0.310345 0.310345 0.559053 
0.758621 0.310345 0.310345 0.575504 
0.793103 0.310345 0.310345 0.568813 
0.827586 0.310345 0.310345 0.573282 
0.862069 0.310345 0.310345 0.571509 
0.896552 0.310345 0.310345 0.544967 
0.931034 0.310345 0.310345 0.488577 
0.965517 0.310345 0.310345 0.554766 
1 0.310345 0.310345 0.575929 
0 0.344828 0.310345 0.53502 
0.0344828 0.344828 0.310345 0.538864 
0.0689655 0.344828 0.310345 0.457956 
0.103448 0.344828 0.310345 0.573145 
0.137931 0.344828 0.310345 0.566886 
0.172414 0.344828 0.310345 0.573332 
0.206897 0.344828 0.310345 0.571634 
0.241379 0.344828 0.310345 0.570429 
0.275862 0.344828 0.310345 0.573099 
0.310345 0.344828 0.310345 0.578349 
0.344828 0.344828 0.310345 0.521425 
0.37931 0.344828 0.310345 0.540354 
0.413793 0.344828 0.310345 0.548524 
0.448276 0.344828 0.310345 0.563101 
0.482759 0.344828 0.310345 0.569692 
0.517241 0.344828 0.310345 0.571698 
0.551724 0.344828 0.310345 0.548687 
0.586207 0.344828 0.310345 0.563302 
0.62069 0.344828 0.310345 0.573755 
0.655172 0.344828 0.310345 0.560752 
0.689655 0.344828 0.310345 0.527658 
0.724138 0.344828 0.310345 0.462384 
0.758621 0.344828 0.310345 0.584732 
0.793103 0.344828 0.310345 0.58535 
0.827586 0.344828 0.310345 0.541443 
0.862069 0.344828 0.310345 0.552529 
0.896552 0.344828 0.310345 0.515969 
0.931034 0.344828 0.310345 0.5656 
0.965517 0.344828 0.310345 0.45975 
1 0.344828 0.310345 0.468905 
0 0.37931 0.310345 0.573713 
0.0344828 0.37931 0.310345 0.482313 
0.0689655 0.37931 0.310345 0.5636 
0.103448 0.37931 0.310345 0.552536 
0.137931 0.37931 0.310345 0.481572 
0.172414 0.37931 0.310345 0.579078 
0.206897 0.37931 0.310345 0.541559 
0.241379 0.37931 0.310345 0.579583 
0.275862 0.37931 0.310345 0.467749 
0.310345 0.37931 0.310345 0.569715 
0.344828 0.37931 0.310345 0.556773 
0.37931 0.37931 0.310345 0.467635 
0.413793 0.37931 0.310345 0.561978 
0.448276 0.37931 0.310345 0.459938 
0.482759 0.37931 0.310345 0.567494 
0.517241 0.37931 0.310345 0.553752 
0.551724 0.37931 0.310345 0.569414 
0.586207 0.37931 0.310345 0.569147 
0.62069 0.37931 0.310345 0.464959 
0.655172 0.37931 0.310345 0.581918 
0.689655 0.37931 0.310345 0.568545 
0.724138 0.37931 0.310345 0.56762 
0.758621 0.37931 0.310345 0.556327 
0.793103 0.37931 0.310345 0.562626 
0.827586 0.37931 0.310345 0.569065 
0.862069 0.37931 0.310345 0.568814 
0.896552 0.37931 0.310345 0.568981 
0.931034 0.37931 0.310345 0.572377 
0.965517 0.37931 0.310345 0.570349 
1 0.37931 0.310345 0.468943 
0 0.413793 0.310345 0.540813 
0.0344828 0.413793 0.310345 0.557826 
0.0689655 0.413793 0.310345 0.508085 
0.103448 0.413793 0.310345 0.587775 
0.137931 0.413793 0.310345 0.462953 
0.172414 0.413793 0.310345 0.471552 
0.206897 0.413793 0.310345 0.470642 
0.241379 0.413793 0.310345 0.451177 
0.275862 0.413793 0.310345 0.483943 
0.310345 0.413793 0.310345 0.569559 
0.344828 0.413793 0.310345 0.468963 
0.37931 0.413793 0.310345 0.563944 
0.413793 0.413793 0.310345 0.566004 
0.448276 0.413793 0.310345 0.570659 
0.482759 0.413793 0.310345 0.561855 
0.517241 0.413793 0.310345 0.463298 
0.551724 0.413793 0.310345 0.558017 
0.586207 0.413793 0.310345 0.566289 
0.62069 0.413793 0.310345 0.564009 
0.655172 0.413793 0.310345 0.556466 
0.689655 0.413793 0.310345 0.557641 
0.724138 0.413793 0.310345 0.464667 
0.758621 0.413793 0.310345 0.560331 
0.793103 0.413793 0.310345 0.55784 
0.827586 0.413793 0.310345 0.572183 
0.862069 0.413793 0.310345 0.464811 
0.896552 0.413793 0.310345 0.466924 
0.931034 0.413793 0.310345 0.578654 
0.965517 0.413793 0.310345 0.467829 
1 0.413793 0.310345 0.460428 
0 0.448276 0.310345 0.586242 
0.0344828 0.448276 0.310345 0.587367 
0.0689655 0.448276 0.310345 0.521049 
0.103448 0.448276 0.310345 0.508115 
0.137931 0.448276 0.310345 0.54826 
0.172414 0.448276 0.310345 0.451565 
0.206897 0.448276 0.310345 0.57241 
0.241379 0.448276 0.310345 0.58001 
0.275862 0.448276 0.310345 0.446786 
0.310345 0.448276 0.310345 0.545912 
0.344828 0.448276 0.310345 0.530201 
0.37931 0.448276 0.310345 0.471613 
0.413793 0.448276 0.310345 0.503232 
0.448276 0.448276 0.310345 0.464323 
0.482759 0.448276 0.310345 0.48096 
0.517241 0.448276 0.310345 0.590662 
0.551724 0.448276 0.310345 0.566376 
0.586207 0.448276 0.310345 0.467115 
0.62069 0.448276 0.310345 0.575607 
0.655172 0.448276 0.310345 0.550062 
0.689655 0.448276 0.310345 0.565771 
0.724138 0.448276 0.310345 0.545608 
0.758621 0.448276 0.310345 0.569519 
0.793103 0.448276 0.310345 0.462402 
0.827586 0.448276 0.310345 0.560023 
0.862069 0.448276 0.310345 0.563485 
0.896552 0.448276 0.310345 0.567834 
0.931034 0.448276 0.310345 0.463958 
0.965517 0.448276 0.310345 0.570816 
1 0.448276 0.310345 0.568441 
0 0.482759 0.310345 0.499781 
0.0344828 0.482759 0.310345 0.480291 
0.0689655 0.482759 0.310345 0.506605 
0.103448 0.482759 0.310345 0.548053 
0.137931 0.482759 0.310345 0.566988 
0.172414 0.482759 0.310345 0.536347 
0.206897 0.482759 0.310345 0.513897 
0.241379 0.482759 0.310345 0.551952 
0.275862 0.482759 0.310345 0.564593 
0.310345 0.482759 0.310345 0.522619 
0.344828 0.482759 0.310345 0.57146 
0.37931 0.482759 0.310345 0.533221 
0.413793 0.482759 0.310345 0.544546 
0.448276 0.482759 0.310345 0.540274 
0.482759 0.482759 0.310345 0.471683 
0.517241 0.482759 0.310345 0.539357 
0.551724 0.482759 0.310345 0.53661 
0.586207 0.482759 0.310345 0.496006 
0.62069 0.482759 0.310345 0.565509 
0.655172 0.482759 0.310345 0.539688 
0.689655 0.482759 0.310345 0.558869 
0.724138 0.482759 0.310345 0.425153 
0.758621 0.482759 0.310345 0.576015 
0.793103 0.482759 0.310345 0.569274 
0.827586 0.482759 0.310345 0.546419 
0.862069 0.482759 0.310345 0.566727 
0.896552 0.482759 0.310345 0.536239 
0.931034 0.482759 0.310345 0.568533 
0.965517 0.482759 0.310345 0.561413 
1 0.482759 0.310345 0.464093 
0 0.517241 0.310345 0.457488 
0.0344828 0.517241 0.310345 0.572116 
0.0689655 0.517241 0.310345 0.501467 
0.103448 0.517241 0.310345 0.496921 
0.137931 0.517241 0.310345 0.562591 
0.172414 0.517241 0.310345 0.514203 
0.206897 0.517241 0.310345 0.53399 
0.241379 0.517241 0.310345 0.505753 
0.275862 0.517241 0.310345 0.447749 
0.310345 0.517241 0.310345 0.551248 
0.344828 0.517241 0.310345 0.560844 
0.37931 0.517241 0.310345 0.478337 
0.413793 0.517241 0.310345 0.547158 
0.448276 0.517241 0.310345 0.534431 
0.482759 0.517241 0.310345 0.538792 
0.517241 0.517241 0.310345 0.51311 
0.551724 0.517241 0.310345 0.543371 
0.586207 0.517241 0.310345 0.567179 
0.62069 0.517241 0.310345 0.475203 
0.655172 0.517241 0.310345 0.542892 
0.689655 0.517241 0.310345 0.475951 
0.724138 0.517241 0.310345 0.533464 
0.758621 0.517241 0.310345 0.556211 
0.793103 0.517241 0.310345 0.534004 
0.827586 0.517241 0.310345 0.532367 
0.862069 0.517241 0.310345 0.464348 
0.896552 0.517241 0.310345 0.558217 
0.931034 0.517241 0.310345 0.554007 
0.965517 0.517241 0.310345 0.513129 
1 0.517241 0.310345 0.568544 
0 0.551724 0.310345 0.592747 
0.0344828 0.551724 0.310345 0.578229 
0.0689655 0.551724 0.310345 0.479089 
0.103448 0.551724 0.310345 0.498251 
0.137931 0.551724 0.310345 0.50053 
0.172414 0.551724 0.310345 0.490778 
0.206897 0.551724 0.310345 0.568023 
0.241379 0.551724 0.310345 0.459291 
0.275862 0.551724 0.310345 0.563331 
0.310345 0.551724 0.310345 0.560295 
0.344828 0.551724 0.310345 0.512429 
0.37931 0.551724 0.310345 0.52414 
0.413793 0.551724 0.310345 0.507833 
0.448276 0.551724 0.310345 0.536585 
0.482759 0.551724 0.310345 0.567656 
0.517241 0.551724 0.310345 0.54091 
0.551724 0.551724 0.310345 0.557896 
0.586207 0.551724 0.310345 0.447484 
0.62069 0.551724 0.310345 0.545116 
0.655172 0.551724 0.310345 0.463493 
0.689655 0.551724 0.310345 0.469645 
0.724138 0.551724 0.310345 0.560992 
0.758621 0.551724 0.310345 0.468383 
0.793103 0.551724 0.310345 0.559766 
0.827586 0.551724 0.310345 0.537596 
0.862069 0.551724 0.310345 0.549366 
0.896552 0.551724 0.310345 0.466494 
0.931034 0.551724 0.310345 0.465694 
0.965517 0.551724 0.310345 0.464146 
1 0.551724 0.310345 0.556919 
0 0.586207 0.310345 0.475129 
0.0344828 0.586207 0.310345 0.4917 
0.0689655 0.586207 0.310345 0.554108 
0.103448 0.586207 0.310345 0.574253 
0.137931 0.586207 0.310345 0.500045 
0.172414 0.586207 0.310345 0.46374 
0.206897 0.586207 0.310345 0.552358 
0.241379 0.586207 0.310345 0.48974 
0.275862 0.586207 0.310345 0.526026 
0.310345 0.586207 0.310345 0.556102 
0.344828 0.586207 0.310345 0.50328 
0.37931 0.586207 0.310345 0.576395 
0.413793 0.586207 0.310345 0.57548 
0.448276 0.586207 0.310345 0.543769 
0.482759 0.586207 0.310345 0.569607 
0.517241 0.586207 0.310345 0.489548 
0.551724 0.586207 0.310345 0.476993 
0.586207 0.586207 0.310345 0.53124 
0.62069 0.586207 0.310345 0.564859 
0.655172 0.586207 0.310345 0.549852 
0.689655 0.586207 0.310345 0.560507 
0.724138 0.586207 0.310345 0.532778 
0.758621 0.586207 0.310345 0.567653 
0.793103 0.586207 0.310345 0.477071 
0.827586 0.586207 0.310345 0.55454 
0.862069 0.586207 0.310345 0.568397 
0.896552 0.586207 0.310345 0.533721 
0.931034 0.586207 0.310345 0.550915 
0.965517 0.586207 0.310345 0.455072 
1 0.586207 0.310345 0.558482 
0 0.62069 0.310345 0.479663 
0.0344828 0.62069 0.310345 0.579332 
0.0689655 0.62069 0.310345 0.543217 
0.103448 0.62069 0.310345 0.46751 
0.137931 0.62069 0.310345 0.562296 
0.172414 0.62069 0.310345 0.57225 
0.206897 0.62069 0.310345 0.494564 
0.241379 0.62069 0.310345 0.484332 
0.275862 0.62069 0.310345 0.509689 
0.310345 0.62069 0.310345 0.503752 
0.344828 0.62069 0.310345 0.56019 
0.37931 0.62069 0.310345 0.499466 
0.413793 0.62069 0.310345 0.595512 
0.448276 0.62069 0.310345 0.517379 
0.482759 0.62069 0.310345 0.485168 
0.517241 0.62069 0.310345 0.475343 
0.551724 0.62069 0.310345 0.564259 
0.586207 0.62069 0.310345 0.567561 
0.62069 0.62069 0.310345 0.569284 
0.655172 0.62069 0.310345 0.522804 
0.689655 0.62069 0.310345 0.556131 
0.724138 0.62069 0.310345 0.589859 
0.758621 0.62069 0.310345 0.541543 
0.793103 0.62069 0.310345 0.477785 
0.827586 0.62069 0.310345 0.537841 
0.862069 0.62069 0.310345 0.539062 
0.896552 0.62069 0.310345 0.559768 
0.931034 0.62069 0.310345 0.544184 
0.965517 0.62069 0.310345 0.560031 
1 0.62069 0.310345 0.46435 
0 0.655172 0.310345 0.449029 
0.0344828 0.655172 0.310345 0.459336 
0.0689655 0.655172 0.310345 0.551436 
0.103448 0.655172 0.310345 0.539719 
0.137931 0.655172 0.310345 0.478696 
0.172414 0.655172 0.310345 0.474434 
0.206897 0.655172 0.310345 0.559628 
0.241379 0.655172 0.310345 0.475923 
0.275862 0.655172 0.310345 0.491031 
0.310345 0.655172 0.310345 0.503509 
0.344828 0.655172 0.310345 0.545616 
0.37931 0.655172 0.310345 0.554798 
0.413793 0.655172 0.310345 0.57766 
0.448276 0.655172 0.310345 0.520976 
0.482759 0.655172 0.310345 0.524908 
0.517241 0.655172 0.310345 0.565715 
0.551724 0.655172 0.310345 0.542372 
0.586207 0.655172 0.310345 0.511436 
0.62069 0.655172 0.310345 0.557546 
0.655172 0.655172 0.310345 0.475829 
0.689655 0.655172 0.310345 0.561049 
0.724138 0.655172 0.310345 0.540445 
0.758621 0.655172 0.310345 0.478753 
0.793103 0.655172 0.310345 0.531755 
0.827586 0.655172 0.310345 0.560838 
0.862069 0.655172 0.310345 0.440085 
0.896552 0.655172 0.310345 0.457186 
0.931034 0.655172 0.310345 0.472604 
0.965517 0.655172 0.310345 0.568015 
1 0.655172 0.310345 0.539792 
0 0.689655 0.310345 0.56271 
0.0344828 0.689655 0.310345 0.543812 
0.0689655 0.689655 0.310345 0.455535 
0.103448 0.689655 0.310345 0.564609 
0.137931 0.689655 0.310345 0.546764 
0.172414 0.689655 0.310345 0.568512 
0.206897 0.689655 0.310345 0.533327 
0.241379 0.689655 0.310345 0.558786 
0.275862 0.689655 0.310345 0.523913 
0.310345 0.689655 0.310345 0.550417 
0.344828 0.689655 0.310345 0.523892 
0.37931 0.689655 0.310345 0.533732 
0.413793 0.689655 0.310345 0.524056 
0.448276 0.689655 0.310345 0.473787 
0.482759 0.689655 0.310345 0.552782 
0.517241 0.689655 0.310345 0.564253 
0.551724 0.689655 0.310345 0.491877 
0.586207 0.689655 0.310345 0.527598 
0.62069 0.689655 0.310345 0.548479 
0.655172 0.689655 0.310345 0.472548 
0.689655 0.689655 0.310345 0.503718 
0.724138 0.689655 0.310345 0.53349 
0.758621 0.689655 0.310345 0.572213 
0.793103 0.689655 0.310345 0.586749 
0.827586 0.689655 0.310345 0.523338 
0.862069 0.689655 0.310345 0.531775 
0.896552 0.689655 0.310345 0.543733 
0.931034 0.689655 0.310345 0.554204 
0.965517 0.689655 0.310345 0.531787 
1 0.689655 0.310345 0.564176 
0 0.724138 0.310345 0.531575 
0.0344828 0.724138 0.310345 0.459453 
0.0689655 0.724138 0.310345 0.457573 
0.103448 0.724138 0.310345 0.562191 
0.137931 0.724138 0.310345 0.561851 
0.172414 0.724138 0.310345 0.566478 
0.206897 0.724138 0.310345 0.546005 
0.241379 0.724138 0.310345 0.552747 
0.275862 0.724138 0.310345 0.562798 
0.310345 0.724138 0.310345 0.554556 
0.344828 0.724138 0.310345 0.585357 
0.37931 0.724138 0.310345 0.537014 
0.413793 0.724138 0.310345 0.481804 
0.448276 0.724138 0.310345 0.50328 
0.482759 0.724138 0.310345 0.563162 
0.517241 0.724138 0.310345 0.476102 
0.551724 0.724138 0.310345 0.573852 
0.586207 0.724138 0.310345 0.521681 
0.62069 0.724138 0.310345 0.55052 
0.655172 0.724138 0.310345 0.577927 
0.689655 0.724138 0.310345 0.55059 
0.724138 0.724138 0.310345 0.478508 
0.758621 0.724138 0.310345 0.453012 
0.793103 0.724138 0.310345 0.566669 
0.827586 0.724138 0.310345 0.44003 
0.862069 0.724138 0.310345 0.565492 
0.896552 0.724138 0.310345 0.546202 
0.931034 0.724138 0.310345 0.561635 
0.965517 0.724138 0.310345 0.532896 
1 0.724138 0.310345 0.518228 
0 0.758621 0.310345 0.564556 
0.0344828 0.758621 0.310345 0.45874 
0.0689655 0.758621 0.310345 0.459547 
0.103448 0.758621 0.310345 0.458926 
0.137931 0.758621 0.310345 0.459205 
0.172414 0.758621 0.310345 0.554848 
0.206897 0.758621 0.310345 0.560579 
0.241379 0.758621 0.310345 0.462317 
0.275862 0.758621 0.310345 0.434218 
0.310345 0.758621 0.310345 0.451206 
0.344828 0.758621 0.310345 0.57211 
0.37931 0.758621 0.310345 0.505286 
0.413793 0.758621 0.310345 0.540839 
0.448276 0.758621 0.310345 0.569613 
0.482759 0.758621 0.310345 0.538475 
0.517241 0.758621 0.310345 0.465386 
0.551724 0.758621 0.310345 0.574415 
0.586207 0.758621 0.310345 0.559436 
0.62069 0.758621 0.310345 0.558275 
0.655172 0.758621 0.310345 0.489685 
0.689655 0.758621 0.310345 0.4942 
0.724138 0.758621 0.310345 0.494944 
0.758621 0.758621 0.310345 0.503953 
0.793103 0.758621 0.310345 0.505922 
0.827586 0.758621 0.310345 0.525973 
0.862069 0.758621 0.310345 0.541284 
0.896552 0.758621 0.310345 0.481775 
0.931034 0.758621 0.310345 0.470493 
0.965517 0.758621 0.310345 0.481485 
1 0.758621 0.310345 0.560242 
0 0.793103 0.310345 0.56177 
0.0344828 0.793103 0.310345 0.459354 
0.0689655 0.793103 0.310345 0.546726 
0.103448 0.793103 0.310345 0.560047 
0.137931 0.793103 0.310345 0.456065 
0.172414 0.793103 0.310345 0.553091 
0.206897 0.793103 0.310345 0.558436 
0.241379 0.793103 0.310345 0.560639 
0.275862 0.793103 0.310345 0.556857 
0.310345 0.793103 0.310345 0.466296 
0.344828 0.793103 0.310345 0.561576 
0.37931 0.793103 0.310345 0.580438 
0.413793 0.793103 0.310345 0.465256 
0.448276 0.793103 0.310345 0.561851 
0.482759 0.793103 0.310345 0.536732 
0.517241 0.793103 0.310345 0.505288 
0.551724 0.793103 0.310345 0.488551 
0.586207 0.793103 0.310345 0.572157 
0.62069 0.793103 0.310345 0.487363 
0.655172 0.793103 0.310345 0.436353 
0.689655 0.793103 0.310345 0.501703 
0.724138 0.793103 0.310345 0.453262 
0.758621 0.793103 0.310345 0.518086 
0.793103 0.793103 0.310345 0.563406 
0.827586 0.793103 0.310345 0.508781 
0.862069 0.793103 0.310345 0.484821 
0.896552 0.793103 0.310345 0.509691 
0.931034 0.793103 0.310345 0.557248 
0.965517 0.793103 0.310345 0.568988 
1 0.793103 0.310345 0.519191 
0 0.827586 0.310345 0.453329 
0.0344828 0.827586 0.310345 0.558416 
0.0689655 0.827586 0.310345 0.564976 
0.103448 0.827586 0.310345 0.540216 
0.137931 0.827586 0.310345 0.526982 
0.172414 0.827586 0.310345 0.548154 
0.206897 0.827586 0.310345 0.567808 
0.241379 0.827586 0.310345 0.45507 
0.275862 0.827586 0.310345 0.568366 
0.310345 0.827586 0.310345 0.462445 
0.344828 0.827586 0.310345 0.561201 
0.37931 0.827586 0.310345 0.466389 
0.413793 0.827586 0.310345 0.559771 
0.448276 0.827586 0.310345 0.471971 
0.482759 0.827586 0.310345 0.465344 
0.517241 0.827586 0.310345 0.474289 
0.551724 0.827586 0.310345 0.553846 
0.586207 0.827586 0.310345 0.555287 
0.62069 0.827586 0.310345 0.527487 
0.655172 0.827586 0.310345 0.477812 
0.689655 0.827586 0.310345 0.483962 
0.724138 0.827586 0.310345 0.557218 
0.758621 0.827586 0.310345 0.501487 
0.793103 0.827586 0.310345 0.501895 
0.827586 0.827586 0.310345 0.571021 
0.862069 0.827586 0.310345 0.502431 
0.896552 0.827586 0.310345 0.561536 
0.931034 0.827586 0.310345 0.531301 
0.965517 0.827586 0.310345 0.491191 
1 0.827586 0.310345 0.564697 
0 0.862069 0.310345 0.474737 
0.0344828 0.862069 0.310345 0.477073 
0.0689655 0.862069 0.310345 0.544076 
0.103448 0.862069 0.310345 0.444036 
0.137931 0.862069 0.310345 0.524307 
0.172414 0.862069 0.310345 0.568797 
0.206897 0.862069 0.310345 0.55032 
0.241379 0.862069 0.310345 0.525672 
0.275862 0.862069 0.310345 0.537852 
0.310345 0.862069 0.310345 0.538122 
0.344828 0.862069 0.310345 0.563609 
0.37931 0.862069 0.310345 0.538441 
0.413793 0.862069 0.310345 0.542946 
0.448276 0.862069 0.310345 0.458087 
0.482759 0.862069 0.310345 0.568357 
0.517241 0.862069 0.310345 0.585791 
0.551724 0.862069 0.310345 0.51805 
0.586207 0.862069 0.310345 0.486378 
0.62069 0.862069 0.310345 0.566214 
0.655172 0.862069 0.310345 0.501933 
0.689655 0.862069 0.310345 0.475566 
0.724138 0.862069 0.310345 0.549431 
0.758621 0.862069 0.310345 0.543526 
0.793103 0.862069 0.310345 0.556066 
0.827586 0.862069 0.310345 0.438592 
0.862069 0.862069 0.310345 0.448794 
0.896552 0.862069 0.310345 0.496688 
0.931034 0.862069 0.310345 0.499288 
0.965517 0.862069 0.310345 0.510112 
1 0.862069 0.310345 0.555935 
0 0.896552 0.310345 0.50735 
0.0344828 0.896552 0.310345 0.582689 
0.0689655 0.896552 0.310345 0.50921 
0.103448 0.896552 0.310345 0.46462 
0.137931 0.896552 0.310345 0.549719 
0.172414 0.896552 0.310345 0.557336 
0.206897 0.896552 0.310345 0.564923 
0.241379 0.896552 0.310345 0.459076 
0.275862 0.896552 0.310345 0.521269 
0.310345 0.896552 0.310345 0.545438 
0.344828 0.896552 0.310345 0.456667 
0.37931 0.896552 0.310345 0.567813 
0.413793 0.896552 0.310345 0.534046 
0.448276 0.896552 0.310345 0.44354 
0.482759 0.896552 0.310345 0.534945 
0.517241 0.896552 0.310345 0.564468 
0.551724 0.896552 0.310345 0.543895 
0.586207 0.896552 0.310345 0.544659 
0.62069 0.896552 0.310345 0.547162 
0.655172 0.896552 0.310345 0.475122 
0.689655 0.896552 0.310345 0.488448 
0.724138 0.896552 0.310345 0.534381 
0.758621 0.896552 0.310345 0.540681 
0.793103 0.896552 0.310345 0.566128 
0.827586 0.896552 0.310345 0.492653 
0.862069 0.896552 0.310345 0.559039 
0.896552 0.896552 0.310345 0.494067 
0.931034 0.896552 0.310345 0.542149 
0.965517 0.896552 0.310345 0.557421 
1 0.896552 0.310345 0.436289 
0 0.931034 0.310345 0.555489 
0.0344828 0.931034 0.310345 0.540956 
0.0689655 0.931034 0.310345 0.432465 
0.103448 0.931034 0.310345 0.47705 
0.137931 0.931034 0.310345 0.440822 
0.172414 0.931034 0.310345 0.562768 
0.206897 0.931034 0.310345 0.549087 
0.241379 0.931034 0.310345 0.556179 
0.275862 0.931034 0.310345 0.584463 
0.310345 0.931034 0.310345 0.547473 
0.344828 0.931034 0.310345 0.45181 
0.37931 0.931034 0.310345 0.454221 
0.413793 0.931034 0.310345 0.454033 
0.448276 0.931034 0.310345 0.547305 
0.482759 0.931034 0.310345 0.553808 
0.517241 0.931034 0.310345 0.545978 
0.551724 0.931034 0.310345 0.462819 
0.586207 0.931034 0.310345 0.547759 
0.62069 0.931034 0.310345 0.464916 
0.655172 0.931034 0.310345 0.459069 
0.689655 0.931034 0.310345 0.539969 
0.724138 0.931034 0.310345 0.553954 
0.758621 0.931034 0.310345 0.509938 
0.793103 0.931034 0.310345 0.474919 
0.827586 0.931034 0.310345 0.559247 
0.862069 0.931034 0.310345 0.50256 
0.896552 0.931034 0.310345 0.468061 
0.931034 0.931034 0.310345 0.553492 
0.965517 0.931034 0.310345 0.515348 
1 0.931034 0.310345 0.570357 
0 0.965517 0.310345 0.433158 
0.0344828 0.965517 0.310345 0.512446 
0.0689655 0.965517 0.310345 0.501163 
0.103448 0.965517 0.310345 0.4751 
0.137931 0.965517 0.310345 0.437595 
0.172414 0.965517 0.310345 0.529069 
0.206897 0.965517 0.310345 0.520279 
0.241379 0.965517 0.310345 0.554782 
0.275862 0.965517 0.310345 0.540429 
0.310345 0.965517 0.310345 0.457148 
0.344828 0.965517 0.310345 0.456946 
0.37931 0.965517 0.310345 0.545391 
0.413793 0.965517 0.310345 0.45492 
0.448276 0.965517 0.310345 0.552909 
0.482759 0.965517 0.310345 0.545435 
0.517241 0.965517 0.310345 0.557612 
0.551724 0.965517 0.310345 0.557171 
0.586207 0.965517 0.310345 0.544909 
0.62069 0.965517 0.310345 0.469602 
0.655172 0.965517 0.310345 0.572765 
0.689655 0.965517 0.310345 0.534718 
0.724138 0.965517 0.310345 0.535447 
0.758621 0.965517 0.310345 0.482149 
0.793103 0.965517 0.310345 0.4573 
0.827586 0.965517 0.310345 0.44837 
0.862069 0.965517 0.310345 0.449104 
0.896552 0.965517 0.310345 0.488825 
0.931034 0.965517 0.310345 0.490392 
0.965517 0.965517 0.310345 0.545304 
1 0.965517 0.310345 0.544117 
0 1 0.310345 0.544517 
0.0344828 1 0.310345 0.495161 
0.0689655 1 0.310345 0.517693 
0.103448 1 0.310345 0.432075 
0.137931 1 0.310345 0.543015 
0.172414 1 0.310345 0.485319 
0.206897 1 0.310345 0.450357 
0.241379 1 0.310345 0.435425 
0.275862 1 0.310345 0.464428 
0.310345 1 0.310345 0.547289 
0.344828 1 0.310345 0.563244 
0.37931 1 0.310345 0.550592 
0.413793 1 0.310345 0.536585 
0.448276 1 0.310345 0.503677 
0.482759 1 0.310345 0.453873 
0.517241 1 0.310345 0.453832 
0.551724 1 0.310345 0.565126 
0.586207 1 0.310345 0.449496 
0.62069 1 0.310345 0.547604 
0.655172 1 0.310345 0.463928 
0.689655 1 0.310345 0.545498 
0.724138 1 0.310345 0.536221 
0.758621 1 0.310345 0.567 
0.793103 1 0.310345 0.564045 
0.827586 1 0.310345 0.478697 
0.862069 1 0.310345 0.536328 
0.896552 1 0.310345 0.562553 
0.931034 1 0.310345 0.522227 
0.965517 1 0.310345 0.541088 
1 1 0.310345 0.447606 
0 0 0.344828 0.521465 
0.0344828 0 0.344828 0.521465 
0.0689655 0 0.344828 0.521465 
0.103448 0 0.344828 0.521465 
0.137931 0 0.344828 0.521465 
0.172414 0 0.344828 0.521465 
0.206897 0 0.344828 0.521465 
0.241379 0 0.344828 0.521465 
0.275862 0 0.344828 0.521465 
0.310345 0 0.344828 0.521465 
0.344828 0 0.344828 0.521465 
0.37931 0 0.344828 0.521465 
0.413793 0 0.344828 0.521465 
0.448276 0 0.344828 0.521465 
0.482759 0 0.344828 0.521465 
0.517241 0 0.344828 0.521465 
0.551724 0 0.344828 0.521465 
0.586207 0 0.344828 0.521465 
0.62069 0 0.344828 0.521465 
0.655172 0 0.344828 0.521465 
0.689655 0 0.344828 0.521465 
0.724138 0 0.344828 0.521465 
0.758621 0 0.344828 0.521465 
0.793103 0 0.344828 0.521465 
0.827586 0 0.344828 0.521465 
0.862069 0 0.344828 0.521465 
0.896552 0 0.344828 0.521465 
0.931034 0 0.344828 0.521465 
0.965517 0 0.344828 0.521465 
1 0 0.344828 0.521465 
0 0.0344828 0.344828 0.505931 
0.0344828 0.0344828 0.344828 0.513626 
0.0689655 0.0344828 0.344828 0.420608 
0.103448 0.0344828 0.344828 0.514749 
0.137931 0.0344828 0.344828 0.497573 
0.172414 0.0344828 0.344828 0.513081 
0.206897 0.0344828 0.344828 0.421078 
0.241379 0.0344828 0.344828 0.518658 
0.275862 0.0344828 0.344828 0.420306 
0.310345 0.0344828 0.344828 0.513559 
0.344828 0.0344828 0.344828 0.514297 
0.37931 0.0344828 0.344828 0.509347 
0.413793 0.0344828 0.344828 0.513307 
0.448276 0.0344828 0.344828 0.420277 
0.482759 0.0344828 0.344828 0.522121 
0.517241 0.0344828 0.344828 0.507908 
0.551724 0.0344828 0.344828 0.502166 
0.586207 0.0344828 0.344828 0.420023 
0.62069 0.0344828 0.344828 0.420376 
0.655172 0.0344828 0.344828 0.510522 
0.689655 0.0344828 0.344828 0.520408 
0.724138 0.0344828 0.344828 0.496581 
0.758621 0.0344828 0.344828 0.497183 
0.793103 0.0344828 0.344828 0.525947 
0.827586 0.0344828 0.344828 0.419685 
0.862069 0.0344828 0.344828 0.509499 
0.896552 0.0344828 0.344828 0.528066 
0.931034 0.0344828 0.344828 0.519298 
0.965517 0.0344828 0.344828 0.419619 
1 0.0344828 0.344828 0.510617 
0 0.0689655 0.344828 0.525271 
0.0344828 0.0689655 0.344828 0.509727 
0.0689655 0.0689655 0.344828 0.507109 
0.103448 0.0689655 0.344828 0.495292 
0.137931 0.0689655 0.344828 0.478038 
0.172414 0.0689655 0.344828 0.504158 
0.206897 0.0689655 0.344828 0.516572 
0.241379 0.0689655 0.344828 0.505263 
0.275862 0.0689655 0.344828 0.420672 
0.310345 0.0689655 0.344828 0.425443 
0.344828 0.0689655 0.344828 0.508954 
0.37931 0.0689655 0.344828 0.496605 
0.413793 0.0689655 0.344828 0.505764 
0.448276 0.0689655 0.344828 0.509798 
0.482759 0.0689655 0.344828 0.521705 
0.517241 0.0689655 0.344828 0.41502 
0.551724 0.0689655 0.344828 0.525863 
0.586207 0.0689655 0.344828 0.498617 
0.62069 0.0689655 0.344828 0.502766 
0.655172 0.0689655 0.344828 0.510645 
0.689655 0.0689655 0.344828 0.523015 
0.724138 0.0689655 0.344828 0.513578 
0.758621 0.0689655 0.344828 0.423496 
0.793103 0.0689655 0.344828 0.505761 
0.827586 0.0689655 0.344828 0.511483 
0.862069 0.0689655 0.344828 0.512498 
0.896552 0.0689655 0.344828 0.415958 
0.931034 0.0689655 0.344828 0.416283 
0.965517 0.0689655 0.344828 0.489348 
1 0.0689655 0.344828 0.504344 
0 0.103448 0.344828 0.525746 
0.0344828 0.103448 0.344828 0.491674 
0.0689655 0.103448 0.344828 0.521964 
0.103448 0.103448 0.344828 0.499048 
0.137931 0.103448 0.344828 0.512205 
0.172414 0.103448 0.344828 0.408881 
0.206897 0.103448 0.344828 0.421789 
0.241379 0.103448 0.344828 0.422985 
0.275862 0.103448 0.344828 0.407426 
0.310345 0.103448 0.344828 0.411418 
0.344828 0.103448 0.344828 0.522712 
0.37931 0.103448 0.344828 0.493124 
0.413793 0.103448 0.344828 0.492327 
0.448276 0.103448 0.344828 0.377481 
0.482759 0.103448 0.344828 0.506797 
0.517241 0.103448 0.344828 0.487297 
0.551724 0.103448 0.344828 0.424248 
0.586207 0.103448 0.344828 0.493742 
0.62069 0.103448 0.344828 0.499609 
0.655172 0.103448 0.344828 0.519965 
0.689655 0.103448 0.344828 0.51132 
0.724138 0.103448 0.344828 0.518704 
0.758621 0.103448 0.344828 0.42405 
0.793103 0.103448 0.344828 0.500892 
0.827586 0.103448 0.344828 0.512078 
0.862069 0.103448 0.344828 0.422834 
0.896552 0.103448 0.344828 0.411246 
0.931034 0.103448 0.344828 0.465759 
0.965517 0.103448 0.344828 0.497 
1 0.103448 0.344828 0.503105 
0 0.137931 0.344828 0.425306 
0.0344828 0.137931 0.344828 0.519529 
0.0689655 0.137931 0.344828 0.483273 
0.103448 0.137931 0.344828 0.409978 
0.137931 0.137931 0.344828 0.51212 
0.172414 0.137931 0.344828 0.509751 
0.206897 0.137931 0.344828 0.506129 
0.241379 0.137931 0.344828 0.402872 
0.275862 0.137931 0.344828 0.504552 
0.310345 0.137931 0.344828 0.497482 
0.344828 0.137931 0.344828 0.498241 
0.37931 0.137931 0.344828 0.476229 
0.413793 0.137931 0.344828 0.489881 
0.448276 0.137931 0.344828 0.495982 
0.482759 0.137931 0.344828 0.512031 
0.517241 0.137931 0.344828 0.491617 
0.551724 0.137931 0.344828 0.431016 
0.586207 0.137931 0.344828 0.476467 
0.62069 0.137931 0.344828 0.488447 
0.655172 0.137931 0.344828 0.406415 
0.689655 0.137931 0.344828 0.429333 
0.724138 0.137931 0.344828 0.498331 
0.758621 0.137931 0.344828 0.491512 
0.793103 0.137931 0.344828 0.510267 
0.827586 0.137931 0.344828 0.489003 
0.862069 0.137931 0.344828 0.436006 
0.896552 0.137931 0.344828 0.434725 
0.931034 0.137931 0.344828 0.520969 
0.965517 0.137931 0.344828 0.49257 
1 0.137931 0.344828 0.497889 
0 0.172414 0.344828 0.441328 
0.0344828 0.172414 0.344828 0.462891 
0.0689655 0.172414 0.344828 0.459767 
0.103448 0.172414 0.344828 0.498881 
0.137931 0.172414 0.344828 0.440921 
0.172414 0.172414 0.344828 0.498966 
0.206897 0.172414 0.344828 0.505099 
0.241379 0.172414 0.344828 0.499718 
0.275862 0.172414 0.344828 0.411218 
0.310345 0.172414 0.344828 0.444381 
0.344828 0.172414 0.344828 0.506764 
0.37931 0.172414 0.344828 0.469437 
0.413793 0.172414 0.344828 0.516093 
0.448276 0.172414 0.344828 0.432992 
0.482759 0.172414 0.344828 0.49645 
0.517241 0.172414 0.344828 0.480941 
0.551724 0.172414 0.344828 0.52619 
0.586207 0.172414 0.344828 0.447078 
0.62069 0.172414 0.344828 0.403266 
0.655172 0.172414 0.344828 0.494732 
0.689655 0.172414 0.344828 0.485727 
0.724138 0.172414 0.344828 0.535426 
0.758621 0.172414 0.344828 0.50416 
0.793103 0.172414 0.344828 0.510034 
0.827586 0.172414 0.344828 0.481342 
0.862069 0.172414 0.344828 0.481306 
0.896552 0.172414 0.344828 0.425832 
0.931034 0.172414 0.344828 0.504414 
0.965517 0.172414 0.344828 0.50853 
1 0.172414 0.344828 0.474964 
0 0.206897 0.344828 0.496949 
0.0344828 0.206897 0.344828 0.521698 
0.0689655 0.206897 0.344828 0.460631 
0.103448 0.206897 0.344828 0.441526 
0.137931 0.206897 0.344828 0.518082 
0.172414 0.206897 0.344828 0.449889 
0.206897 0.206897 0.344828 0.512755 
0.241379 0.206897 0.344828 0.508319 
0.275862 0.206897 0.344828 0.483972 
0.310345 0.206897 0.344828 0.441625 
0.344828 0.206897 0.344828 0.456251 
0.37931 0.206897 0.344828 0.386532 
0.413793 0.206897 0.344828 0.448414 
0.448276 0.206897 0.344828 0.475073 
0.482759 0.206897 0.344828 0.509163 
0.517241 0.206897 0.344828 0.458283 
0.551724 0.206897 0.344828 0.430141 
0.586207 0.206897 0.344828 0.466891 
0.62069 0.206897 0.344828 0.525604 
0.655172 0.206897 0.344828 0.460455 
0.689655 0.206897 0.344828 0.431698 
0.724138 0.206897 0.344828 0.508545 
0.758621 0.206897 0.344828 0.512159 
0.793103 0.206897 0.344828 0.506458 
0.827586 0.206897 0.344828 0.466218 
0.862069 0.206897 0.344828 0.433075 
0.896552 0.206897 0.344828 0.43182 
0.931034 0.206897 0.344828 0.498189 
0.965517 0.206897 0.344828 0.427944 
1 0.206897 0.344828 0.480986 
0 0.241379 0.344828 0.502306 
0.0344828 0.241379 0.344828 0.454362 
0.0689655 0.241379 0.344828 0.518924 
0.103448 0.241379 0.344828 0.44547 
0.137931 0.241379 0.344828 0.48653 
0.172414 0.241379 0.344828 0.472516 
0.206897 0.241379 0.344828 0.44158 
0.241379 0.241379 0.344828 0.456143 
0.275862 0.241379 0.344828 0.458126 
0.310345 0.241379 0.344828 0.459049 
0.344828 0.241379 0.344828 0.449958 
0.37931 0.241379 0.344828 0.466329 
0.413793 0.241379 0.344828 0.512378 
0.448276 0.241379 0.344828 0.473217 
0.482759 0.241379 0.344828 0.492664 
0.517241 0.241379 0.344828 0.500268 
0.551724 0.241379 0.344828 0.509987 
0.586207 0.241379 0.344828 0.436158 
0.62069 0.241379 0.344828 0.515804 
0.655172 0.241379 0.344828 0.401512 
0.689655 0.241379 0.344828 0.492022 
0.724138 0.241379 0.344828 0.476972 
0.758621 0.241379 0.344828 0.489184 
0.793103 0.241379 0.344828 0.521891 
0.827586 0.241379 0.344828 0.507498 
0.862069 0.241379 0.344828 0.502541 
0.896552 0.241379 0.344828 0.507558 
0.931034 0.241379 0.344828 0.52234 
0.965517 0.241379 0.344828 0.490433 
1 0.241379 0.344828 0.475151 
0 0.275862 0.344828 0.501444 
0.0344828 0.275862 0.344828 0.479108 
0.0689655 0.275862 0.344828 0.497457 
0.103448 0.275862 0.344828 0.477879 
0.137931 0.275862 0.344828 0.504078 
0.172414 0.275862 0.344828 0.403811 
0.206897 0.275862 0.344828 0.440838 
0.241379 0.275862 0.344828 0.446631 
0.275862 0.275862 0.344828 0.397536 
0.310345 0.275862 0.344828 0.49823 
0.344828 0.275862 0.344828 0.509667 
0.37931 0.275862 0.344828 0.526467 
0.413793 0.275862 0.344828 0.464976 
0.448276 0.275862 0.344828 0.516863 
0.482759 0.275862 0.344828 0.495852 
0.517241 0.275862 0.344828 0.504259 
0.551724 0.275862 0.344828 0.458233 
0.586207 0.275862 0.344828 0.51754 
0.62069 0.275862 0.344828 0.507076 
0.655172 0.275862 0.344828 0.45781 
0.689655 0.275862 0.344828 0.406018 
0.724138 0.275862 0.344828 0.511231 
0.758621 0.275862 0.344828 0.498728 
0.793103 0.275862 0.344828 0.500328 
0.827586 0.275862 0.344828 0.44049 
0.862069 0.275862 0.344828 0.504061 
0.896552 0.275862 0.344828 0.481604 
0.931034 0.275862 0.344828 0.520631 
0.965517 0.275862 0.344828 0.505599 
1 0.275862 0.344828 0.461694 
0 0.310345 0.344828 0.423243 
0.0344828 0.310345 0.344828 0.505347 
0.0689655 0.310345 0.344828 0.431261 
0.103448 0.310345 0.344828 0.455575 
0.137931 0.310345 0.344828 0.40713 
0.172414 0.310345 0.344828 0.46637 
0.206897 0.310345 0.344828 0.431633 
0.241379 0.310345 0.344828 0.494367 
0.275862 0.310345 0.344828 0.502647 
0.310345 0.310345 0.344828 0.43754 
0.344828 0.310345 0.344828 0.499548 
0.37931 0.310345 0.344828 0.506612 
0.413793 0.310345 0.344828 0.497076 
0.448276 0.310345 0.344828 0.490998 
0.482759 0.310345 0.344828 0.445473 
0.517241 0.310345 0.344828 0.52736 
0.551724 0.310345 0.344828 0.503462 
0.586207 0.310345 0.344828 0.495667 
0.62069 0.310345 0.344828 0.459905 
0.655172 0.310345 0.344828 0.51337 
0.689655 0.310345 0.344828 0.506982 
0.724138 0.310345 0.344828 0.415921 
0.758621 0.310345 0.344828 0.511751 
0.793103 0.310345 0.344828 0.505599 
0.827586 0.310345 0.344828 0.500728 
0.862069 0.310345 0.344828 0.514478 
0.896552 0.310345 0.344828 0.447433 
0.931034 0.310345 0.344828 0.407347 
0.965517 0.310345 0.344828 0.505574 
1 0.310345 0.344828 0.46236 
0 0.344828 0.344828 0.423271 
0.0344828 0.344828 0.344828 0.422422 
0.0689655 0.344828 0.344828 0.405794 
0.103448 0.344828 0.344828 0.422492 
0.137931 0.344828 0.344828 0.511829 
0.172414 0.344828 0.344828 0.52213 
0.206897 0.344828 0.344828 0.502905 
0.241379 0.344828 0.344828 0.435708 
0.275862 0.344828 0.344828 0.510764 
0.310345 0.344828 0.344828 0.494864 
0.344828 0.344828 0.344828 0.498431 
0.37931 0.344828 0.344828 0.508106 
0.413793 0.344828 0.344828 0.494416 
0.448276 0.344828 0.344828 0.501169 
0.482759 0.344828 0.344828 0.496857 
0.517241 0.344828 0.344828 0.442354 
0.551724 0.344828 0.344828 0.458169 
0.586207 0.344828 0.344828 0.434911 
0.62069 0.344828 0.344828 0.449788 
0.655172 0.344828 0.344828 0.448838 
0.689655 0.344828 0.344828 0.498809 
0.724138 0.344828 0.344828 0.456666 
0.758621 0.344828 0.344828 0.456619 
0.793103 0.344828 0.344828 0.509542 
0.827586 0.344828 0.344828 0.47651 
0.862069 0.344828 0.344828 0.432104 
0.896552 0.344828 0.344828 0.510703 
0.931034 0.344828 0.344828 0.515483 
0.965517 0.344828 0.344828 0.456778 
1 0.344828 0.344828 0.445827 
0 0.37931 0.344828 0.493103 
0.0344828 0.37931 0.344828 0.470399 
0.0689655 0.37931 0.344828 0.419099 
0.103448 0.37931 0.344828 0.498955 
0.137931 0.37931 0.344828 0.491834 
0.172414 0.37931 0.344828 0.502402 
0.206897 0.37931 0.344828 0.491147 
0.241379 0.37931 0.344828 0.501367 
0.275862 0.37931 0.344828 0.417283 
0.310345 0.37931 0.344828 0.51473 
0.344828 0.37931 0.344828 0.419928 
0.37931 0.37931 0.344828 0.482148 
0.413793 0.37931 0.344828 0.502746 
0.448276 0.37931 0.344828 0.400221 
0.482759 0.37931 0.344828 0.49594 
0.517241 0.37931 0.344828 0.508045 
0.551724 0.37931 0.344828 0.506714 
0.586207 0.37931 0.344828 0.496113 
0.62069 0.37931 0.344828 0.39872 
0.655172 0.37931 0.344828 0.434782 
0.689655 0.37931 0.344828 0.513253 
0.724138 0.37931 0.344828 0.487826 
0.758621 0.37931 0.344828 0.454808 
0.793103 0.37931 0.344828 0.507025 
0.827586 0.37931 0.344828 0.491806 
0.862069 0.37931 0.344828 0.517066 
0.896552 0.37931 0.344828 0.4481 
0.931034 0.37931 0.344828 0.446898 
0.965517 0.37931 0.344828 0.508823 
1 0.37931 0.344828 0.416211 
0 0.413793 0.344828 0.411892 
0.0344828 0.413793 0.344828 0.501508 
0.0689655 0.413793 0.344828 0.414047 
0.103448 0.413793 0.344828 0.51773 
0.137931 0.413793 0.344828 0.458929 
0.172414 0.413793 0.344828 0.48339 
0.206897 0.413793 0.344828 0.48409 
0.241379 0.413793 0.344828 0.408812 
0.275862 0.413793 0.344828 0.491124 
0.310345 0.413793 0.344828 0.510872 
0.344828 0.413793 0.344828 0.476645 
0.37931 0.413793 0.344828 0.496033 
0.413793 0.413793 0.344828 0.512664 
0.448276 0.413793 0.344828 0.434494 
0.482759 0.413793 0.344828 0.42673 
0.517241 0.413793 0.344828 0.476688 
0.551724 0.413793 0.344828 0.434572 
0.586207 0.413793 0.344828 0.423078 
0.62069 0.413793 0.344828 0.499634 
0.655172 0.413793 0.344828 0.434144 
0.689655 0.413793 0.344828 0.499525 
0.724138 0.413793 0.344828 0.467203 
0.758621 0.413793 0.344828 0.430642 
0.793103 0.413793 0.344828 0.449635 
0.827586 0.413793 0.344828 0.427776 
0.862069 0.413793 0.344828 0.454844 
0.896552 0.413793 0.344828 0.468099 
0.931034 0.413793 0.344828 0.50153 
0.965517 0.413793 0.344828 0.45302 
1 0.413793 0.344828 0.446788 
0 0.448276 0.344828 0.503642 
0.0344828 0.448276 0.344828 0.504374 
0.0689655 0.448276 0.344828 0.413658 
0.103448 0.448276 0.344828 0.413271 
0.137931 0.448276 0.344828 0.411978 
0.172414 0.448276 0.344828 0.413755 
0.206897 0.448276 0.344828 0.502987 
0.241379 0.448276 0.344828 0.497972 
0.275862 0.448276 0.344828 0.409289 
0.310345 0.448276 0.344828 0.417319 
0.344828 0.448276 0.344828 0.417214 
0.37931 0.448276 0.344828 0.488328 
0.413793 0.448276 0.344828 0.494369 
0.448276 0.448276 0.344828 0.485109 
0.482759 0.448276 0.344828 0.40799 
0.517241 0.448276 0.344828 0.503422 
0.551724 0.448276 0.344828 0.498917 
0.586207 0.448276 0.344828 0.477633 
0.62069 0.448276 0.344828 0.425399 
0.655172 0.448276 0.344828 0.50346 
0.689655 0.448276 0.344828 0.495049 
0.724138 0.448276 0.344828 0.420102 
0.758621 0.448276 0.344828 0.437573 
0.793103 0.448276 0.344828 0.447158 
0.827586 0.448276 0.344828 0.500355 
0.862069 0.448276 0.344828 0.503756 
0.896552 0.448276 0.344828 0.434109 
0.931034 0.448276 0.344828 0.478913 
0.965517 0.448276 0.344828 0.436312 
1 0.448276 0.344828 0.502888 
0 0.482759 0.344828 0.415463 
0.0344828 0.482759 0.344828 0.499274 
0.0689655 0.482759 0.344828 0.41599 
0.103448 0.482759 0.344828 0.475654 
0.137931 0.482759 0.344828 0.50261 
0.172414 0.482759 0.344828 0.436811 
0.206897 0.482759 0.344828 0.411451 
0.241379 0.482759 0.344828 0.504949 
0.275862 0.482759 0.344828 0.509874 
0.310345 0.482759 0.344828 0.412982 
0.344828 0.482759 0.344828 0.508871 
0.37931 0.482759 0.344828 0.413038 
0.413793 0.482759 0.344828 0.413154 
0.448276 0.482759 0.344828 0.504324 
0.482759 0.482759 0.344828 0.492937 
0.517241 0.482759 0.344828 0.502308 
0.551724 0.482759 0.344828 0.503788 
0.586207 0.482759 0.344828 0.412361 
0.62069 0.482759 0.344828 0.496468 
0.655172 0.482759 0.344828 0.419486 
0.689655 0.482759 0.344828 0.419601 
0.724138 0.482759 0.344828 0.391929 
0.758621 0.482759 0.344828 0.427768 
0.793103 0.482759 0.344828 0.491035 
0.827586 0.482759 0.344828 0.427201 
0.862069 0.482759 0.344828 0.500189 
0.896552 0.482759 0.344828 0.422643 
0.931034 0.482759 0.344828 0.431521 
0.965517 0.482759 0.344828 0.501613 
1 0.482759 0.344828 0.468072 
0 0.517241 0.344828 0.410675 
0.0344828 0.517241 0.344828 0.494157 
0.0689655 0.517241 0.344828 0.401441 
0.103448 0.517241 0.344828 0.417481 
0.137931 0.517241 0.344828 0.470327 
0.172414 0.517241 0.344828 0.411327 
0.206897 0.517241 0.344828 0.411859 
0.241379 0.517241 0.344828 0.41574 
0.275862 0.517241 0.344828 0.416936 
0.310345 0.517241 0.344828 0.47765 
0.344828 0.517241 0.344828 0.481435 
0.37931 0.517241 0.344828 0.490932 
0.413793 0.517241 0.344828 0.410746 
0.448276 0.517241 0.344828 0.493472 
0.482759 0.517241 0.344828 0.500983 
0.517241 0.517241 0.344828 0.412583 
0.551724 0.517241 0.344828 0.416435 
0.586207 0.517241 0.344828 0.505366 
0.62069 0.517241 0.344828 0.496292 
0.655172 0.517241 0.344828 0.463689 
0.689655 0.517241 0.344828 0.482157 
0.724138 0.517241 0.344828 0.491569 
0.758621 0.517241 0.344828 0.417795 
0.793103 0.517241 0.344828 0.416664 
0.827586 0.517241 0.344828 0.424087 
0.862069 0.517241 0.344828 0.456107 
0.896552 0.517241 0.344828 0.430031 
0.931034 0.517241 0.344828 0.423075 
0.965517 0.517241 0.344828 0.472761 
1 0.517241 0.344828 0.511037 
0 0.551724 0.344828 0.469042 
0.0344828 0.551724 0.344828 0.472342 
0.0689655 0.551724 0.344828 0.426639 
0.103448 0.551724 0.344828 0.398725 
0.137931 0.551724 0.344828 0.504786 
0.172414 0.551724 0.344828 0.488692 
0.206897 0.551724 0.344828 0.484555 
0.241379 0.551724 0.344828 0.418353 
0.275862 0.551724 0.344828 0.506856 
0.310345 0.551724 0.344828 0.487008 
0.344828 0.551724 0.344828 0.413471 
0.37931 0.551724 0.344828 0.399403 
0.413793 0.551724 0.344828 0.410144 
0.448276 0.551724 0.344828 0.410735 
0.482759 0.551724 0.344828 0.485318 
0.517241 0.551724 0.344828 0.412125 
0.551724 0.551724 0.344828 0.502422 
0.586207 0.551724 0.344828 0.409015 
0.62069 0.551724 0.344828 0.497251 
0.655172 0.551724 0.344828 0.462085 
0.689655 0.551724 0.344828 0.491391 
0.724138 0.551724 0.344828 0.499711 
0.758621 0.551724 0.344828 0.483529 
0.793103 0.551724 0.344828 0.418818 
0.827586 0.551724 0.344828 0.501256 
0.862069 0.551724 0.344828 0.496591 
0.896552 0.551724 0.344828 0.489718 
0.931034 0.551724 0.344828 0.479002 
0.965517 0.551724 0.344828 0.451147 
1 0.551724 0.344828 0.422102 
0 0.586207 0.344828 0.407684 
0.0344828 0.586207 0.344828 0.395297 
0.0689655 0.586207 0.344828 0.48921 
0.103448 0.586207 0.344828 0.518211 
0.137931 0.586207 0.344828 0.396459 
0.172414 0.586207 0.344828 0.411684 
0.206897 0.586207 0.344828 0.50271 
0.241379 0.586207 0.344828 0.501141 
0.275862 0.586207 0.344828 0.397893 
0.310345 0.586207 0.344828 0.496624 
0.344828 0.586207 0.344828 0.404442 
0.37931 0.586207 0.344828 0.488142 
0.413793 0.586207 0.344828 0.478011 
0.448276 0.586207 0.344828 0.456542 
0.482759 0.586207 0.344828 0.503454 
0.517241 0.586207 0.344828 0.480545 
0.551724 0.586207 0.344828 0.488496 
0.586207 0.586207 0.344828 0.411663 
0.62069 0.586207 0.344828 0.500777 
0.655172 0.586207 0.344828 0.500096 
0.689655 0.586207 0.344828 0.485236 
0.724138 0.586207 0.344828 0.411011 
0.758621 0.586207 0.344828 0.501121 
0.793103 0.586207 0.344828 0.476393 
0.827586 0.586207 0.344828 0.496367 
0.862069 0.586207 0.344828 0.498682 
0.896552 0.586207 0.344828 0.414766 
0.931034 0.586207 0.344828 0.508009 
0.965517 0.586207 0.344828 0.40041 
1 0.586207 0.344828 0.465397 
0 0.62069 0.344828 0.392201 
0.0344828 0.62069 0.344828 0.457955 
0.0689655 0.62069 0.344828 0.46588 
0.103448 0.62069 0.344828 0.434479 
0.137931 0.62069 0.344828 0.501258 
0.172414 0.62069 0.344828 0.497138 
0.206897 0.62069 0.344828 0.492186 
0.241379 0.62069 0.344828 0.42211 
0.275862 0.62069 0.344828 0.513078 
0.310345 0.62069 0.344828 0.397976 
0.344828 0.62069 0.344828 0.509081 
0.37931 0.62069 0.344828 0.488537 
0.413793 0.62069 0.344828 0.478369 
0.448276 0.62069 0.344828 0.49094 
0.482759 0.62069 0.344828 0.496645 
0.517241 0.62069 0.344828 0.480489 
0.551724 0.62069 0.344828 0.49423 
0.586207 0.62069 0.344828 0.50666 
0.62069 0.62069 0.344828 0.495824 
0.655172 0.62069 0.344828 0.410844 
0.689655 0.62069 0.344828 0.48432 
0.724138 0.62069 0.344828 0.498942 
0.758621 0.62069 0.344828 0.411717 
0.793103 0.62069 0.344828 0.484996 
0.827586 0.62069 0.344828 0.41225 
0.862069 0.62069 0.344828 0.411815 
0.896552 0.62069 0.344828 0.502205 
0.931034 0.62069 0.344828 0.413519 
0.965517 0.62069 0.344828 0.506833 
1 0.62069 0.344828 0.480927 
0 0.655172 0.344828 0.471514 
0.0344828 0.655172 0.344828 0.403856 
0.0689655 0.655172 0.344828 0.480862 
0.103448 0.655172 0.344828 0.52311 
0.137931 0.655172 0.344828 0.392539 
0.172414 0.655172 0.344828 0.433275 
0.206897 0.655172 0.344828 0.491827 
0.241379 0.655172 0.344828 0.430587 
0.275862 0.655172 0.344828 0.395627 
0.310345 0.655172 0.344828 0.492243 
0.344828 0.655172 0.344828 0.448263 
0.37931 0.655172 0.344828 0.463032 
0.413793 0.655172 0.344828 0.475134 
0.448276 0.655172 0.344828 0.3965 
0.482759 0.655172 0.344828 0.397111 
0.517241 0.655172 0.344828 0.468777 
0.551724 0.655172 0.344828 0.490866 
0.586207 0.655172 0.344828 0.403976 
0.62069 0.655172 0.344828 0.486971 
0.655172 0.655172 0.344828 0.486661 
0.689655 0.655172 0.344828 0.499196 
0.724138 0.655172 0.344828 0.455664 
0.758621 0.655172 0.344828 0.496555 
0.793103 0.655172 0.344828 0.487402 
0.827586 0.655172 0.344828 0.513961 
0.862069 0.655172 0.344828 0.405302 
0.896552 0.655172 0.344828 0.404959 
0.931034 0.655172 0.344828 0.497985 
0.965517 0.655172 0.344828 0.499316 
1 0.655172 0.344828 0.411342 
0 0.689655 0.344828 0.435437 
0.0344828 0.689655 0.344828 0.490123 
0.0689655 0.689655 0.344828 0.413056 
0.103448 0.689655 0.344828 0.447438 
0.137931 0.689655 0.344828 0.502789 
0.172414 0.689655 0.344828 0.50256 
0.206897 0.689655 0.344828 0.513104 
0.241379 0.689655 0.344828 0.502179 
0.275862 0.689655 0.344828 0.513075 
0.310345 0.689655 0.344828 0.496434 
0.344828 0.689655 0.344828 0.461296 
0.37931 0.689655 0.344828 0.487043 
0.413793 0.689655 0.344828 0.499266 
0.448276 0.689655 0.344828 0.425 
0.482759 0.689655 0.344828 0.453813 
0.517241 0.689655 0.344828 0.498837 
0.551724 0.689655 0.344828 0.507667 
0.586207 0.689655 0.344828 0.501166 
0.62069 0.689655 0.344828 0.484415 
0.655172 0.689655 0.344828 0.481194 
0.689655 0.689655 0.344828 0.415301 
0.724138 0.689655 0.344828 0.477821 
0.758621 0.689655 0.344828 0.501636 
0.793103 0.689655 0.344828 0.5128 
0.827586 0.689655 0.344828 0.408507 
0.862069 0.689655 0.344828 0.409767 
0.896552 0.689655 0.344828 0.438966 
0.931034 0.689655 0.344828 0.495914 
0.965517 0.689655 0.344828 0.409291 
1 0.689655 0.344828 0.470259 
0 0.724138 0.344828 0.479842 
0.0344828 0.724138 0.344828 0.404423 
0.0689655 0.724138 0.344828 0.464628 
0.103448 0.724138 0.344828 0.433716 
0.137931 0.724138 0.344828 0.442297 
0.172414 0.724138 0.344828 0.433188 
0.206897 0.724138 0.344828 0.450368 
0.241379 0.724138 0.344828 0.510416 
0.275862 0.724138 0.344828 0.48536 
0.310345 0.724138 0.344828 0.501108 
0.344828 0.724138 0.344828 0.465355 
0.37931 0.724138 0.344828 0.474186 
0.413793 0.724138 0.344828 0.43216 
0.448276 0.724138 0.344828 0.503176 
0.482759 0.724138 0.344828 0.454743 
0.517241 0.724138 0.344828 0.420025 
0.551724 0.724138 0.344828 0.504061 
0.586207 0.724138 0.344828 0.499051 
0.62069 0.724138 0.344828 0.47953 
0.655172 0.724138 0.344828 0.495012 
0.689655 0.724138 0.344828 0.466552 
0.724138 0.724138 0.344828 0.498866 
0.758621 0.724138 0.344828 0.413849 
0.793103 0.724138 0.344828 0.489726 
0.827586 0.724138 0.344828 0.412667 
0.862069 0.724138 0.344828 0.498772 
0.896552 0.724138 0.344828 0.498286 
0.931034 0.724138 0.344828 0.492212 
0.965517 0.724138 0.344828 0.481032 
1 0.724138 0.344828 0.407729 
0 0.758621 0.344828 0.48814 
0.0344828 0.758621 0.344828 0.46927 
0.0689655 0.758621 0.344828 0.477404 
0.103448 0.758621 0.344828 0.462159 
0.137931 0.758621 0.344828 0.460614 
0.172414 0.758621 0.344828 0.462749 
0.206897 0.758621 0.344828 0.497295 
0.241379 0.758621 0.344828 0.440952 
0.275862 0.758621 0.344828 0.392145 
0.310345 0.758621 0.344828 0.415689 
0.344828 0.758621 0.344828 0.44451 
0.37931 0.758621 0.344828 0.471384 
0.413793 0.758621 0.344828 0.463683 
0.448276 0.758621 0.344828 0.490601 
0.482759 0.758621 0.344828 0.497101 
0.517241 0.758621 0.344828 0.441436 
0.551724 0.758621 0.344828 0.469596 
0.586207 0.758621 0.344828 0.470195 
0.62069 0.758621 0.344828 0.484639 
0.655172 0.758621 0.344828 0.419598 
0.689655 0.758621 0.344828 0.41517 
0.724138 0.758621 0.344828 0.506076 
0.758621 0.758621 0.344828 0.412481 
0.793103 0.758621 0.344828 0.412198 
0.827586 0.758621 0.344828 0.447052 
0.862069 0.758621 0.344828 0.506374 
0.896552 0.758621 0.344828 0.479482 
0.931034 0.758621 0.344828 0.408085 
0.965517 0.758621 0.344828 0.489493 
1 0.758621 0.344828 0.49777 
0 0.793103 0.344828 0.50328 
0.0344828 0.793103 0.344828 0.481155 
0.0689655 0.793103 0.344828 0.477332 
0.103448 0.793103 0.344828 0.492817 
0.137931 0.793103 0.344828 0.393653 
0.172414 0.793103 0.344828 0.502185 
0.206897 0.793103 0.344828 0.494038 
0.241379 0.793103 0.344828 0.428512 
0.275862 0.793103 0.344828 0.488413 
0.310345 0.793103 0.344828 0.437226 
0.344828 0.793103 0.344828 0.48596 
0.37931 0.793103 0.344828 0.493486 
0.413793 0.793103 0.344828 0.435995 
0.448276 0.793103 0.344828 0.447969 
0.482759 0.793103 0.344828 0.492391 
0.517241 0.793103 0.344828 0.491722 
0.551724 0.793103 0.344828 0.417924 
0.586207 0.793103 0.344828 0.463645 
0.62069 0.793103 0.344828 0.417954 
0.655172 0.793103 0.344828 0.435597 
0.689655 0.793103 0.344828 0.506954 
0.724138 0.793103 0.344828 0.419986 
0.758621 0.793103 0.344828 0.410485 
0.793103 0.793103 0.344828 0.496705 
0.827586 0.793103 0.344828 0.410165 
0.862069 0.793103 0.344828 0.412203 
0.896552 0.793103 0.344828 0.407718 
0.931034 0.793103 0.344828 0.49215 
0.965517 0.793103 0.344828 0.496795 
1 0.793103 0.344828 0.407845 
0 0.827586 0.344828 0.403513 
0.0344828 0.827586 0.344828 0.484992 
0.0689655 0.827586 0.344828 0.481796 
0.103448 0.827586 0.344828 0.523585 
0.137931 0.827586 0.344828 0.48194 
0.172414 0.827586 0.344828 0.492559 
0.206897 0.827586 0.344828 0.510212 
0.241379 0.827586 0.344828 0.460959 
0.275862 0.827586 0.344828 0.485026 
0.310345 0.827586 0.344828 0.43207 
0.344828 0.827586 0.344828 0.430272 
0.37931 0.827586 0.344828 0.394048 
0.413793 0.827586 0.344828 0.505513 
0.448276 0.827586 0.344828 0.432888 
0.482759 0.827586 0.344828 0.439307 
0.517241 0.827586 0.344828 0.429699 
0.551724 0.827586 0.344828 0.454204 
0.586207 0.827586 0.344828 0.440664 
0.62069 0.827586 0.344828 0.507635 
0.655172 0.827586 0.344828 0.422945 
0.689655 0.827586 0.344828 0.416974 
0.724138 0.827586 0.344828 0.498321 
0.758621 0.827586 0.344828 0.397102 
0.793103 0.827586 0.344828 0.494489 
0.827586 0.827586 0.344828 0.477682 
0.862069 0.827586 0.344828 0.407686 
0.896552 0.827586 0.344828 0.490951 
0.931034 0.827586 0.344828 0.471178 
0.965517 0.827586 0.344828 0.502092 
1 0.827586 0.344828 0.476117 
0 0.862069 0.344828 0.494356 
0.0344828 0.862069 0.344828 0.49038 
0.0689655 0.862069 0.344828 0.47877 
0.103448 0.862069 0.344828 0.399398 
0.137931 0.862069 0.344828 0.407927 
0.172414 0.862069 0.344828 0.496627 
0.206897 0.862069 0.344828 0.491323 
0.241379 0.862069 0.344828 0.484739 
0.275862 0.862069 0.344828 0.49316 
0.310345 0.862069 0.344828 0.424194 
0.344828 0.862069 0.344828 0.426314 
0.37931 0.862069 0.344828 0.47451 
0.413793 0.862069 0.344828 0.493689 
0.448276 0.862069 0.344828 0.458738 
0.482759 0.862069 0.344828 0.441596 
0.517241 0.862069 0.344828 0.448165 
0.551724 0.862069 0.344828 0.513504 
0.586207 0.862069 0.344828 0.389904 
0.62069 0.862069 0.344828 0.481374 
0.655172 0.862069 0.344828 0.449937 
0.689655 0.862069 0.344828 0.423584 
0.724138 0.862069 0.344828 0.456584 
0.758621 0.862069 0.344828 0.496993 
0.793103 0.862069 0.344828 0.480487 
0.827586 0.862069 0.344828 0.424649 
0.862069 0.862069 0.344828 0.406643 
0.896552 0.862069 0.344828 0.47341 
0.931034 0.862069 0.344828 0.411145 
0.965517 0.862069 0.344828 0.399731 
1 0.862069 0.344828 0.482775 
0 0.896552 0.344828 0.407871 
0.0344828 0.896552 0.344828 0.521403 
0.0689655 0.896552 0.344828 0.405092 
0.103448 0.896552 0.344828 0.474771 
0.137931 0.896552 0.344828 0.503075 
0.172414 0.896552 0.344828 0.484432 
0.206897 0.896552 0.344828 0.482583 
0.241379 0.896552 0.344828 0.476228 
0.275862 0.896552 0.344828 0.415092 
0.310345 0.896552 0.344828 0.479502 
0.344828 0.896552 0.344828 0.397496 
0.37931 0.896552 0.344828 0.484191 
0.413793 0.896552 0.344828 0.486771 
0.448276 0.896552 0.344828 0.475032 
0.482759 0.896552 0.344828 0.517529 
0.517241 0.896552 0.344828 0.440397 
0.551724 0.896552 0.344828 0.481747 
0.586207 0.896552 0.344828 0.51702 
0.62069 0.896552 0.344828 0.433423 
0.655172 0.896552 0.344828 0.425106 
0.689655 0.896552 0.344828 0.388735 
0.724138 0.896552 0.344828 0.512538 
0.758621 0.896552 0.344828 0.468421 
0.793103 0.896552 0.344828 0.516778 
0.827586 0.896552 0.344828 0.492299 
0.862069 0.896552 0.344828 0.496538 
0.896552 0.896552 0.344828 0.41227 
0.931034 0.896552 0.344828 0.479869 
0.965517 0.896552 0.344828 0.487359 
1 0.896552 0.344828 0.41768 
0 0.931034 0.344828 0.462647 
0.0344828 0.931034 0.344828 0.478279 
0.0689655 0.931034 0.344828 0.412672 
0.103448 0.931034 0.344828 0.478785 
0.137931 0.931034 0.344828 0.404769 
0.172414 0.931034 0.344828 0.476548 
0.206897 0.931034 0.344828 0.491896 
0.241379 0.931034 0.344828 0.491335 
0.275862 0.931034 0.344828 0.486324 
0.310345 0.931034 0.344828 0.503563 
0.344828 0.931034 0.344828 0.394585 
0.37931 0.931034 0.344828 0.476902 
0.413793 0.931034 0.344828 0.458153 
0.448276 0.931034 0.344828 0.420462 
0.482759 0.931034 0.344828 0.488629 
0.517241 0.931034 0.344828 0.47726 
0.551724 0.931034 0.344828 0.432773 
0.586207 0.931034 0.344828 0.479497 
0.62069 0.931034 0.344828 0.437564 
0.655172 0.931034 0.344828 0.39771 
0.689655 0.931034 0.344828 0.51796 
0.724138 0.931034 0.344828 0.493565 
0.758621 0.931034 0.344828 0.493827 
0.793103 0.931034 0.344828 0.41789 
0.827586 0.931034 0.344828 0.462616 
0.862069 0.931034 0.344828 0.390811 
0.896552 0.931034 0.344828 0.420407 
0.931034 0.931034 0.344828 0.471982 
0.965517 0.931034 0.344828 0.477871 
1 0.931034 0.344828 0.48896 
0 0.965517 0.344828 0.428597 
0.0344828 0.965517 0.344828 0.519394 
0.0689655 0.965517 0.344828 0.407008 
0.103448 0.965517 0.344828 0.486339 
0.137931 0.965517 0.344828 0.408709 
0.172414 0.965517 0.344828 0.479489 
0.206897 0.965517 0.344828 0.406309 
0.241379 0.965517 0.344828 0.488194 
0.275862 0.965517 0.344828 0.407737 
0.310345 0.965517 0.344828 0.468533 
0.344828 0.965517 0.344828 0.474743 
0.37931 0.965517 0.344828 0.490335 
0.413793 0.965517 0.344828 0.478557 
0.448276 0.965517 0.344828 0.488072 
0.482759 0.965517 0.344828 0.514882 
0.517241 0.965517 0.344828 0.430074 
0.551724 0.965517 0.344828 0.503911 
0.586207 0.965517 0.344828 0.507268 
0.62069 0.965517 0.344828 0.387782 
0.655172 0.965517 0.344828 0.441279 
0.689655 0.965517 0.344828 0.499026 
0.724138 0.965517 0.344828 0.50779 
0.758621 0.965517 0.344828 0.389359 
0.793103 0.965517 0.344828 0.399106 
0.827586 0.965517 0.344828 0.431552 
0.862069 0.965517 0.344828 0.403643 
0.896552 0.965517 0.344828 0.393912 
0.931034 0.965517 0.344828 0.391643 
0.965517 0.965517 0.344828 0.503278 
1 0.965517 0.344828 0.471493 
0 1 0.344828 0.481409 
0.0344828 1 0.344828 0.410597 
0.0689655 1 0.344828 0.391182 
0.103448 1 0.344828 0.418933 
0.137931 1 0.344828 0.476973 
0.172414 1 0.344828 0.485451 
0.206897 1 0.344828 0.411139 
0.241379 1 0.344828 0.398038 
0.275862 1 0.344828 0.486905 
0.310345 1 0.344828 0.475494 
0.344828 1 0.344828 0.496146 
0.37931 1 0.344828 0.493587 
0.413793 1 0.344828 0.478596 
0.448276 1 0.344828 0.405135 
0.482759 1 0.344828 0.451187 
0.517241 1 0.344828 0.458616 
0.551724 1 0.344828 0.421296 
0.586207 1 0.344828 0.465717 
0.62069 1 0.344828 0.49341 
0.655172 1 0.344828 0.388718 
0.689655 1 0.344828 0.490113 
0.724138 1 0.344828 0.483247 
0.758621 1 0.344828 0.44555 
0.793103 1 0.344828 0.444488 
0.827586 1 0.344828 0.39794 
0.862069 1 0.344828 0.523419 
0.896552 1 0.344828 0.488264 
0.931034 1 0.344828 0.52051 
0.965517 1 0.344828 0.47752 
1 1 0.344828 0.402725 
0 0 0.37931 0.406325 
0.0344828 0 0.37931 0.406325 
0.0689655 0 0.37931 0.406325 
0.103448 0 0.37931 0.406325 
0.137931 0 0.37931 0.406325 
0.172414 0 0.37931 0.406325 
0.206897 0 0.37931 0.406325 
0.241379 0 0.37931 0.406325 
0.275862 0 0.37931 0.406325 
0.310345 0 0.37931 0.406325 
0.344828 0 0.37931 0.406325 
0.37931 0 0.37931 0.406325 
0.413793 0 0.37931 0.406325 
0.448276 0 0.37931 0.406325 
0.482759 0 0.37931 0.406325 
0.517241 0 0.37931 0.406325 
0.551724 0 0.37931 0.406325 
0.586207 0 0.37931 0.406325 
0.62069 0 0.37931 0.406325 
0.655172 0 0.37931 0.406325 
0.689655 0 0.37931 0.406325 
0.724138 0 0.37931 0.406325 
0.758621 0 0.37931 0.406325 
0.793103 0 0.37931 0.406325 
0.827586 0 0.37931 0.406325 
0.862069 0 0.37931 0.406325 
0.896552 0 0.37931 0.406325 
0.931034 0 0.37931 0.406325 
0.965517 0 0.37931 0.406325 
1 0 0.37931 0.406325 
0 0.0344828 0.37931 0.390121 
0.0344828 0.0344828 0.37931 0.457151 
0.0689655 0.0344828 0.37931 0.425412 
0.103448 0.0344828 0.37931 0.462652 
0.137931 0.0344828 0.37931 0.439106 
0.172414 0.0344828 0.37931 0.399109 
0.206897 0.0344828 0.37931 0.42907 
0.241379 0.0344828 0.37931 0.444317 
0.275862 0.0344828 0.37931 0.436569 
0.310345 0.0344828 0.37931 0.391246 
0.344828 0.0344828 0.37931 0.466943 
0.37931 0.0344828 0.37931 0.386402 
0.413793 0.0344828 0.37931 0.396205 
0.448276 0.0344828 0.37931 0.361719 
0.482759 0.0344828 0.37931 0.459013 
0.517241 0.0344828 0.37931 0.464589 
0.551724 0.0344828 0.37931 0.388288 
0.586207 0.0344828 0.37931 0.417656 
0.62069 0.0344828 0.37931 0.422627 
0.655172 0.0344828 0.37931 0.454739 
0.689655 0.0344828 0.37931 0.451385 
0.724138 0.0344828 0.37931 0.395927 
0.758621 0.0344828 0.37931 0.384254 
0.793103 0.0344828 0.37931 0.462087 
0.827586 0.0344828 0.37931 0.432251 
0.862069 0.0344828 0.37931 0.387132 
0.896552 0.0344828 0.37931 0.473843 
0.931034 0.0344828 0.37931 0.402414 
0.965517 0.0344828 0.37931 0.431955 
1 0.0344828 0.37931 0.388196 
0 0.0689655 0.37931 0.45952 
0.0344828 0.0689655 0.37931 0.443463 
0.0689655 0.0689655 0.37931 0.454727 
0.103448 0.0689655 0.37931 0.447988 
0.137931 0.0689655 0.37931 0.422577 
0.172414 0.0689655 0.37931 0.455558 
0.206897 0.0689655 0.37931 0.454572 
0.241379 0.0689655 0.37931 0.447712 
0.275862 0.0689655 0.37931 0.435267 
0.310345 0.0689655 0.37931 0.447039 
0.344828 0.0689655 0.37931 0.447536 
0.37931 0.0689655 0.37931 0.450467 
0.413793 0.0689655 0.37931 0.444335 
0.448276 0.0689655 0.37931 0.456518 
0.482759 0.0689655 0.37931 0.471832 
0.517241 0.0689655 0.37931 0.365173 
0.551724 0.0689655 0.37931 0.4555 
0.586207 0.0689655 0.37931 0.458597 
0.62069 0.0689655 0.37931 0.392677 
0.655172 0.0689655 0.37931 0.441398 
0.689655 0.0689655 0.37931 0.469811 
0.724138 0.0689655 0.37931 0.470185 
0.758621 0.0689655 0.37931 0.433096 
0.793103 0.0689655 0.37931 0.44267 
0.827586 0.0689655 0.37931 0.443219 
0.862069 0.0689655 0.37931 0.453088 
0.896552 0.0689655 0.37931 0.362733 
0.931034 0.0689655 0.37931 0.36252 
0.965517 0.0689655 0.37931 0.461585 
1 0.0689655 0.37931 0.384084 
0 0.103448 0.37931 0.459457 
0.0344828 0.103448 0.37931 0.450897 
0.0689655 0.103448 0.37931 0.45502 
0.103448 0.103448 0.37931 0.441633 
0.137931 0.103448 0.37931 0.453177 
0.172414 0.103448 0.37931 0.369549 
0.206897 0.103448 0.37931 0.375212 
0.241379 0.103448 0.37931 0.430981 
0.275862 0.103448 0.37931 0.367682 
0.310345 0.103448 0.37931 0.368363 
0.344828 0.103448 0.37931 0.456537 
0.37931 0.103448 0.37931 0.383332 
0.413793 0.103448 0.37931 0.382906 
0.448276 0.103448 0.37931 0.360372 
0.482759 0.103448 0.37931 0.430033 
0.517241 0.103448 0.37931 0.381026 
0.551724 0.103448 0.37931 0.444084 
0.586207 0.103448 0.37931 0.437984 
0.62069 0.103448 0.37931 0.44498 
0.655172 0.103448 0.37931 0.462474 
0.689655 0.103448 0.37931 0.458069 
0.724138 0.103448 0.37931 0.467738 
0.758621 0.103448 0.37931 0.450914 
0.793103 0.103448 0.37931 0.386885 
0.827586 0.103448 0.37931 0.454238 
0.862069 0.103448 0.37931 0.437738 
0.896552 0.103448 0.37931 0.363749 
0.931034 0.103448 0.37931 0.37417 
0.965517 0.103448 0.37931 0.385601 
1 0.103448 0.37931 0.440262 
0 0.137931 0.37931 0.42601 
0.0344828 0.137931 0.37931 0.45107 
0.0689655 0.137931 0.37931 0.451859 
0.103448 0.137931 0.37931 0.373836 
0.137931 0.137931 0.37931 0.452406 
0.172414 0.137931 0.37931 0.443383 
0.206897 0.137931 0.37931 0.440111 
0.241379 0.137931 0.37931 0.371442 
0.275862 0.137931 0.37931 0.444547 
0.310345 0.137931 0.37931 0.430764 
0.344828 0.137931 0.37931 0.374858 
0.37931 0.137931 0.37931 0.351886 
0.413793 0.137931 0.37931 0.373234 
0.448276 0.137931 0.37931 0.374778 
0.482759 0.137931 0.37931 0.454947 
0.517241 0.137931 0.37931 0.375125 
0.551724 0.137931 0.37931 0.44774 
0.586207 0.137931 0.37931 0.378492 
0.62069 0.137931 0.37931 0.375607 
0.655172 0.137931 0.37931 0.366932 
0.689655 0.137931 0.37931 0.447239 
0.724138 0.137931 0.37931 0.457329 
0.758621 0.137931 0.37931 0.449986 
0.793103 0.137931 0.37931 0.453045 
0.827586 0.137931 0.37931 0.375252 
0.862069 0.137931 0.37931 0.451534 
0.896552 0.137931 0.37931 0.444322 
0.931034 0.137931 0.37931 0.455324 
0.965517 0.137931 0.37931 0.451866 
1 0.137931 0.37931 0.382395 
0 0.172414 0.37931 0.45512 
0.0344828 0.172414 0.37931 0.373083 
0.0689655 0.172414 0.37931 0.453357 
0.103448 0.172414 0.37931 0.453343 
0.137931 0.172414 0.37931 0.459586 
0.172414 0.172414 0.37931 0.454828 
0.206897 0.172414 0.37931 0.441499 
0.241379 0.172414 0.37931 0.442235 
0.275862 0.172414 0.37931 0.3733 
0.310345 0.172414 0.37931 0.461476 
0.344828 0.172414 0.37931 0.442692 
0.37931 0.172414 0.37931 0.373148 
0.413793 0.172414 0.37931 0.447437 
0.448276 0.172414 0.37931 0.450164 
0.482759 0.172414 0.37931 0.438916 
0.517241 0.172414 0.37931 0.438186 
0.551724 0.172414 0.37931 0.453422 
0.586207 0.172414 0.37931 0.372442 
0.62069 0.172414 0.37931 0.344519 
0.655172 0.172414 0.37931 0.374003 
0.689655 0.172414 0.37931 0.374686 
0.724138 0.172414 0.37931 0.455029 
0.758621 0.172414 0.37931 0.436976 
0.793103 0.172414 0.37931 0.451243 
0.827586 0.172414 0.37931 0.373268 
0.862069 0.172414 0.37931 0.374229 
0.896552 0.172414 0.37931 0.433046 
0.931034 0.172414 0.37931 0.453 
0.965517 0.172414 0.37931 0.444177 
1 0.172414 0.37931 0.373678 
0 0.206897 0.37931 0.455569 
0.0344828 0.206897 0.37931 0.439206 
0.0689655 0.206897 0.37931 0.363462 
0.103448 0.206897 0.37931 0.45468 
0.137931 0.206897 0.37931 0.438236 
0.172414 0.206897 0.37931 0.366307 
0.206897 0.206897 0.37931 0.440577 
0.241379 0.206897 0.37931 0.45516 
0.275862 0.206897 0.37931 0.45331 
0.310345 0.206897 0.37931 0.456349 
0.344828 0.206897 0.37931 0.366627 
0.37931 0.206897 0.37931 0.352197 
0.413793 0.206897 0.37931 0.437321 
0.448276 0.206897 0.37931 0.368381 
0.482759 0.206897 0.37931 0.452622 
0.517241 0.206897 0.37931 0.369902 
0.551724 0.206897 0.37931 0.435683 
0.586207 0.206897 0.37931 0.37211 
0.62069 0.206897 0.37931 0.460568 
0.655172 0.206897 0.37931 0.372434 
0.689655 0.206897 0.37931 0.450433 
0.724138 0.206897 0.37931 0.450398 
0.758621 0.206897 0.37931 0.452022 
0.793103 0.206897 0.37931 0.437821 
0.827586 0.206897 0.37931 0.372444 
0.862069 0.206897 0.37931 0.45555 
0.896552 0.206897 0.37931 0.451034 
0.931034 0.206897 0.37931 0.450236 
0.965517 0.206897 0.37931 0.447211 
1 0.206897 0.37931 0.374134 
0 0.241379 0.37931 0.454481 
0.0344828 0.241379 0.37931 0.452409 
0.0689655 0.241379 0.37931 0.422844 
0.103448 0.241379 0.37931 0.378519 
0.137931 0.241379 0.37931 0.412224 
0.172414 0.241379 0.37931 0.385079 
0.206897 0.241379 0.37931 0.383091 
0.241379 0.241379 0.37931 0.430535 
0.275862 0.241379 0.37931 0.376304 
0.310345 0.241379 0.37931 0.364073 
0.344828 0.241379 0.37931 0.450214 
0.37931 0.241379 0.37931 0.364683 
0.413793 0.241379 0.37931 0.450421 
0.448276 0.241379 0.37931 0.401144 
0.482759 0.241379 0.37931 0.427166 
0.517241 0.241379 0.37931 0.440884 
0.551724 0.241379 0.37931 0.428776 
0.586207 0.241379 0.37931 0.449512 
0.62069 0.241379 0.37931 0.43904 
0.655172 0.241379 0.37931 0.375754 
0.689655 0.241379 0.37931 0.440621 
0.724138 0.241379 0.37931 0.369599 
0.758621 0.241379 0.37931 0.369079 
0.793103 0.241379 0.37931 0.450536 
0.827586 0.241379 0.37931 0.452408 
0.862069 0.241379 0.37931 0.460223 
0.896552 0.241379 0.37931 0.453247 
0.931034 0.241379 0.37931 0.444911 
0.965517 0.241379 0.37931 0.457685 
1 0.241379 0.37931 0.37231 
0 0.275862 0.37931 0.460341 
0.0344828 0.275862 0.37931 0.468046 
0.0689655 0.275862 0.37931 0.441543 
0.103448 0.275862 0.37931 0.426795 
0.137931 0.275862 0.37931 0.443852 
0.172414 0.275862 0.37931 0.400296 
0.206897 0.275862 0.37931 0.382023 
0.241379 0.275862 0.37931 0.361789 
0.275862 0.275862 0.37931 0.393707 
0.310345 0.275862 0.37931 0.43628 
0.344828 0.275862 0.37931 0.416369 
0.37931 0.275862 0.37931 0.432614 
0.413793 0.275862 0.37931 0.455158 
0.448276 0.275862 0.37931 0.443927 
0.482759 0.275862 0.37931 0.456549 
0.517241 0.275862 0.37931 0.439467 
0.551724 0.275862 0.37931 0.461895 
0.586207 0.275862 0.37931 0.465136 
0.62069 0.275862 0.37931 0.455426 
0.655172 0.275862 0.37931 0.445105 
0.689655 0.275862 0.37931 0.374508 
0.724138 0.275862 0.37931 0.467025 
0.758621 0.275862 0.37931 0.444366 
0.793103 0.275862 0.37931 0.4349 
0.827586 0.275862 0.37931 0.375165 
0.862069 0.275862 0.37931 0.439306 
0.896552 0.275862 0.37931 0.366745 
0.931034 0.275862 0.37931 0.448605 
0.965517 0.275862 0.37931 0.45264 
1 0.275862 0.37931 0.372248 
0 0.310345 0.37931 0.400863 
0.0344828 0.310345 0.37931 0.451501 
0.0689655 0.310345 0.37931 0.390764 
0.103448 0.310345 0.37931 0.456679 
0.137931 0.310345 0.37931 0.402248 
0.172414 0.310345 0.37931 0.458633 
0.206897 0.310345 0.37931 0.384375 
0.241379 0.310345 0.37931 0.447221 
0.275862 0.310345 0.37931 0.455338 
0.310345 0.310345 0.37931 0.384698 
0.344828 0.310345 0.37931 0.438301 
0.37931 0.310345 0.37931 0.45114 
0.413793 0.310345 0.37931 0.451943 
0.448276 0.310345 0.37931 0.448745 
0.482759 0.310345 0.37931 0.364216 
0.517241 0.310345 0.37931 0.419814 
0.551724 0.310345 0.37931 0.445285 
0.586207 0.310345 0.37931 0.458306 
0.62069 0.310345 0.37931 0.36103 
0.655172 0.310345 0.37931 0.434822 
0.689655 0.310345 0.37931 0.451111 
0.724138 0.310345 0.37931 0.349622 
0.758621 0.310345 0.37931 0.454862 
0.793103 0.310345 0.37931 0.450795 
0.827586 0.310345 0.37931 0.4191 
0.862069 0.310345 0.37931 0.462568 
0.896552 0.310345 0.37931 0.365558 
0.931034 0.310345 0.37931 0.370803 
0.965517 0.310345 0.37931 0.449462 
1 0.310345 0.37931 0.372012 
0 0.344828 0.37931 0.362102 
0.0344828 0.344828 0.37931 0.366749 
0.0689655 0.344828 0.37931 0.422705 
0.103448 0.344828 0.37931 0.400279 
0.137931 0.344828 0.37931 0.409523 
0.172414 0.344828 0.37931 0.454868 
0.206897 0.344828 0.37931 0.394333 
0.241379 0.344828 0.37931 0.363805 
0.275862 0.344828 0.37931 0.4541 
0.310345 0.344828 0.37931 0.446209 
0.344828 0.344828 0.37931 0.452235 
0.37931 0.344828 0.37931 0.443425 
0.413793 0.344828 0.37931 0.451396 
0.448276 0.344828 0.37931 0.445516 
0.482759 0.344828 0.37931 0.430542 
0.517241 0.344828 0.37931 0.364535 
0.551724 0.344828 0.37931 0.404473 
0.586207 0.344828 0.37931 0.377719 
0.62069 0.344828 0.37931 0.359333 
0.655172 0.344828 0.37931 0.377276 
0.689655 0.344828 0.37931 0.444462 
0.724138 0.344828 0.37931 0.456404 
0.758621 0.344828 0.37931 0.357761 
0.793103 0.344828 0.37931 0.443986 
0.827586 0.344828 0.37931 0.436814 
0.862069 0.344828 0.37931 0.381166 
0.896552 0.344828 0.37931 0.430076 
0.931034 0.344828 0.37931 0.4385 
0.965517 0.344828 0.37931 0.459125 
1 0.344828 0.37931 0.452927 
0 0.37931 0.37931 0.382325 
0.0344828 0.37931 0.37931 0.439089 
0.0689655 0.37931 0.37931 0.406492 
0.103448 0.37931 0.37931 0.463599 
0.137931 0.37931 0.37931 0.455351 
0.172414 0.37931 0.37931 0.388636 
0.206897 0.37931 0.37931 0.444851 
0.241379 0.37931 0.37931 0.389476 
0.275862 0.37931 0.37931 0.362203 
0.310345 0.37931 0.37931 0.455216 
0.344828 0.37931 0.37931 0.405418 
0.37931 0.37931 0.37931 0.455557 
0.413793 0.37931 0.37931 0.449713 
0.448276 0.37931 0.37931 0.400556 
0.482759 0.37931 0.37931 0.452446 
0.517241 0.37931 0.37931 0.409403 
0.551724 0.37931 0.37931 0.404235 
0.586207 0.37931 0.37931 0.440854 
0.62069 0.37931 0.37931 0.40124 
0.655172 0.37931 0.37931 0.383807 
0.689655 0.37931 0.37931 0.436754 
0.724138 0.37931 0.37931 0.444148 
0.758621 0.37931 0.37931 0.358121 
0.793103 0.37931 0.37931 0.448535 
0.827586 0.37931 0.37931 0.431068 
0.862069 0.37931 0.37931 0.455502 
0.896552 0.37931 0.37931 0.382976 
0.931034 0.37931 0.37931 0.372706 
0.965517 0.37931 0.37931 0.446433 
1 0.37931 0.37931 0.361862 
0 0.413793 0.37931 0.35842 
0.0344828 0.413793 0.37931 0.392808 
0.0689655 0.413793 0.37931 0.397293 
0.103448 0.413793 0.37931 0.398253 
0.137931 0.413793 0.37931 0.453106 
0.172414 0.413793 0.37931 0.451496 
0.206897 0.413793 0.37931 0.450501 
0.241379 0.413793 0.37931 0.406196 
0.275862 0.413793 0.37931 0.405818 
0.310345 0.413793 0.37931 0.43958 
0.344828 0.413793 0.37931 0.444399 
0.37931 0.413793 0.37931 0.396745 
0.413793 0.413793 0.37931 0.398493 
0.448276 0.413793 0.37931 0.3524 
0.482759 0.413793 0.37931 0.350606 
0.517241 0.413793 0.37931 0.462527 
0.551724 0.413793 0.37931 0.356331 
0.586207 0.413793 0.37931 0.400253 
0.62069 0.413793 0.37931 0.455587 
0.655172 0.413793 0.37931 0.378972 
0.689655 0.413793 0.37931 0.442352 
0.724138 0.413793 0.37931 0.47806 
0.758621 0.413793 0.37931 0.381442 
0.793103 0.413793 0.37931 0.37352 
0.827586 0.413793 0.37931 0.388619 
0.862069 0.413793 0.37931 0.440299 
0.896552 0.413793 0.37931 0.455637 
0.931034 0.413793 0.37931 0.440864 
0.965517 0.413793 0.37931 0.453413 
1 0.413793 0.37931 0.440177 
0 0.448276 0.37931 0.451878 
0.0344828 0.448276 0.37931 0.410161 
0.0689655 0.448276 0.37931 0.422169 
0.103448 0.448276 0.37931 0.422041 
0.137931 0.448276 0.37931 0.363803 
0.172414 0.448276 0.37931 0.36489 
0.206897 0.448276 0.37931 0.383514 
0.241379 0.448276 0.37931 0.43721 
0.275862 0.448276 0.37931 0.417876 
0.310345 0.448276 0.37931 0.392955 
0.344828 0.448276 0.37931 0.356192 
0.37931 0.448276 0.37931 0.454926 
0.413793 0.448276 0.37931 0.453491 
0.448276 0.448276 0.37931 0.468436 
0.482759 0.448276 0.37931 0.411004 
0.517241 0.448276 0.37931 0.454034 
0.551724 0.448276 0.37931 0.392584 
0.586207 0.448276 0.37931 0.404844 
0.62069 0.448276 0.37931 0.391858 
0.655172 0.448276 0.37931 0.412637 
0.689655 0.448276 0.37931 0.394656 
0.724138 0.448276 0.37931 0.392382 
0.758621 0.448276 0.37931 0.361373 
0.793103 0.448276 0.37931 0.397023 
0.827586 0.448276 0.37931 0.447419 
0.862069 0.448276 0.37931 0.452578 
0.896552 0.448276 0.37931 0.379652 
0.931034 0.448276 0.37931 0.42656 
0.965517 0.448276 0.37931 0.381025 
1 0.448276 0.37931 0.433315 
0 0.482759 0.37931 0.427183 
0.0344828 0.482759 0.37931 0.374795 
0.0689655 0.482759 0.37931 0.432169 
0.103448 0.482759 0.37931 0.402234 
0.137931 0.482759 0.37931 0.443474 
0.172414 0.482759 0.37931 0.367456 
0.206897 0.482759 0.37931 0.367369 
0.241379 0.482759 0.37931 0.440105 
0.275862 0.482759 0.37931 0.448577 
0.310345 0.482759 0.37931 0.428966 
0.344828 0.482759 0.37931 0.449905 
0.37931 0.482759 0.37931 0.417334 
0.413793 0.482759 0.37931 0.419775 
0.448276 0.482759 0.37931 0.38721 
0.482759 0.482759 0.37931 0.451247 
0.517241 0.482759 0.37931 0.434421 
0.551724 0.482759 0.37931 0.39372 
0.586207 0.482759 0.37931 0.403491 
0.62069 0.482759 0.37931 0.455836 
0.655172 0.482759 0.37931 0.385858 
0.689655 0.482759 0.37931 0.404368 
0.724138 0.482759 0.37931 0.408885 
0.758621 0.482759 0.37931 0.389527 
0.793103 0.482759 0.37931 0.434745 
0.827586 0.482759 0.37931 0.362218 
0.862069 0.482759 0.37931 0.447464 
0.896552 0.482759 0.37931 0.378538 
0.931034 0.482759 0.37931 0.378341 
0.965517 0.482759 0.37931 0.462224 
1 0.482759 0.37931 0.443084 
0 0.517241 0.37931 0.366392 
0.0344828 0.517241 0.37931 0.369733 
0.0689655 0.517241 0.37931 0.363275 
0.103448 0.517241 0.37931 0.437266 
0.137931 0.517241 0.37931 0.369161 
0.172414 0.517241 0.37931 0.408268 
0.206897 0.517241 0.37931 0.429737 
0.241379 0.517241 0.37931 0.436228 
0.275862 0.517241 0.37931 0.427379 
0.310345 0.517241 0.37931 0.444671 
0.344828 0.517241 0.37931 0.375791 
0.37931 0.517241 0.37931 0.442395 
0.413793 0.517241 0.37931 0.42024 
0.448276 0.517241 0.37931 0.444021 
0.482759 0.517241 0.37931 0.45917 
0.517241 0.517241 0.37931 0.415917 
0.551724 0.517241 0.37931 0.354308 
0.586207 0.517241 0.37931 0.388535 
0.62069 0.517241 0.37931 0.397957 
0.655172 0.517241 0.37931 0.417646 
0.689655 0.517241 0.37931 0.450141 
0.724138 0.517241 0.37931 0.454246 
0.758621 0.517241 0.37931 0.394397 
0.793103 0.517241 0.37931 0.393177 
0.827586 0.517241 0.37931 0.355026 
0.862069 0.517241 0.37931 0.444494 
0.896552 0.517241 0.37931 0.355277 
0.931034 0.517241 0.37931 0.390011 
0.965517 0.517241 0.37931 0.443015 
1 0.517241 0.37931 0.41824 
0 0.551724 0.37931 0.367299 
0.0344828 0.551724 0.37931 0.367426 
0.0689655 0.551724 0.37931 0.432732 
0.103448 0.551724 0.37931 0.364403 
0.137931 0.551724 0.37931 0.441542 
0.172414 0.551724 0.37931 0.433604 
0.206897 0.551724 0.37931 0.36951 
0.241379 0.551724 0.37931 0.420572 
0.275862 0.551724 0.37931 0.453701 
0.310345 0.551724 0.37931 0.372771 
0.344828 0.551724 0.37931 0.424542 
0.37931 0.551724 0.37931 0.355895 
0.413793 0.551724 0.37931 0.35963 
0.448276 0.551724 0.37931 0.422774 
0.482759 0.551724 0.37931 0.374681 
0.517241 0.551724 0.37931 0.410247 
0.551724 0.551724 0.37931 0.385294 
0.586207 0.551724 0.37931 0.41653 
0.62069 0.551724 0.37931 0.454711 
0.655172 0.551724 0.37931 0.446415 
0.689655 0.551724 0.37931 0.457566 
0.724138 0.551724 0.37931 0.445516 
0.758621 0.551724 0.37931 0.396392 
0.793103 0.551724 0.37931 0.400377 
0.827586 0.551724 0.37931 0.397762 
0.862069 0.551724 0.37931 0.448849 
0.896552 0.551724 0.37931 0.406699 
0.931034 0.551724 0.37931 0.465384 
0.965517 0.551724 0.37931 0.444585 
1 0.551724 0.37931 0.39108 
0 0.586207 0.37931 0.366487 
0.0344828 0.586207 0.37931 0.371771 
0.0689655 0.586207 0.37931 0.442324 
0.103448 0.586207 0.37931 0.455015 
0.137931 0.586207 0.37931 0.366531 
0.172414 0.586207 0.37931 0.366368 
0.206897 0.586207 0.37931 0.444751 
0.241379 0.586207 0.37931 0.437232 
0.275862 0.586207 0.37931 0.361514 
0.310345 0.586207 0.37931 0.448351 
0.344828 0.586207 0.37931 0.361382 
0.37931 0.586207 0.37931 0.402921 
0.413793 0.586207 0.37931 0.379708 
0.448276 0.586207 0.37931 0.434233 
0.482759 0.586207 0.37931 0.44229 
0.517241 0.586207 0.37931 0.376287 
0.551724 0.586207 0.37931 0.437964 
0.586207 0.586207 0.37931 0.355727 
0.62069 0.586207 0.37931 0.444867 
0.655172 0.586207 0.37931 0.446122 
0.689655 0.586207 0.37931 0.418939 
0.724138 0.586207 0.37931 0.409328 
0.758621 0.586207 0.37931 0.446241 
0.793103 0.586207 0.37931 0.43307 
0.827586 0.586207 0.37931 0.438514 
0.862069 0.586207 0.37931 0.441468 
0.896552 0.586207 0.37931 0.398166 
0.931034 0.586207 0.37931 0.39836 
0.965517 0.586207 0.37931 0.403682 
1 0.586207 0.37931 0.424372 
0 0.62069 0.37931 0.382678 
0.0344828 0.62069 0.37931 0.359259 
0.0689655 0.62069 0.37931 0.3653 
0.103448 0.62069 0.37931 0.443455 
0.137931 0.62069 0.37931 0.444648 
0.172414 0.62069 0.37931 0.433711 
0.206897 0.62069 0.37931 0.449706 
0.241379 0.62069 0.37931 0.442155 
0.275862 0.62069 0.37931 0.424581 
0.310345 0.62069 0.37931 0.362917 
0.344828 0.62069 0.37931 0.451241 
0.37931 0.62069 0.37931 0.374515 
0.413793 0.62069 0.37931 0.367146 
0.448276 0.62069 0.37931 0.374904 
0.482759 0.62069 0.37931 0.450388 
0.517241 0.62069 0.37931 0.443811 
0.551724 0.62069 0.37931 0.419461 
0.586207 0.62069 0.37931 0.434369 
0.62069 0.62069 0.37931 0.454233 
0.655172 0.62069 0.37931 0.419634 
0.689655 0.62069 0.37931 0.415416 
0.724138 0.62069 0.37931 0.434857 
0.758621 0.62069 0.37931 0.404883 
0.793103 0.62069 0.37931 0.386211 
0.827586 0.62069 0.37931 0.405177 
0.862069 0.62069 0.37931 0.410072 
0.896552 0.62069 0.37931 0.441691 
0.931034 0.62069 0.37931 0.408411 
0.965517 0.62069 0.37931 0.447514 
1 0.62069 0.37931 0.45342 
0 0.655172 0.37931 0.433418 
0.0344828 0.655172 0.37931 0.378385 
0.0689655 0.655172 0.37931 0.429866 
0.103448 0.655172 0.37931 0.449232 
0.137931 0.655172 0.37931 0.379658 
0.172414 0.655172 0.37931 0.450585 
0.206897 0.655172 0.37931 0.429393 
0.241379 0.655172 0.37931 0.44531 
0.275862 0.655172 0.37931 0.368114 
0.310345 0.655172 0.37931 0.429898 
0.344828 0.655172 0.37931 0.36544 
0.37931 0.655172 0.37931 0.366342 
0.413793 0.655172 0.37931 0.366859 
0.448276 0.655172 0.37931 0.36164 
0.482759 0.655172 0.37931 0.358375 
0.517241 0.655172 0.37931 0.367268 
0.551724 0.655172 0.37931 0.44749 
0.586207 0.655172 0.37931 0.356532 
0.62069 0.655172 0.37931 0.437502 
0.655172 0.655172 0.37931 0.4459 
0.689655 0.655172 0.37931 0.47418 
0.724138 0.655172 0.37931 0.426025 
0.758621 0.655172 0.37931 0.443723 
0.793103 0.655172 0.37931 0.437901 
0.827586 0.655172 0.37931 0.438511 
0.862069 0.655172 0.37931 0.426795 
0.896552 0.655172 0.37931 0.421897 
0.931034 0.655172 0.37931 0.401622 
0.965517 0.655172 0.37931 0.435939 
1 0.655172 0.37931 0.401591 
0 0.689655 0.37931 0.362054 
0.0344828 0.689655 0.37931 0.4399 
0.0689655 0.689655 0.37931 0.360891 
0.103448 0.689655 0.37931 0.354579 
0.137931 0.689655 0.37931 0.430389 
0.172414 0.689655 0.37931 0.431586 
0.206897 0.689655 0.37931 0.415415 
0.241379 0.689655 0.37931 0.430843 
0.275862 0.689655 0.37931 0.437718 
0.310345 0.689655 0.37931 0.437884 
0.344828 0.689655 0.37931 0.443793 
0.37931 0.689655 0.37931 0.36511 
0.413793 0.689655 0.37931 0.444189 
0.448276 0.689655 0.37931 0.443002 
0.482759 0.689655 0.37931 0.367746 
0.517241 0.689655 0.37931 0.443154 
0.551724 0.689655 0.37931 0.440784 
0.586207 0.689655 0.37931 0.432788 
0.62069 0.689655 0.37931 0.425082 
0.655172 0.689655 0.37931 0.447386 
0.689655 0.689655 0.37931 0.439045 
0.724138 0.689655 0.37931 0.371647 
0.758621 0.689655 0.37931 0.453517 
0.793103 0.689655 0.37931 0.428058 
0.827586 0.689655 0.37931 0.363468 
0.862069 0.689655 0.37931 0.412475 
0.896552 0.689655 0.37931 0.434806 
0.931034 0.689655 0.37931 0.385884 
0.965517 0.689655 0.37931 0.404925 
1 0.689655 0.37931 0.422633 
0 0.724138 0.37931 0.437189 
0.0344828 0.724138 0.37931 0.362076 
0.0689655 0.724138 0.37931 0.460513 
0.103448 0.724138 0.37931 0.373405 
0.137931 0.724138 0.37931 0.354231 
0.172414 0.724138 0.37931 0.37327 
0.206897 0.724138 0.37931 0.367579 
0.241379 0.724138 0.37931 0.422371 
0.275862 0.724138 0.37931 0.433304 
0.310345 0.724138 0.37931 0.427205 
0.344828 0.724138 0.37931 0.365717 
0.37931 0.724138 0.37931 0.441905 
0.413793 0.724138 0.37931 0.467504 
0.448276 0.724138 0.37931 0.43182 
0.482759 0.724138 0.37931 0.36483 
0.517241 0.724138 0.37931 0.428803 
0.551724 0.724138 0.37931 0.431044 
0.586207 0.724138 0.37931 0.43258 
0.62069 0.724138 0.37931 0.427936 
0.655172 0.724138 0.37931 0.368967 
0.689655 0.724138 0.37931 0.429385 
0.724138 0.724138 0.37931 0.449559 
0.758621 0.724138 0.37931 0.42036 
0.793103 0.724138 0.37931 0.372037 
0.827586 0.724138 0.37931 0.429817 
0.862069 0.724138 0.37931 0.428435 
0.896552 0.724138 0.37931 0.448901 
0.931034 0.724138 0.37931 0.429332 
0.965517 0.724138 0.37931 0.445562 
1 0.724138 0.37931 0.410797 
0 0.758621 0.37931 0.424408 
0.0344828 0.758621 0.37931 0.458471 
0.0689655 0.758621 0.37931 0.408883 
0.103448 0.758621 0.37931 0.404476 
0.137931 0.758621 0.37931 0.45336 
0.172414 0.758621 0.37931 0.402187 
0.206897 0.758621 0.37931 0.441033 
0.241379 0.758621 0.37931 0.437486 
0.275862 0.758621 0.37931 0.40802 
0.310345 0.758621 0.37931 0.353063 
0.344828 0.758621 0.37931 0.36731 
0.37931 0.758621 0.37931 0.426821 
0.413793 0.758621 0.37931 0.366411 
0.448276 0.758621 0.37931 0.412533 
0.482759 0.758621 0.37931 0.439207 
0.517241 0.758621 0.37931 0.428699 
0.551724 0.758621 0.37931 0.364131 
0.586207 0.758621 0.37931 0.366311 
0.62069 0.758621 0.37931 0.442086 
0.655172 0.758621 0.37931 0.442108 
0.689655 0.758621 0.37931 0.432855 
0.724138 0.758621 0.37931 0.449212 
0.758621 0.758621 0.37931 0.429765 
0.793103 0.758621 0.37931 0.447081 
0.827586 0.758621 0.37931 0.363465 
0.862069 0.758621 0.37931 0.451965 
0.896552 0.758621 0.37931 0.375442 
0.931034 0.758621 0.37931 0.387683 
0.965517 0.758621 0.37931 0.380157 
1 0.758621 0.37931 0.434819 
0 0.793103 0.37931 0.385699 
0.0344828 0.793103 0.37931 0.448113 
0.0689655 0.793103 0.37931 0.434981 
0.103448 0.793103 0.37931 0.438433 
0.137931 0.793103 0.37931 0.399513 
0.172414 0.793103 0.37931 0.434339 
0.206897 0.793103 0.37931 0.439827 
0.241379 0.793103 0.37931 0.377264 
0.275862 0.793103 0.37931 0.437931 
0.310345 0.793103 0.37931 0.449774 
0.344828 0.793103 0.37931 0.429009 
0.37931 0.793103 0.37931 0.426956 
0.413793 0.793103 0.37931 0.449743 
0.448276 0.793103 0.37931 0.366545 
0.482759 0.793103 0.37931 0.433173 
0.517241 0.793103 0.37931 0.427633 
0.551724 0.793103 0.37931 0.428779 
0.586207 0.793103 0.37931 0.363951 
0.62069 0.793103 0.37931 0.428145 
0.655172 0.793103 0.37931 0.442132 
0.689655 0.793103 0.37931 0.430543 
0.724138 0.793103 0.37931 0.424137 
0.758621 0.793103 0.37931 0.43175 
0.793103 0.793103 0.37931 0.441062 
0.827586 0.793103 0.37931 0.425292 
0.862069 0.793103 0.37931 0.426368 
0.896552 0.793103 0.37931 0.42177 
0.931034 0.793103 0.37931 0.430915 
0.965517 0.793103 0.37931 0.430644 
1 0.793103 0.37931 0.418242 
0 0.827586 0.37931 0.413882 
0.0344828 0.827586 0.37931 0.432624 
0.0689655 0.827586 0.37931 0.428731 
0.103448 0.827586 0.37931 0.40421 
0.137931 0.827586 0.37931 0.430047 
0.172414 0.827586 0.37931 0.452641 
0.206897 0.827586 0.37931 0.396937 
0.241379 0.827586 0.37931 0.447912 
0.275862 0.827586 0.37931 0.429667 
0.310345 0.827586 0.37931 0.440085 
0.344828 0.827586 0.37931 0.374267 
0.37931 0.827586 0.37931 0.378309 
0.413793 0.827586 0.37931 0.425745 
0.448276 0.827586 0.37931 0.448737 
0.482759 0.827586 0.37931 0.429079 
0.517241 0.827586 0.37931 0.448906 
0.551724 0.827586 0.37931 0.361901 
0.586207 0.827586 0.37931 0.365648 
0.62069 0.827586 0.37931 0.425368 
0.655172 0.827586 0.37931 0.441854 
0.689655 0.827586 0.37931 0.425087 
0.724138 0.827586 0.37931 0.436551 
0.758621 0.827586 0.37931 0.361755 
0.793103 0.827586 0.37931 0.401383 
0.827586 0.827586 0.37931 0.365481 
0.862069 0.827586 0.37931 0.416507 
0.896552 0.827586 0.37931 0.437154 
0.931034 0.827586 0.37931 0.433108 
0.965517 0.827586 0.37931 0.430452 
1 0.827586 0.37931 0.414841 
0 0.862069 0.37931 0.45516 
0.0344828 0.862069 0.37931 0.380022 
0.0689655 0.862069 0.37931 0.427088 
0.103448 0.862069 0.37931 0.423956 
0.137931 0.862069 0.37931 0.399656 
0.172414 0.862069 0.37931 0.428163 
0.206897 0.862069 0.37931 0.457954 
0.241379 0.862069 0.37931 0.440064 
0.275862 0.862069 0.37931 0.440789 
0.310345 0.862069 0.37931 0.375945 
0.344828 0.862069 0.37931 0.375069 
0.37931 0.862069 0.37931 0.437459 
0.413793 0.862069 0.37931 0.438123 
0.448276 0.862069 0.37931 0.428263 
0.482759 0.862069 0.37931 0.368908 
0.517241 0.862069 0.37931 0.36642 
0.551724 0.862069 0.37931 0.425333 
0.586207 0.862069 0.37931 0.370119 
0.62069 0.862069 0.37931 0.429584 
0.655172 0.862069 0.37931 0.441273 
0.689655 0.862069 0.37931 0.443226 
0.724138 0.862069 0.37931 0.363201 
0.758621 0.862069 0.37931 0.441549 
0.793103 0.862069 0.37931 0.444982 
0.827586 0.862069 0.37931 0.435632 
0.862069 0.862069 0.37931 0.361326 
0.896552 0.862069 0.37931 0.366446 
0.931034 0.862069 0.37931 0.415672 
0.965517 0.862069 0.37931 0.362214 
1 0.862069 0.37931 0.431296 
0 0.896552 0.37931 0.422768 
0.0344828 0.896552 0.37931 0.445031 
0.0689655 0.896552 0.37931 0.40244 
0.103448 0.896552 0.37931 0.452407 
0.137931 0.896552 0.37931 0.383164 
0.172414 0.896552 0.37931 0.374957 
0.206897 0.896552 0.37931 0.420666 
0.241379 0.896552 0.37931 0.394159 
0.275862 0.896552 0.37931 0.381957 
0.310345 0.896552 0.37931 0.386694 
0.344828 0.896552 0.37931 0.391145 
0.37931 0.896552 0.37931 0.428646 
0.413793 0.896552 0.37931 0.436639 
0.448276 0.896552 0.37931 0.419428 
0.482759 0.896552 0.37931 0.41504 
0.517241 0.896552 0.37931 0.369068 
0.551724 0.896552 0.37931 0.423031 
0.586207 0.896552 0.37931 0.431462 
0.62069 0.896552 0.37931 0.366385 
0.655172 0.896552 0.37931 0.446829 
0.689655 0.896552 0.37931 0.369498 
0.724138 0.896552 0.37931 0.423123 
0.758621 0.896552 0.37931 0.436163 
0.793103 0.896552 0.37931 0.437014 
0.827586 0.896552 0.37931 0.432273 
0.862069 0.896552 0.37931 0.43755 
0.896552 0.896552 0.37931 0.422706 
0.931034 0.896552 0.37931 0.429703 
0.965517 0.896552 0.37931 0.435186 
1 0.896552 0.37931 0.430317 
0 0.931034 0.37931 0.421111 
0.0344828 0.931034 0.37931 0.427565 
0.0689655 0.931034 0.37931 0.436154 
0.103448 0.931034 0.37931 0.382573 
0.137931 0.931034 0.37931 0.417987 
0.172414 0.931034 0.37931 0.43074 
0.206897 0.931034 0.37931 0.430626 
0.241379 0.931034 0.37931 0.434447 
0.275862 0.931034 0.37931 0.422111 
0.310345 0.931034 0.37931 0.38911 
0.344828 0.931034 0.37931 0.397317 
0.37931 0.931034 0.37931 0.410841 
0.413793 0.931034 0.37931 0.445699 
0.448276 0.931034 0.37931 0.380171 
0.482759 0.931034 0.37931 0.438576 
0.517241 0.931034 0.37931 0.398141 
0.551724 0.931034 0.37931 0.435505 
0.586207 0.931034 0.37931 0.433354 
0.62069 0.931034 0.37931 0.45205 
0.655172 0.931034 0.37931 0.372203 
0.689655 0.931034 0.37931 0.436042 
0.724138 0.931034 0.37931 0.438308 
0.758621 0.931034 0.37931 0.420578 
0.793103 0.931034 0.37931 0.426566 
0.827586 0.931034 0.37931 0.362672 
0.862069 0.931034 0.37931 0.362499 
0.896552 0.931034 0.37931 0.437286 
0.931034 0.931034 0.37931 0.364983 
0.965517 0.931034 0.37931 0.363368 
1 0.931034 0.37931 0.440081 
0 0.965517 0.37931 0.433618 
0.0344828 0.965517 0.37931 0.439882 
0.0689655 0.965517 0.37931 0.415634 
0.103448 0.965517 0.37931 0.436956 
0.137931 0.965517 0.37931 0.419479 
0.172414 0.965517 0.37931 0.432799 
0.206897 0.965517 0.37931 0.350787 
0.241379 0.965517 0.37931 0.373388 
0.275862 0.965517 0.37931 0.395695 
0.310345 0.965517 0.37931 0.442026 
0.344828 0.965517 0.37931 0.452797 
0.37931 0.965517 0.37931 0.447282 
0.413793 0.965517 0.37931 0.402036 
0.448276 0.965517 0.37931 0.43424 
0.482759 0.965517 0.37931 0.440897 
0.517241 0.965517 0.37931 0.358035 
0.551724 0.965517 0.37931 0.44539 
0.586207 0.965517 0.37931 0.431503 
0.62069 0.965517 0.37931 0.379073 
0.655172 0.965517 0.37931 0.365642 
0.689655 0.965517 0.37931 0.447506 
0.724138 0.965517 0.37931 0.433081 
0.758621 0.965517 0.37931 0.37145 
0.793103 0.965517 0.37931 0.365372 
0.827586 0.965517 0.37931 0.440581 
0.862069 0.965517 0.37931 0.363535 
0.896552 0.965517 0.37931 0.362821 
0.931034 0.965517 0.37931 0.362127 
0.965517 0.965517 0.37931 0.439541 
1 0.965517 0.37931 0.437015 
0 1 0.37931 0.424405 
0.0344828 1 0.37931 0.433239 
0.0689655 1 0.37931 0.355806 
0.103448 1 0.37931 0.430711 
0.137931 1 0.37931 0.433662 
0.172414 1 0.37931 0.370532 
0.206897 1 0.37931 0.424697 
0.241379 1 0.37931 0.403239 
0.275862 1 0.37931 0.455332 
0.310345 1 0.37931 0.435778 
0.344828 1 0.37931 0.421485 
0.37931 1 0.37931 0.436191 
0.413793 1 0.37931 0.382302 
0.448276 1 0.37931 0.384085 
0.482759 1 0.37931 0.446785 
0.517241 1 0.37931 0.440165 
0.551724 1 0.37931 0.381006 
0.586207 1 0.37931 0.420796 
0.62069 1 0.37931 0.447006 
0.655172 1 0.37931 0.379864 
0.689655 1 0.37931 0.425347 
0.724138 1 0.37931 0.434076 
0.758621 1 0.37931 0.36414 
0.793103 1 0.37931 0.363604 
0.827586 1 0.37931 0.394689 
0.862069 1 0.37931 0.430572 
0.896552 1 0.37931 0.42333 
0.931034 1 0.37931 0.436093 
0.965517 1 0.37931 0.431447 
1 1 0.37931 0.360543 
0 0 0.413793 0.3354 
0.0344828 0 0.413793 0.3354 
0.0689655 0 0.413793 0.3354 
0.103448 0 0.413793 0.3354 
0.137931 0 0.413793 0.3354 
0.172414 0 0.413793 0.3354 
0.206897 0 0.413793 0.3354 
0.241379 0 0.413793 0.3354 
0.275862 0 0.413793 0.3354 
0.310345 0 0.413793 0.3354 
0.344828 0 0.413793 0.3354 
0.37931 0 0.413793 0.3354 
0.413793 0 0.413793 0.3354 
0.448276 0 0.413793 0.3354 
0.482759 0 0.413793 0.3354 
0.517241 0 0.413793 0.3354 
0.551724 0 0.413793 0.3354 
0.586207 0 0.413793 0.3354 
0.62069 0 0.413793 0.3354 
0.655172 0 0.413793 0.3354 
0.689655 0 0.413793 0.3354 
0.724138 0 0.413793 0.3354 
0.758621 0 0.413793 0.3354 
0.793103 0 0.413793 0.3354 
0.827586 0 0.413793 0.3354 
0.862069 0 0.413793 0.3354 
0.896552 0 0.413793 0.3354 
0.931034 0 0.413793 0.3354 
0.965517 0 0.413793 0.3354 
1 0 0.413793 0.3354 
0 0.0344828 0.413793 0.343745 
0.0344828 0.0344828 0.413793 0.37579 
0.0689655 0.0344828 0.413793 0.383057 
0.103448 0.0344828 0.413793 0.379155 
0.137931 0.0344828 0.413793 0.40063 
0.172414 0.0344828 0.413793 0.321797 
0.206897 0.0344828 0.413793 0.376804 
0.241379 0.0344828 0.413793 0.39444 
0.275862 0.0344828 0.413793 0.420455 
0.310345 0.0344828 0.413793 0.345976 
0.344828 0.0344828 0.413793 0.374125 
0.37931 0.0344828 0.413793 0.355785 
0.413793 0.0344828 0.413793 0.341648 
0.448276 0.0344828 0.413793 0.364528 
0.482759 0.0344828 0.413793 0.407007 
0.517241 0.0344828 0.413793 0.375213 
0.551724 0.0344828 0.413793 0.345515 
0.586207 0.0344828 0.413793 0.406848 
0.62069 0.0344828 0.413793 0.402722 
0.655172 0.0344828 0.413793 0.405646 
0.689655 0.0344828 0.413793 0.385507 
0.724138 0.0344828 0.413793 0.326635 
0.758621 0.0344828 0.413793 0.350939 
0.793103 0.0344828 0.413793 0.398484 
0.827586 0.0344828 0.413793 0.387374 
0.862069 0.0344828 0.413793 0.351427 
0.896552 0.0344828 0.413793 0.364751 
0.931034 0.0344828 0.413793 0.342891 
0.965517 0.0344828 0.413793 0.387655 
1 0.0344828 0.413793 0.347186 
0 0.0689655 0.413793 0.392148 
0.0344828 0.0689655 0.413793 0.392485 
0.0689655 0.0689655 0.413793 0.406757 
0.103448 0.0689655 0.413793 0.421433 
0.137931 0.0689655 0.413793 0.393468 
0.172414 0.0689655 0.413793 0.407838 
0.206897 0.0689655 0.413793 0.401558 
0.241379 0.0689655 0.413793 0.393737 
0.275862 0.0689655 0.413793 0.409292 
0.310345 0.0689655 0.413793 0.372839 
0.344828 0.0689655 0.413793 0.365877 
0.37931 0.0689655 0.413793 0.402027 
0.413793 0.0689655 0.413793 0.392602 
0.448276 0.0689655 0.413793 0.407622 
0.482759 0.0689655 0.413793 0.366273 
0.517241 0.0689655 0.413793 0.360662 
0.551724 0.0689655 0.413793 0.415038 
0.586207 0.0689655 0.413793 0.369671 
0.62069 0.0689655 0.413793 0.322161 
0.655172 0.0689655 0.413793 0.394019 
0.689655 0.0689655 0.413793 0.367738 
0.724138 0.0689655 0.413793 0.384494 
0.758621 0.0689655 0.413793 0.418963 
0.793103 0.0689655 0.413793 0.383371 
0.827586 0.0689655 0.413793 0.354372 
0.862069 0.0689655 0.413793 0.362365 
0.896552 0.0689655 0.413793 0.361936 
0.931034 0.0689655 0.413793 0.364308 
0.965517 0.0689655 0.413793 0.366153 
1 0.0689655 0.413793 0.352051 
0 0.103448 0.413793 0.353275 
0.0344828 0.103448 0.413793 0.404819 
0.0689655 0.103448 0.413793 0.411104 
0.103448 0.103448 0.413793 0.40175 
0.137931 0.103448 0.413793 0.387269 
0.172414 0.103448 0.413793 0.370543 
0.206897 0.103448 0.413793 0.328568 
0.241379 0.103448 0.413793 0.40615 
0.275862 0.103448 0.413793 0.372395 
0.310345 0.103448 0.413793 0.358796 
0.344828 0.103448 0.413793 0.401028 
0.37931 0.103448 0.413793 0.314888 
0.413793 0.103448 0.413793 0.322695 
0.448276 0.103448 0.413793 0.385711 
0.482759 0.103448 0.413793 0.388714 
0.517241 0.103448 0.413793 0.33656 
0.551724 0.103448 0.413793 0.393198 
0.586207 0.103448 0.413793 0.405562 
0.62069 0.103448 0.413793 0.354847 
0.655172 0.103448 0.413793 0.365999 
0.689655 0.103448 0.413793 0.407557 
0.724138 0.103448 0.413793 0.358834 
0.758621 0.103448 0.413793 0.418068 
0.793103 0.103448 0.413793 0.322846 
0.827586 0.103448 0.413793 0.367674 
0.862069 0.103448 0.413793 0.407287 
0.896552 0.103448 0.413793 0.36492 
0.931034 0.103448 0.413793 0.362363 
0.965517 0.103448 0.413793 0.327313 
1 0.103448 0.413793 0.397097 
0 0.137931 0.413793 0.392511 
0.0344828 0.137931 0.413793 0.342147 
0.0689655 0.137931 0.413793 0.403109 
0.103448 0.137931 0.413793 0.328645 
0.137931 0.137931 0.413793 0.353572 
0.172414 0.137931 0.413793 0.34563 
0.206897 0.137931 0.413793 0.393722 
0.241379 0.137931 0.413793 0.379425 
0.275862 0.137931 0.413793 0.398683 
0.310345 0.137931 0.413793 0.403651 
0.344828 0.137931 0.413793 0.329226 
0.37931 0.137931 0.413793 0.362714 
0.413793 0.137931 0.413793 0.370063 
0.448276 0.137931 0.413793 0.379542 
0.482759 0.137931 0.413793 0.406355 
0.517241 0.137931 0.413793 0.36726 
0.551724 0.137931 0.413793 0.361479 
0.586207 0.137931 0.413793 0.323181 
0.62069 0.137931 0.413793 0.359736 
0.655172 0.137931 0.413793 0.380172 
0.689655 0.137931 0.413793 0.411394 
0.724138 0.137931 0.413793 0.358205 
0.758621 0.137931 0.413793 0.41988 
0.793103 0.137931 0.413793 0.396781 
0.827586 0.137931 0.413793 0.369256 
0.862069 0.137931 0.413793 0.361695 
0.896552 0.137931 0.413793 0.400519 
0.931034 0.137931 0.413793 0.396472 
0.965517 0.137931 0.413793 0.394381 
1 0.137931 0.413793 0.323058 
0 0.172414 0.413793 0.408612 
0.0344828 0.172414 0.413793 0.377776 
0.0689655 0.172414 0.413793 0.404135 
0.103448 0.172414 0.413793 0.400077 
0.137931 0.172414 0.413793 0.414881 
0.172414 0.172414 0.413793 0.410948 
0.206897 0.172414 0.413793 0.405248 
0.241379 0.172414 0.413793 0.411012 
0.275862 0.172414 0.413793 0.329489 
0.310345 0.172414 0.413793 0.409188 
0.344828 0.172414 0.413793 0.397165 
0.37931 0.172414 0.413793 0.36889 
0.413793 0.172414 0.413793 0.399729 
0.448276 0.172414 0.413793 0.40678 
0.482759 0.172414 0.413793 0.41258 
0.517241 0.172414 0.413793 0.398358 
0.551724 0.172414 0.413793 0.345709 
0.586207 0.172414 0.413793 0.377093 
0.62069 0.172414 0.413793 0.375153 
0.655172 0.172414 0.413793 0.358695 
0.689655 0.172414 0.413793 0.329366 
0.724138 0.172414 0.413793 0.34689 
0.758621 0.172414 0.413793 0.39279 
0.793103 0.172414 0.413793 0.410875 
0.827586 0.172414 0.413793 0.368257 
0.862069 0.172414 0.413793 0.36957 
0.896552 0.172414 0.413793 0.402745 
0.931034 0.172414 0.413793 0.403057 
0.965517 0.172414 0.413793 0.356268 
1 0.172414 0.413793 0.367325 
0 0.206897 0.413793 0.391649 
0.0344828 0.206897 0.413793 0.335428 
0.0689655 0.206897 0.413793 0.32628 
0.103448 0.206897 0.413793 0.409115 
0.137931 0.206897 0.413793 0.335923 
0.172414 0.206897 0.413793 0.32754 
0.206897 0.206897 0.413793 0.357172 
0.241379 0.206897 0.413793 0.410885 
0.275862 0.206897 0.413793 0.405084 
0.310345 0.206897 0.413793 0.405157 
0.344828 0.206897 0.413793 0.324836 
0.37931 0.206897 0.413793 0.387681 
0.413793 0.206897 0.413793 0.321031 
0.448276 0.206897 0.413793 0.323127 
0.482759 0.206897 0.413793 0.401463 
0.517241 0.206897 0.413793 0.332052 
0.551724 0.206897 0.413793 0.399782 
0.586207 0.206897 0.413793 0.386512 
0.62069 0.206897 0.413793 0.342101 
0.655172 0.206897 0.413793 0.369807 
0.689655 0.206897 0.413793 0.411568 
0.724138 0.206897 0.413793 0.384944 
0.758621 0.206897 0.413793 0.352982 
0.793103 0.206897 0.413793 0.395349 
0.827586 0.206897 0.413793 0.37624 
0.862069 0.206897 0.413793 0.424259 
0.896552 0.206897 0.413793 0.419634 
0.931034 0.206897 0.413793 0.34792 
0.965517 0.206897 0.413793 0.407336 
1 0.206897 0.413793 0.358732 
0 0.241379 0.413793 0.399529 
0.0344828 0.241379 0.413793 0.406302 
0.0689655 0.241379 0.413793 0.33282 
0.103448 0.241379 0.413793 0.386349 
0.137931 0.241379 0.413793 0.33501 
0.172414 0.241379 0.413793 0.331087 
0.206897 0.241379 0.413793 0.400036 
0.241379 0.241379 0.413793 0.334889 
0.275862 0.241379 0.413793 0.397833 
0.310345 0.241379 0.413793 0.3267 
0.344828 0.241379 0.413793 0.381952 
0.37931 0.241379 0.413793 0.326779 
0.413793 0.241379 0.413793 0.343048 
0.448276 0.241379 0.413793 0.389945 
0.482759 0.241379 0.413793 0.38912 
0.517241 0.241379 0.413793 0.385798 
0.551724 0.241379 0.413793 0.334504 
0.586207 0.241379 0.413793 0.406173 
0.62069 0.241379 0.413793 0.336626 
0.655172 0.241379 0.413793 0.372775 
0.689655 0.241379 0.413793 0.391402 
0.724138 0.241379 0.413793 0.32346 
0.758621 0.241379 0.413793 0.370804 
0.793103 0.241379 0.413793 0.399183 
0.827586 0.241379 0.413793 0.400515 
0.862069 0.241379 0.413793 0.403683 
0.896552 0.241379 0.413793 0.409535 
0.931034 0.241379 0.413793 0.342301 
0.965517 0.241379 0.413793 0.405039 
1 0.241379 0.413793 0.364674 
0 0.275862 0.413793 0.389379 
0.0344828 0.275862 0.413793 0.39696 
0.0689655 0.275862 0.413793 0.401927 
0.103448 0.275862 0.413793 0.332208 
0.137931 0.275862 0.413793 0.399939 
0.172414 0.275862 0.413793 0.401324 
0.206897 0.275862 0.413793 0.39635 
0.241379 0.275862 0.413793 0.330589 
0.275862 0.275862 0.413793 0.394881 
0.310345 0.275862 0.413793 0.388321 
0.344828 0.275862 0.413793 0.331877 
0.37931 0.275862 0.413793 0.335295 
0.413793 0.275862 0.413793 0.401264 
0.448276 0.275862 0.413793 0.334586 
0.482759 0.275862 0.413793 0.412705 
0.517241 0.275862 0.413793 0.37847 
0.551724 0.275862 0.413793 0.408726 
0.586207 0.275862 0.413793 0.391816 
0.62069 0.275862 0.413793 0.409064 
0.655172 0.275862 0.413793 0.335496 
0.689655 0.275862 0.413793 0.354276 
0.724138 0.275862 0.413793 0.400112 
0.758621 0.275862 0.413793 0.339219 
0.793103 0.275862 0.413793 0.378513 
0.827586 0.275862 0.413793 0.388056 
0.862069 0.275862 0.413793 0.392543 
0.896552 0.275862 0.413793 0.322912 
0.931034 0.275862 0.413793 0.339455 
0.965517 0.275862 0.413793 0.341953 
1 0.275862 0.413793 0.376697 
0 0.310345 0.413793 0.404859 
0.0344828 0.310345 0.413793 0.400452 
0.0689655 0.310345 0.413793 0.410302 
0.103448 0.310345 0.413793 0.399596 
0.137931 0.310345 0.413793 0.391531 
0.172414 0.310345 0.413793 0.397383 
0.206897 0.310345 0.413793 0.391312 
0.241379 0.310345 0.413793 0.384114 
0.275862 0.310345 0.413793 0.387467 
0.310345 0.310345 0.413793 0.398864 
0.344828 0.310345 0.413793 0.402229 
0.37931 0.310345 0.413793 0.400635 
0.413793 0.310345 0.413793 0.378137 
0.448276 0.310345 0.413793 0.40224 
0.482759 0.310345 0.413793 0.331886 
0.517241 0.310345 0.413793 0.30709 
0.551724 0.310345 0.413793 0.389949 
0.586207 0.310345 0.413793 0.401086 
0.62069 0.310345 0.413793 0.328858 
0.655172 0.310345 0.413793 0.335325 
0.689655 0.310345 0.413793 0.398502 
0.724138 0.310345 0.413793 0.382145 
0.758621 0.310345 0.413793 0.400014 
0.793103 0.310345 0.413793 0.398635 
0.827586 0.310345 0.413793 0.3342 
0.862069 0.310345 0.413793 0.403138 
0.896552 0.310345 0.413793 0.324002 
0.931034 0.310345 0.413793 0.326575 
0.965517 0.310345 0.413793 0.391961 
1 0.310345 0.413793 0.381482 
0 0.344828 0.413793 0.335044 
0.0344828 0.344828 0.413793 0.329821 
0.0689655 0.344828 0.413793 0.391129 
0.103448 0.344828 0.413793 0.402581 
0.137931 0.344828 0.413793 0.326601 
0.172414 0.344828 0.413793 0.4005 
0.206897 0.344828 0.413793 0.335487 
0.241379 0.344828 0.413793 0.331249 
0.275862 0.344828 0.413793 0.379868 
0.310345 0.344828 0.413793 0.394963 
0.344828 0.344828 0.413793 0.396597 
0.37931 0.344828 0.413793 0.388937 
0.413793 0.344828 0.413793 0.385293 
0.448276 0.344828 0.413793 0.393912 
0.482759 0.344828 0.413793 0.387914 
0.517241 0.344828 0.413793 0.331388 
0.551724 0.344828 0.413793 0.396749 
0.586207 0.344828 0.413793 0.383618 
0.62069 0.344828 0.413793 0.330252 
0.655172 0.344828 0.413793 0.391046 
0.689655 0.344828 0.413793 0.397328 
0.724138 0.344828 0.413793 0.39307 
0.758621 0.344828 0.413793 0.327887 
0.793103 0.344828 0.413793 0.40018 
0.827586 0.344828 0.413793 0.387224 
0.862069 0.344828 0.413793 0.396004 
0.896552 0.344828 0.413793 0.333893 
0.931034 0.344828 0.413793 0.337726 
0.965517 0.344828 0.413793 0.405492 
1 0.344828 0.413793 0.400605 
0 0.37931 0.413793 0.343541 
0.0344828 0.37931 0.413793 0.40306 
0.0689655 0.37931 0.413793 0.404495 
0.103448 0.37931 0.413793 0.380324 
0.137931 0.37931 0.413793 0.396496 
0.172414 0.37931 0.413793 0.340657 
0.206897 0.37931 0.413793 0.399525 
0.241379 0.37931 0.413793 0.339053 
0.275862 0.37931 0.413793 0.340522 
0.310345 0.37931 0.413793 0.405511 
0.344828 0.37931 0.413793 0.396801 
0.37931 0.37931 0.413793 0.395357 
0.413793 0.37931 0.413793 0.400273 
0.448276 0.37931 0.413793 0.395896 
0.482759 0.37931 0.413793 0.392123 
0.517241 0.37931 0.413793 0.332066 
0.551724 0.37931 0.413793 0.333247 
0.586207 0.37931 0.413793 0.384572 
0.62069 0.37931 0.413793 0.394941 
0.655172 0.37931 0.413793 0.396621 
0.689655 0.37931 0.413793 0.37452 
0.724138 0.37931 0.413793 0.399094 
0.758621 0.37931 0.413793 0.330146 
0.793103 0.37931 0.413793 0.391831 
0.827586 0.37931 0.413793 0.393164 
0.862069 0.37931 0.413793 0.388797 
0.896552 0.37931 0.413793 0.40877 
0.931034 0.37931 0.413793 0.375463 
0.965517 0.37931 0.413793 0.399676 
1 0.37931 0.413793 0.306318 
0 0.413793 0.413793 0.355608 
0.0344828 0.413793 0.413793 0.317408 
0.0689655 0.413793 0.413793 0.391558 
0.103448 0.413793 0.413793 0.31675 
0.137931 0.413793 0.413793 0.373526 
0.172414 0.413793 0.413793 0.371324 
0.206897 0.413793 0.413793 0.402352 
0.241379 0.413793 0.413793 0.397536 
0.275862 0.413793 0.413793 0.319704 
0.310345 0.413793 0.413793 0.378877 
0.344828 0.413793 0.413793 0.382272 
0.37931 0.413793 0.413793 0.328267 
0.413793 0.413793 0.413793 0.336348 
0.448276 0.413793 0.413793 0.340493 
0.482759 0.413793 0.413793 0.34144 
0.517241 0.413793 0.413793 0.395844 
0.551724 0.413793 0.413793 0.337169 
0.586207 0.413793 0.413793 0.407215 
0.62069 0.413793 0.413793 0.391501 
0.655172 0.413793 0.413793 0.380567 
0.689655 0.413793 0.413793 0.383332 
0.724138 0.413793 0.413793 0.408186 
0.758621 0.413793 0.413793 0.393943 
0.793103 0.413793 0.413793 0.385603 
0.827586 0.413793 0.413793 0.417254 
0.862069 0.413793 0.413793 0.387224 
0.896552 0.413793 0.413793 0.378621 
0.931034 0.413793 0.413793 0.399765 
0.965517 0.413793 0.413793 0.404471 
1 0.413793 0.413793 0.400089 
0 0.448276 0.413793 0.393378 
0.0344828 0.448276 0.413793 0.378781 
0.0689655 0.448276 0.413793 0.403458 
0.103448 0.448276 0.413793 0.406459 
0.137931 0.448276 0.413793 0.329459 
0.172414 0.448276 0.413793 0.348203 
0.206897 0.448276 0.413793 0.34361 
0.241379 0.448276 0.413793 0.38658 
0.275862 0.448276 0.413793 0.395771 
0.310345 0.448276 0.413793 0.389701 
0.344828 0.448276 0.413793 0.348059 
0.37931 0.448276 0.413793 0.39794 
0.413793 0.448276 0.413793 0.397129 
0.448276 0.448276 0.413793 0.377565 
0.482759 0.448276 0.413793 0.407272 
0.517241 0.448276 0.413793 0.386346 
0.551724 0.448276 0.413793 0.33557 
0.586207 0.448276 0.413793 0.331521 
0.62069 0.448276 0.413793 0.40091 
0.655172 0.448276 0.413793 0.323836 
0.689655 0.448276 0.413793 0.333872 
0.724138 0.448276 0.413793 0.398697 
0.758621 0.448276 0.413793 0.329736 
0.793103 0.448276 0.413793 0.330131 
0.827586 0.448276 0.413793 0.396795 
0.862069 0.448276 0.413793 0.404504 
0.896552 0.448276 0.413793 0.38726 
0.931034 0.448276 0.413793 0.330088 
0.965517 0.448276 0.413793 0.395786 
1 0.448276 0.413793 0.403049 
0 0.482759 0.413793 0.394693 
0.0344828 0.482759 0.413793 0.365306 
0.0689655 0.482759 0.413793 0.406751 
0.103448 0.482759 0.413793 0.340736 
0.137931 0.482759 0.413793 0.351045 
0.172414 0.482759 0.413793 0.346382 
0.206897 0.482759 0.413793 0.325371 
0.241379 0.482759 0.413793 0.35015 
0.275862 0.482759 0.413793 0.395952 
0.310345 0.482759 0.413793 0.377487 
0.344828 0.482759 0.413793 0.398554 
0.37931 0.482759 0.413793 0.373339 
0.413793 0.482759 0.413793 0.412407 
0.448276 0.482759 0.413793 0.339757 
0.482759 0.482759 0.413793 0.381071 
0.517241 0.482759 0.413793 0.37351 
0.551724 0.482759 0.413793 0.335575 
0.586207 0.482759 0.413793 0.404077 
0.62069 0.482759 0.413793 0.381069 
0.655172 0.482759 0.413793 0.392309 
0.689655 0.482759 0.413793 0.392829 
0.724138 0.482759 0.413793 0.380155 
0.758621 0.482759 0.413793 0.399805 
0.793103 0.482759 0.413793 0.39399 
0.827586 0.482759 0.413793 0.329391 
0.862069 0.482759 0.413793 0.398873 
0.896552 0.482759 0.413793 0.380617 
0.931034 0.482759 0.413793 0.382143 
0.965517 0.482759 0.413793 0.417049 
1 0.482759 0.413793 0.375155 
0 0.517241 0.413793 0.370536 
0.0344828 0.517241 0.413793 0.366843 
0.0689655 0.517241 0.413793 0.371345 
0.103448 0.517241 0.413793 0.398415 
0.137931 0.517241 0.413793 0.36057 
0.172414 0.517241 0.413793 0.396544 
0.206897 0.517241 0.413793 0.408581 
0.241379 0.517241 0.413793 0.363833 
0.275862 0.517241 0.413793 0.399023 
0.310345 0.517241 0.413793 0.368622 
0.344828 0.517241 0.413793 0.345848 
0.37931 0.517241 0.413793 0.389418 
0.413793 0.517241 0.413793 0.385147 
0.448276 0.517241 0.413793 0.3984 
0.482759 0.517241 0.413793 0.401807 
0.517241 0.517241 0.413793 0.407334 
0.551724 0.517241 0.413793 0.348168 
0.586207 0.517241 0.413793 0.339149 
0.62069 0.517241 0.413793 0.33537 
0.655172 0.517241 0.413793 0.382549 
0.689655 0.517241 0.413793 0.370549 
0.724138 0.517241 0.413793 0.378905 
0.758621 0.517241 0.413793 0.402283 
0.793103 0.517241 0.413793 0.397126 
0.827586 0.517241 0.413793 0.337991 
0.862069 0.517241 0.413793 0.37776 
0.896552 0.517241 0.413793 0.335345 
0.931034 0.517241 0.413793 0.400928 
0.965517 0.517241 0.413793 0.400127 
1 0.517241 0.413793 0.324797 
0 0.551724 0.413793 0.374707 
0.0344828 0.551724 0.413793 0.373075 
0.0689655 0.551724 0.413793 0.344302 
0.103448 0.551724 0.413793 0.387659 
0.137931 0.551724 0.413793 0.340397 
0.172414 0.551724 0.413793 0.391774 
0.206897 0.551724 0.413793 0.360529 
0.241379 0.551724 0.413793 0.403957 
0.275862 0.551724 0.413793 0.37494 
0.310345 0.551724 0.413793 0.354148 
0.344828 0.551724 0.413793 0.40481 
0.37931 0.551724 0.413793 0.360281 
0.413793 0.551724 0.413793 0.356476 
0.448276 0.551724 0.413793 0.378123 
0.482759 0.551724 0.413793 0.346995 
0.517241 0.551724 0.413793 0.408621 
0.551724 0.551724 0.413793 0.337769 
0.586207 0.551724 0.413793 0.407803 
0.62069 0.551724 0.413793 0.390345 
0.655172 0.551724 0.413793 0.398745 
0.689655 0.551724 0.413793 0.393746 
0.724138 0.551724 0.413793 0.399059 
0.758621 0.551724 0.413793 0.33479 
0.793103 0.551724 0.413793 0.39916 
0.827586 0.551724 0.413793 0.331424 
0.862069 0.551724 0.413793 0.395513 
0.896552 0.551724 0.413793 0.331685 
0.931034 0.551724 0.413793 0.398693 
0.965517 0.551724 0.413793 0.383524 
1 0.551724 0.413793 0.399315 
0 0.586207 0.413793 0.323437 
0.0344828 0.586207 0.413793 0.37464 
0.0689655 0.586207 0.413793 0.395151 
0.103448 0.586207 0.413793 0.38514 
0.137931 0.586207 0.413793 0.370557 
0.172414 0.586207 0.413793 0.322504 
0.206897 0.586207 0.413793 0.379784 
0.241379 0.586207 0.413793 0.338366 
0.275862 0.586207 0.413793 0.369862 
0.310345 0.586207 0.413793 0.332278 
0.344828 0.586207 0.413793 0.358417 
0.37931 0.586207 0.413793 0.386269 
0.413793 0.586207 0.413793 0.321153 
0.448276 0.586207 0.413793 0.398576 
0.482759 0.586207 0.413793 0.409308 
0.517241 0.586207 0.413793 0.349933 
0.551724 0.586207 0.413793 0.374831 
0.586207 0.586207 0.413793 0.355942 
0.62069 0.586207 0.413793 0.395915 
0.655172 0.586207 0.413793 0.392673 
0.689655 0.586207 0.413793 0.380852 
0.724138 0.586207 0.413793 0.406528 
0.758621 0.586207 0.413793 0.396984 
0.793103 0.586207 0.413793 0.390752 
0.827586 0.586207 0.413793 0.380531 
0.862069 0.586207 0.413793 0.395552 
0.896552 0.586207 0.413793 0.403511 
0.931034 0.586207 0.413793 0.331317 
0.965517 0.586207 0.413793 0.400465 
1 0.586207 0.413793 0.394558 
0 0.62069 0.413793 0.392131 
0.0344828 0.62069 0.413793 0.322078 
0.0689655 0.62069 0.413793 0.37135 
0.103448 0.62069 0.413793 0.398338 
0.137931 0.62069 0.413793 0.388329 
0.172414 0.62069 0.413793 0.398528 
0.206897 0.62069 0.413793 0.395987 
0.241379 0.62069 0.413793 0.420327 
0.275862 0.62069 0.413793 0.332005 
0.310345 0.62069 0.413793 0.372007 
0.344828 0.62069 0.413793 0.344464 
0.37931 0.62069 0.413793 0.313644 
0.413793 0.62069 0.413793 0.366029 
0.448276 0.62069 0.413793 0.336759 
0.482759 0.62069 0.413793 0.348584 
0.517241 0.62069 0.413793 0.397777 
0.551724 0.62069 0.413793 0.338002 
0.586207 0.62069 0.413793 0.387405 
0.62069 0.62069 0.413793 0.36245 
0.655172 0.62069 0.413793 0.407759 
0.689655 0.62069 0.413793 0.380762 
0.724138 0.62069 0.413793 0.390503 
0.758621 0.62069 0.413793 0.396434 
0.793103 0.62069 0.413793 0.3395 
0.827586 0.62069 0.413793 0.403221 
0.862069 0.62069 0.413793 0.40524 
0.896552 0.62069 0.413793 0.391779 
0.931034 0.62069 0.413793 0.389204 
0.965517 0.62069 0.413793 0.387089 
1 0.62069 0.413793 0.393852 
0 0.655172 0.413793 0.328924 
0.0344828 0.655172 0.413793 0.3828 
0.0689655 0.655172 0.413793 0.384229 
0.103448 0.655172 0.413793 0.381631 
0.137931 0.655172 0.413793 0.408525 
0.172414 0.655172 0.413793 0.398079 
0.206897 0.655172 0.413793 0.332323 
0.241379 0.655172 0.413793 0.389185 
0.275862 0.655172 0.413793 0.37171 
0.310345 0.655172 0.413793 0.389905 
0.344828 0.655172 0.413793 0.362505 
0.37931 0.655172 0.413793 0.369867 
0.413793 0.655172 0.413793 0.362663 
0.448276 0.655172 0.413793 0.361198 
0.482759 0.655172 0.413793 0.376457 
0.517241 0.655172 0.413793 0.359052 
0.551724 0.655172 0.413793 0.399924 
0.586207 0.655172 0.413793 0.363137 
0.62069 0.655172 0.413793 0.394041 
0.655172 0.655172 0.413793 0.393034 
0.689655 0.655172 0.413793 0.372687 
0.724138 0.655172 0.413793 0.397655 
0.758621 0.655172 0.413793 0.387052 
0.793103 0.655172 0.413793 0.392374 
0.827586 0.655172 0.413793 0.381579 
0.862069 0.655172 0.413793 0.371661 
0.896552 0.655172 0.413793 0.375339 
0.931034 0.655172 0.413793 0.327101 
0.965517 0.655172 0.413793 0.378001 
1 0.655172 0.413793 0.379345 
0 0.689655 0.413793 0.325713 
0.0344828 0.689655 0.413793 0.403162 
0.0689655 0.689655 0.413793 0.326066 
0.103448 0.689655 0.413793 0.324897 
0.137931 0.689655 0.413793 0.327729 
0.172414 0.689655 0.413793 0.393196 
0.206897 0.689655 0.413793 0.327757 
0.241379 0.689655 0.413793 0.332346 
0.275862 0.689655 0.413793 0.382543 
0.310345 0.689655 0.413793 0.37802 
0.344828 0.689655 0.413793 0.388094 
0.37931 0.689655 0.413793 0.356785 
0.413793 0.689655 0.413793 0.390812 
0.448276 0.689655 0.413793 0.392654 
0.482759 0.689655 0.413793 0.316817 
0.517241 0.689655 0.413793 0.389954 
0.551724 0.689655 0.413793 0.339382 
0.586207 0.689655 0.413793 0.383856 
0.62069 0.689655 0.413793 0.388395 
0.655172 0.689655 0.413793 0.352693 
0.689655 0.689655 0.413793 0.349494 
0.724138 0.689655 0.413793 0.349405 
0.758621 0.689655 0.413793 0.357502 
0.793103 0.689655 0.413793 0.378837 
0.827586 0.689655 0.413793 0.323122 
0.862069 0.689655 0.413793 0.401547 
0.896552 0.689655 0.413793 0.37329 
0.931034 0.689655 0.413793 0.330918 
0.965517 0.689655 0.413793 0.41132 
1 0.689655 0.413793 0.387497 
0 0.724138 0.413793 0.378222 
0.0344828 0.724138 0.413793 0.329272 
0.0689655 0.724138 0.413793 0.389935 
0.103448 0.724138 0.413793 0.387221 
0.137931 0.724138 0.413793 0.326327 
0.172414 0.724138 0.413793 0.391755 
0.206897 0.724138 0.413793 0.378677 
0.241379 0.724138 0.413793 0.327616 
0.275862 0.724138 0.413793 0.397445 
0.310345 0.724138 0.413793 0.330626 
0.344828 0.724138 0.413793 0.369823 
0.37931 0.724138 0.413793 0.38926 
0.413793 0.724138 0.413793 0.413296 
0.448276 0.724138 0.413793 0.335223 
0.482759 0.724138 0.413793 0.359318 
0.517241 0.724138 0.413793 0.39583 
0.551724 0.724138 0.413793 0.381469 
0.586207 0.724138 0.413793 0.387185 
0.62069 0.724138 0.413793 0.39789 
0.655172 0.724138 0.413793 0.357 
0.689655 0.724138 0.413793 0.401166 
0.724138 0.724138 0.413793 0.356518 
0.758621 0.724138 0.413793 0.380992 
0.793103 0.724138 0.413793 0.351078 
0.827586 0.724138 0.413793 0.395466 
0.862069 0.724138 0.413793 0.390577 
0.896552 0.724138 0.413793 0.394426 
0.931034 0.724138 0.413793 0.385927 
0.965517 0.724138 0.413793 0.362384 
1 0.724138 0.413793 0.404406 
0 0.758621 0.413793 0.385159 
0.0344828 0.758621 0.413793 0.399877 
0.0689655 0.758621 0.413793 0.327182 
0.103448 0.758621 0.413793 0.326539 
0.137931 0.758621 0.413793 0.391138 
0.172414 0.758621 0.413793 0.404064 
0.206897 0.758621 0.413793 0.394104 
0.241379 0.758621 0.413793 0.389846 
0.275862 0.758621 0.413793 0.393449 
0.310345 0.758621 0.413793 0.291221 
0.344828 0.758621 0.413793 0.377151 
0.37931 0.758621 0.413793 0.330891 
0.413793 0.758621 0.413793 0.389574 
0.448276 0.758621 0.413793 0.334103 
0.482759 0.758621 0.413793 0.334607 
0.517241 0.758621 0.413793 0.383563 
0.551724 0.758621 0.413793 0.364923 
0.586207 0.758621 0.413793 0.355625 
0.62069 0.758621 0.413793 0.386539 
0.655172 0.758621 0.413793 0.403566 
0.689655 0.758621 0.413793 0.39837 
0.724138 0.758621 0.413793 0.384727 
0.758621 0.758621 0.413793 0.39914 
0.793103 0.758621 0.413793 0.414772 
0.827586 0.758621 0.413793 0.358755 
0.862069 0.758621 0.413793 0.353197 
0.896552 0.758621 0.413793 0.346548 
0.931034 0.758621 0.413793 0.351153 
0.965517 0.758621 0.413793 0.340683 
1 0.758621 0.413793 0.387885 
0 0.793103 0.413793 0.336736 
0.0344828 0.793103 0.413793 0.383356 
0.0689655 0.793103 0.413793 0.397236 
0.103448 0.793103 0.413793 0.391612 
0.137931 0.793103 0.413793 0.377493 
0.172414 0.793103 0.413793 0.389482 
0.206897 0.793103 0.413793 0.389193 
0.241379 0.793103 0.413793 0.396153 
0.275862 0.793103 0.413793 0.380396 
0.310345 0.793103 0.413793 0.402678 
0.344828 0.793103 0.413793 0.391526 
0.37931 0.793103 0.413793 0.38457 
0.413793 0.793103 0.413793 0.395508 
0.448276 0.793103 0.413793 0.379469 
0.482759 0.793103 0.413793 0.336067 
0.517241 0.793103 0.413793 0.38897 
0.551724 0.793103 0.413793 0.39075 
0.586207 0.793103 0.413793 0.360611 
0.62069 0.793103 0.413793 0.384923 
0.655172 0.793103 0.413793 0.343691 
0.689655 0.793103 0.413793 0.338822 
0.724138 0.793103 0.413793 0.398819 
0.758621 0.793103 0.413793 0.399756 
0.793103 0.793103 0.413793 0.400054 
0.827586 0.793103 0.413793 0.400877 
0.862069 0.793103 0.413793 0.392911 
0.896552 0.793103 0.413793 0.402718 
0.931034 0.793103 0.413793 0.387843 
0.965517 0.793103 0.413793 0.377754 
1 0.793103 0.413793 0.405483 
0 0.827586 0.413793 0.394671 
0.0344828 0.827586 0.413793 0.39093 
0.0689655 0.827586 0.413793 0.394662 
0.103448 0.827586 0.413793 0.326364 
0.137931 0.827586 0.413793 0.381998 
0.172414 0.827586 0.413793 0.381061 
0.206897 0.827586 0.413793 0.329018 
0.241379 0.827586 0.413793 0.381439 
0.275862 0.827586 0.413793 0.387709 
0.310345 0.827586 0.413793 0.39441 
0.344828 0.827586 0.413793 0.394172 
0.37931 0.827586 0.413793 0.378789 
0.413793 0.827586 0.413793 0.326443 
0.448276 0.827586 0.413793 0.392859 
0.482759 0.827586 0.413793 0.329459 
0.517241 0.827586 0.413793 0.395614 
0.551724 0.827586 0.413793 0.317094 
0.586207 0.827586 0.413793 0.380096 
0.62069 0.827586 0.413793 0.384634 
0.655172 0.827586 0.413793 0.388168 
0.689655 0.827586 0.413793 0.385801 
0.724138 0.827586 0.413793 0.337439 
0.758621 0.827586 0.413793 0.353469 
0.793103 0.827586 0.413793 0.376581 
0.827586 0.827586 0.413793 0.362899 
0.862069 0.827586 0.413793 0.39422 
0.896552 0.827586 0.413793 0.363359 
0.931034 0.827586 0.413793 0.388379 
0.965517 0.827586 0.413793 0.384466 
1 0.827586 0.413793 0.387863 
0 0.862069 0.413793 0.397046 
0.0344828 0.862069 0.413793 0.339489 
0.0689655 0.862069 0.413793 0.382318 
0.103448 0.862069 0.413793 0.409016 
0.137931 0.862069 0.413793 0.397312 
0.172414 0.862069 0.413793 0.383125 
0.206897 0.862069 0.413793 0.385585 
0.241379 0.862069 0.413793 0.38143 
0.275862 0.862069 0.413793 0.388357 
0.310345 0.862069 0.413793 0.387195 
0.344828 0.862069 0.413793 0.384795 
0.37931 0.862069 0.413793 0.389812 
0.413793 0.862069 0.413793 0.396991 
0.448276 0.862069 0.413793 0.325272 
0.482759 0.862069 0.413793 0.388483 
0.517241 0.862069 0.413793 0.381406 
0.551724 0.862069 0.413793 0.3275 
0.586207 0.862069 0.413793 0.373448 
0.62069 0.862069 0.413793 0.392275 
0.655172 0.862069 0.413793 0.383958 
0.689655 0.862069 0.413793 0.394806 
0.724138 0.862069 0.413793 0.368607 
0.758621 0.862069 0.413793 0.33731 
0.793103 0.862069 0.413793 0.386397 
0.827586 0.862069 0.413793 0.398387 
0.862069 0.862069 0.413793 0.355942 
0.896552 0.862069 0.413793 0.350882 
0.931034 0.862069 0.413793 0.344098 
0.965517 0.862069 0.413793 0.319193 
1 0.862069 0.413793 0.341974 
0 0.896552 0.413793 0.400564 
0.0344828 0.896552 0.413793 0.382067 
0.0689655 0.896552 0.413793 0.350434 
0.103448 0.896552 0.413793 0.358063 
0.137931 0.896552 0.413793 0.335447 
0.172414 0.896552 0.413793 0.340982 
0.206897 0.896552 0.413793 0.378784 
0.241379 0.896552 0.413793 0.326489 
0.275862 0.896552 0.413793 0.390114 
0.310345 0.896552 0.413793 0.325759 
0.344828 0.896552 0.413793 0.395614 
0.37931 0.896552 0.413793 0.393035 
0.413793 0.896552 0.413793 0.382847 
0.448276 0.896552 0.413793 0.323623 
0.482759 0.896552 0.413793 0.32448 
0.517241 0.896552 0.413793 0.389632 
0.551724 0.896552 0.413793 0.369363 
0.586207 0.896552 0.413793 0.378213 
0.62069 0.896552 0.413793 0.373556 
0.655172 0.896552 0.413793 0.399382 
0.689655 0.896552 0.413793 0.388623 
0.724138 0.896552 0.413793 0.385649 
0.758621 0.896552 0.413793 0.390307 
0.793103 0.896552 0.413793 0.332922 
0.827586 0.896552 0.413793 0.388781 
0.862069 0.896552 0.413793 0.378171 
0.896552 0.896552 0.413793 0.38586 
0.931034 0.896552 0.413793 0.389923 
0.965517 0.896552 0.413793 0.339608 
1 0.896552 0.413793 0.397291 
0 0.931034 0.413793 0.385063 
0.0344828 0.931034 0.413793 0.357535 
0.0689655 0.931034 0.413793 0.338409 
0.103448 0.931034 0.413793 0.308258 
0.137931 0.931034 0.413793 0.41496 
0.172414 0.931034 0.413793 0.389696 
0.206897 0.931034 0.413793 0.382517 
0.241379 0.931034 0.413793 0.39337 
0.275862 0.931034 0.413793 0.386483 
0.310345 0.931034 0.413793 0.332165 
0.344828 0.931034 0.413793 0.390731 
0.37931 0.931034 0.413793 0.323779 
0.413793 0.931034 0.413793 0.376036 
0.448276 0.931034 0.413793 0.396923 
0.482759 0.931034 0.413793 0.395625 
0.517241 0.931034 0.413793 0.323772 
0.551724 0.931034 0.413793 0.390539 
0.586207 0.931034 0.413793 0.388983 
0.62069 0.931034 0.413793 0.402142 
0.655172 0.931034 0.413793 0.381836 
0.689655 0.931034 0.413793 0.387521 
0.724138 0.931034 0.413793 0.385934 
0.758621 0.931034 0.413793 0.326982 
0.793103 0.931034 0.413793 0.383081 
0.827586 0.931034 0.413793 0.373508 
0.862069 0.931034 0.413793 0.362784 
0.896552 0.931034 0.413793 0.388236 
0.931034 0.931034 0.413793 0.312303 
0.965517 0.931034 0.413793 0.360879 
1 0.931034 0.413793 0.384227 
0 0.965517 0.413793 0.336772 
0.0344828 0.965517 0.413793 0.378098 
0.0689655 0.965517 0.413793 0.386948 
0.103448 0.965517 0.413793 0.394732 
0.137931 0.965517 0.413793 0.394822 
0.172414 0.965517 0.413793 0.396068 
0.206897 0.965517 0.413793 0.344197 
0.241379 0.965517 0.413793 0.335573 
0.275862 0.965517 0.413793 0.399477 
0.310345 0.965517 0.413793 0.384269 
0.344828 0.965517 0.413793 0.370376 
0.37931 0.965517 0.413793 0.396669 
0.413793 0.965517 0.413793 0.325014 
0.448276 0.965517 0.413793 0.388118 
0.482759 0.965517 0.413793 0.37826 
0.517241 0.965517 0.413793 0.323831 
0.551724 0.965517 0.413793 0.381885 
0.586207 0.965517 0.413793 0.378094 
0.62069 0.965517 0.413793 0.384576 
0.655172 0.965517 0.413793 0.374179 
0.689655 0.965517 0.413793 0.388209 
0.724138 0.965517 0.413793 0.369051 
0.758621 0.965517 0.413793 0.388496 
0.793103 0.965517 0.413793 0.366455 
0.827586 0.965517 0.413793 0.400978 
0.862069 0.965517 0.413793 0.363862 
0.896552 0.965517 0.413793 0.357109 
0.931034 0.965517 0.413793 0.364029 
0.965517 0.965517 0.413793 0.379647 
1 0.965517 0.413793 0.383162 
0 1 0.413793 0.379787 
0.0344828 1 0.413793 0.404952 
0.0689655 1 0.413793 0.358801 
0.103448 1 0.413793 0.344704 
0.137931 1 0.413793 0.376445 
0.172414 1 0.413793 0.348128 
0.206897 1 0.413793 0.397415 
0.241379 1 0.413793 0.386385 
0.275862 1 0.413793 0.357577 
0.310345 1 0.413793 0.385899 
0.344828 1 0.413793 0.380505 
0.37931 1 0.413793 0.388987 
0.413793 1 0.413793 0.32748 
0.448276 1 0.413793 0.382528 
0.482759 1 0.413793 0.386181 
0.517241 1 0.413793 0.378086 
0.551724 1 0.413793 0.392141 
0.586207 1 0.413793 0.333539 
0.62069 1 0.413793 0.389697 
0.655172 1 0.413793 0.386346 
0.689655 1 0.413793 0.38077 
0.724138 1 0.413793 0.378196 
0.758621 1 0.413793 0.375447 
0.793103 1 0.413793 0.375792 
0.827586 1 0.413793 0.388069 
0.862069 1 0.413793 0.327253 
0.896552 1 0.413793 0.375914 
0.931034 1 0.413793 0.36909 
0.965517 1 0.413793 0.386439 
1 1 0.413793 0.356742 
0 0 0.448276 0.330822 
0.0344828 0 0.448276 0.330822 
0.0689655 0 0.448276 0.330822 
0.103448 0 0.448276 0.330822 
0.137931 0 0.448276 0.330822 
0.172414 0 0.448276 0.330822 
0.206897 0 0.448276 0.330822 
0.241379 0 0.448276 0.330822 
0.275862 0 0.448276 0.330822 
0.310345 0 0.448276 0.330822 
0.344828 0 0.448276 0.330822 
0.37931 0 0.448276 0.330822 
0.413793 0 0.448276 0.330822 
0.448276 0 0.448276 0.330822 
0.482759 0 0.448276 0.330822 
0.517241 0 0.448276 0.330822 
0.551724 0 0.448276 0.330822 
0.586207 0 0.448276 0.330822 
0.62069 0 0.448276 0.330822 
0.655172 0 0.448276 0.330822 
0.689655 0 0.448276 0.330822 
0.724138 0 0.448276 0.330822 
0.758621 0 0.448276 0.330822 
0.793103 0 0.448276 0.330822 
0.827586 0 0.448276 0.330822 
0.862069 0 0.448276 0.330822 
0.896552 0 0.448276 0.330822 
0.931034 0 0.448276 0.330822 
0.965517 0 0.448276 0.330822 
1 0 0.448276 0.330822 
0 0.0344828 0.448276 0.346095 
0.0344828 0.0344828 0.448276 0.323075 
0.0689655 0.0344828 0.448276 0.298051 
0.103448 0.0344828 0.448276 0.297663 
0.137931 0.0344828 0.448276 0.348794 
0.172414 0.0344828 0.448276 0.303256 
0.206897 0.0344828 0.448276 0.300035 
0.241379 0.0344828 0.448276 0.359853 
0.275862 0.0344828 0.448276 0.349458 
0.310345 0.0344828 0.448276 0.352408 
0.344828 0.0344828 0.448276 0.300348 
0.37931 0.0344828 0.448276 0.372374 
0.413793 0.0344828 0.448276 0.346178 
0.448276 0.0344828 0.448276 0.359904 
0.482759 0.0344828 0.448276 0.362117 
0.517241 0.0344828 0.448276 0.300474 
0.551724 0.0344828 0.448276 0.355538 
0.586207 0.0344828 0.448276 0.357827 
0.62069 0.0344828 0.448276 0.349679 
0.655172 0.0344828 0.448276 0.362078 
0.689655 0.0344828 0.448276 0.338701 
0.724138 0.0344828 0.448276 0.301098 
0.758621 0.0344828 0.448276 0.367804 
0.793103 0.0344828 0.448276 0.349673 
0.827586 0.0344828 0.448276 0.300175 
0.862069 0.0344828 0.448276 0.37176 
0.896552 0.0344828 0.448276 0.281617 
0.931034 0.0344828 0.448276 0.356068 
0.965517 0.0344828 0.448276 0.300193 
1 0.0344828 0.448276 0.362682 
0 0.0689655 0.448276 0.344919 
0.0344828 0.0689655 0.448276 0.353947 
0.0689655 0.0689655 0.448276 0.361945 
0.103448 0.0689655 0.448276 0.357691 
0.137931 0.0689655 0.448276 0.368848 
0.172414 0.0689655 0.448276 0.342248 
0.206897 0.0689655 0.448276 0.363162 
0.241379 0.0689655 0.448276 0.350876 
0.275862 0.0689655 0.448276 0.348685 
0.310345 0.0689655 0.448276 0.301882 
0.344828 0.0689655 0.448276 0.295231 
0.37931 0.0689655 0.448276 0.361509 
0.413793 0.0689655 0.448276 0.349055 
0.448276 0.0689655 0.448276 0.359333 
0.482759 0.0689655 0.448276 0.301286 
0.517241 0.0689655 0.448276 0.358147 
0.551724 0.0689655 0.448276 0.349661 
0.586207 0.0689655 0.448276 0.300326 
0.62069 0.0689655 0.448276 0.306399 
0.655172 0.0689655 0.448276 0.347867 
0.689655 0.0689655 0.448276 0.300631 
0.724138 0.0689655 0.448276 0.322201 
0.758621 0.0689655 0.448276 0.350141 
0.793103 0.0689655 0.448276 0.342051 
0.827586 0.0689655 0.448276 0.300929 
0.862069 0.0689655 0.448276 0.301072 
0.896552 0.0689655 0.448276 0.364662 
0.931034 0.0689655 0.448276 0.353444 
0.965517 0.0689655 0.448276 0.30211 
1 0.0689655 0.448276 0.35827 
0 0.103448 0.448276 0.304856 
0.0344828 0.103448 0.448276 0.364367 
0.0689655 0.103448 0.448276 0.338791 
0.103448 0.103448 0.448276 0.333812 
0.137931 0.103448 0.448276 0.315303 
0.172414 0.103448 0.448276 0.359825 
0.206897 0.103448 0.448276 0.310619 
0.241379 0.103448 0.448276 0.365344 
0.275862 0.103448 0.448276 0.362816 
0.310345 0.103448 0.448276 0.347441 
0.344828 0.103448 0.448276 0.342613 
0.37931 0.103448 0.448276 0.279844 
0.413793 0.103448 0.448276 0.3115 
0.448276 0.103448 0.448276 0.350717 
0.482759 0.103448 0.448276 0.359779 
0.517241 0.103448 0.448276 0.331283 
0.551724 0.103448 0.448276 0.329039 
0.586207 0.103448 0.448276 0.345257 
0.62069 0.103448 0.448276 0.303514 
0.655172 0.103448 0.448276 0.29251 
0.689655 0.103448 0.448276 0.361022 
0.724138 0.103448 0.448276 0.304623 
0.758621 0.103448 0.448276 0.352741 
0.793103 0.103448 0.448276 0.307225 
0.827586 0.103448 0.448276 0.293727 
0.862069 0.103448 0.448276 0.35082 
0.896552 0.103448 0.448276 0.363079 
0.931034 0.103448 0.448276 0.36595 
0.965517 0.103448 0.448276 0.301175 
1 0.103448 0.448276 0.358403 
0 0.137931 0.448276 0.347558 
0.0344828 0.137931 0.448276 0.320991 
0.0689655 0.137931 0.448276 0.360341 
0.103448 0.137931 0.448276 0.318038 
0.137931 0.137931 0.448276 0.293613 
0.172414 0.137931 0.448276 0.30937 
0.206897 0.137931 0.448276 0.343124 
0.241379 0.137931 0.448276 0.361649 
0.275862 0.137931 0.448276 0.365572 
0.310345 0.137931 0.448276 0.337695 
0.344828 0.137931 0.448276 0.297764 
0.37931 0.137931 0.448276 0.341086 
0.413793 0.137931 0.448276 0.359534 
0.448276 0.137931 0.448276 0.357309 
0.482759 0.137931 0.448276 0.354997 
0.517241 0.137931 0.448276 0.368221 
0.551724 0.137931 0.448276 0.302213 
0.586207 0.137931 0.448276 0.313794 
0.62069 0.137931 0.448276 0.360645 
0.655172 0.137931 0.448276 0.36767 
0.689655 0.137931 0.448276 0.355305 
0.724138 0.137931 0.448276 0.302794 
0.758621 0.137931 0.448276 0.346911 
0.793103 0.137931 0.448276 0.357874 
0.827586 0.137931 0.448276 0.372471 
0.862069 0.137931 0.448276 0.305203 
0.896552 0.137931 0.448276 0.352696 
0.931034 0.137931 0.448276 0.327637 
0.965517 0.137931 0.448276 0.348992 
1 0.137931 0.448276 0.308533 
0 0.172414 0.448276 0.358498 
0.0344828 0.172414 0.448276 0.377471 
0.0689655 0.172414 0.448276 0.352671 
0.103448 0.172414 0.448276 0.318366 
0.137931 0.172414 0.448276 0.323856 
0.172414 0.172414 0.448276 0.318549 
0.206897 0.172414 0.448276 0.344905 
0.241379 0.172414 0.448276 0.366997 
0.275862 0.172414 0.448276 0.319655 
0.310345 0.172414 0.448276 0.354165 
0.344828 0.172414 0.448276 0.351882 
0.37931 0.172414 0.448276 0.360682 
0.413793 0.172414 0.448276 0.355523 
0.448276 0.172414 0.448276 0.321209 
0.482759 0.172414 0.448276 0.336894 
0.517241 0.172414 0.448276 0.355054 
0.551724 0.172414 0.448276 0.313201 
0.586207 0.172414 0.448276 0.364723 
0.62069 0.172414 0.448276 0.343489 
0.655172 0.172414 0.448276 0.364701 
0.689655 0.172414 0.448276 0.295222 
0.724138 0.172414 0.448276 0.310019 
0.758621 0.172414 0.448276 0.360218 
0.793103 0.172414 0.448276 0.343738 
0.827586 0.172414 0.448276 0.366457 
0.862069 0.172414 0.448276 0.362066 
0.896552 0.172414 0.448276 0.357288 
0.931034 0.172414 0.448276 0.359004 
0.965517 0.172414 0.448276 0.291411 
1 0.172414 0.448276 0.37032 
0 0.206897 0.448276 0.356123 
0.0344828 0.206897 0.448276 0.321728 
0.0689655 0.206897 0.448276 0.341089 
0.103448 0.206897 0.448276 0.317522 
0.137931 0.206897 0.448276 0.325255 
0.172414 0.206897 0.448276 0.32851 
0.206897 0.206897 0.448276 0.325666 
0.241379 0.206897 0.448276 0.308469 
0.275862 0.206897 0.448276 0.352225 
0.310345 0.206897 0.448276 0.35463 
0.344828 0.206897 0.448276 0.325058 
0.37931 0.206897 0.448276 0.370716 
0.413793 0.206897 0.448276 0.306457 
0.448276 0.206897 0.448276 0.330121 
0.482759 0.206897 0.448276 0.319362 
0.517241 0.206897 0.448276 0.29457 
0.551724 0.206897 0.448276 0.3584 
0.586207 0.206897 0.448276 0.33546 
0.62069 0.206897 0.448276 0.324426 
0.655172 0.206897 0.448276 0.360799 
0.689655 0.206897 0.448276 0.357888 
0.724138 0.206897 0.448276 0.31286 
0.758621 0.206897 0.448276 0.288795 
0.793103 0.206897 0.448276 0.354341 
0.827586 0.206897 0.448276 0.370037 
0.862069 0.206897 0.448276 0.333344 
0.896552 0.206897 0.448276 0.332589 
0.931034 0.206897 0.448276 0.308848 
0.965517 0.206897 0.448276 0.356102 
1 0.206897 0.448276 0.363605 
0 0.241379 0.448276 0.307576 
0.0344828 0.241379 0.448276 0.36757 
0.0689655 0.241379 0.448276 0.33405 
0.103448 0.241379 0.448276 0.351855 
0.137931 0.241379 0.448276 0.290434 
0.172414 0.241379 0.448276 0.328257 
0.206897 0.241379 0.448276 0.322356 
0.241379 0.241379 0.448276 0.326116 
0.275862 0.241379 0.448276 0.363421 
0.310345 0.241379 0.448276 0.335063 
0.344828 0.241379 0.448276 0.345583 
0.37931 0.241379 0.448276 0.327016 
0.413793 0.241379 0.448276 0.286058 
0.448276 0.241379 0.448276 0.359321 
0.482759 0.241379 0.448276 0.352706 
0.517241 0.241379 0.448276 0.366582 
0.551724 0.241379 0.448276 0.327089 
0.586207 0.241379 0.448276 0.337916 
0.62069 0.241379 0.448276 0.32387 
0.655172 0.241379 0.448276 0.350491 
0.689655 0.241379 0.448276 0.356885 
0.724138 0.241379 0.448276 0.329353 
0.758621 0.241379 0.448276 0.368442 
0.793103 0.241379 0.448276 0.354052 
0.827586 0.241379 0.448276 0.320418 
0.862069 0.241379 0.448276 0.35685 
0.896552 0.241379 0.448276 0.327419 
0.931034 0.241379 0.448276 0.310886 
0.965517 0.241379 0.448276 0.34654 
1 0.241379 0.448276 0.369912 
0 0.275862 0.448276 0.303462 
0.0344828 0.275862 0.448276 0.304506 
0.0689655 0.275862 0.448276 0.360685 
0.103448 0.275862 0.448276 0.336172 
0.137931 0.275862 0.448276 0.350619 
0.172414 0.275862 0.448276 0.353542 
0.206897 0.275862 0.448276 0.356823 
0.241379 0.275862 0.448276 0.334556 
0.275862 0.275862 0.448276 0.313976 
0.310345 0.275862 0.448276 0.352991 
0.344828 0.275862 0.448276 0.335203 
0.37931 0.275862 0.448276 0.290812 
0.413793 0.275862 0.448276 0.358613 
0.448276 0.275862 0.448276 0.324635 
0.482759 0.275862 0.448276 0.339427 
0.517241 0.275862 0.448276 0.345682 
0.551724 0.275862 0.448276 0.300262 
0.586207 0.275862 0.448276 0.353379 
0.62069 0.275862 0.448276 0.317647 
0.655172 0.275862 0.448276 0.324732 
0.689655 0.275862 0.448276 0.351304 
0.724138 0.275862 0.448276 0.313259 
0.758621 0.275862 0.448276 0.313372 
0.793103 0.275862 0.448276 0.34544 
0.827586 0.275862 0.448276 0.357799 
0.862069 0.275862 0.448276 0.348187 
0.896552 0.275862 0.448276 0.324543 
0.931034 0.275862 0.448276 0.319124 
0.965517 0.275862 0.448276 0.318008 
1 0.275862 0.448276 0.36392 
0 0.310345 0.448276 0.34504 
0.0344828 0.310345 0.448276 0.355436 
0.0689655 0.310345 0.448276 0.364376 
0.103448 0.310345 0.448276 0.35416 
0.137931 0.310345 0.448276 0.341394 
0.172414 0.310345 0.448276 0.346661 
0.206897 0.310345 0.448276 0.356852 
0.241379 0.310345 0.448276 0.301921 
0.275862 0.310345 0.448276 0.303534 
0.310345 0.310345 0.448276 0.354306 
0.344828 0.310345 0.448276 0.35992 
0.37931 0.310345 0.448276 0.355747 
0.413793 0.310345 0.448276 0.299891 
0.448276 0.310345 0.448276 0.316591 
0.482759 0.310345 0.448276 0.293437 
0.517241 0.310345 0.448276 0.32027 
0.551724 0.310345 0.448276 0.352873 
0.586207 0.310345 0.448276 0.302611 
0.62069 0.310345 0.448276 0.335744 
0.655172 0.310345 0.448276 0.321433 
0.689655 0.310345 0.448276 0.310073 
0.724138 0.310345 0.448276 0.350524 
0.758621 0.310345 0.448276 0.352015 
0.793103 0.310345 0.448276 0.359361 
0.827586 0.310345 0.448276 0.313681 
0.862069 0.310345 0.448276 0.344202 
0.896552 0.310345 0.448276 0.328049 
0.931034 0.310345 0.448276 0.328275 
0.965517 0.310345 0.448276 0.354423 
1 0.310345 0.448276 0.365532 
0 0.344828 0.448276 0.297948 
0.0344828 0.344828 0.448276 0.294665 
0.0689655 0.344828 0.448276 0.298772 
0.103448 0.344828 0.448276 0.339139 
0.137931 0.344828 0.448276 0.296053 
0.172414 0.344828 0.448276 0.362247 
0.206897 0.344828 0.448276 0.349281 
0.241379 0.344828 0.448276 0.293663 
0.275862 0.344828 0.448276 0.299268 
0.310345 0.344828 0.448276 0.319099 
0.344828 0.344828 0.448276 0.352935 
0.37931 0.344828 0.448276 0.355122 
0.413793 0.344828 0.448276 0.300458 
0.448276 0.344828 0.448276 0.352826 
0.482759 0.344828 0.448276 0.363331 
0.517241 0.344828 0.448276 0.292425 
0.551724 0.344828 0.448276 0.359438 
0.586207 0.344828 0.448276 0.34839 
0.62069 0.344828 0.448276 0.335795 
0.655172 0.344828 0.448276 0.353658 
0.689655 0.344828 0.448276 0.357168 
0.724138 0.344828 0.448276 0.306197 
0.758621 0.344828 0.448276 0.335721 
0.793103 0.344828 0.448276 0.353443 
0.827586 0.344828 0.448276 0.351661 
0.862069 0.344828 0.448276 0.320147 
0.896552 0.344828 0.448276 0.323425 
0.931034 0.344828 0.448276 0.292738 
0.965517 0.344828 0.448276 0.347856 
1 0.344828 0.448276 0.354882 
0 0.37931 0.448276 0.35475 
0.0344828 0.37931 0.448276 0.352627 
0.0689655 0.37931 0.448276 0.344049 
0.103448 0.37931 0.448276 0.295173 
0.137931 0.37931 0.448276 0.339771 
0.172414 0.37931 0.448276 0.351601 
0.206897 0.37931 0.448276 0.355092 
0.241379 0.37931 0.448276 0.351554 
0.275862 0.37931 0.448276 0.350968 
0.310345 0.37931 0.448276 0.362519 
0.344828 0.37931 0.448276 0.301813 
0.37931 0.37931 0.448276 0.356298 
0.413793 0.37931 0.448276 0.361297 
0.448276 0.37931 0.448276 0.34729 
0.482759 0.37931 0.448276 0.301328 
0.517241 0.37931 0.448276 0.341351 
0.551724 0.37931 0.448276 0.355407 
0.586207 0.37931 0.448276 0.302365 
0.62069 0.37931 0.448276 0.305378 
0.655172 0.37931 0.448276 0.341494 
0.689655 0.37931 0.448276 0.355781 
0.724138 0.37931 0.448276 0.308058 
0.758621 0.37931 0.448276 0.325387 
0.793103 0.37931 0.448276 0.345789 
0.827586 0.37931 0.448276 0.351575 
0.862069 0.37931 0.448276 0.350611 
0.896552 0.37931 0.448276 0.321243 
0.931034 0.37931 0.448276 0.355718 
0.965517 0.37931 0.448276 0.348967 
1 0.37931 0.448276 0.315253 
0 0.413793 0.448276 0.3524 
0.0344828 0.413793 0.448276 0.301097 
0.0689655 0.413793 0.448276 0.361322 
0.103448 0.413793 0.448276 0.297973 
0.137931 0.413793 0.448276 0.295963 
0.172414 0.413793 0.448276 0.295714 
0.206897 0.413793 0.448276 0.352848 
0.241379 0.413793 0.448276 0.364705 
0.275862 0.413793 0.448276 0.293865 
0.310345 0.413793 0.448276 0.344851 
0.344828 0.413793 0.448276 0.336482 
0.37931 0.413793 0.448276 0.313051 
0.413793 0.413793 0.448276 0.35576 
0.448276 0.413793 0.448276 0.344984 
0.482759 0.413793 0.448276 0.349173 
0.517241 0.413793 0.448276 0.353558 
0.551724 0.413793 0.448276 0.345576 
0.586207 0.413793 0.448276 0.310211 
0.62069 0.413793 0.448276 0.301692 
0.655172 0.413793 0.448276 0.340748 
0.689655 0.413793 0.448276 0.334597 
0.724138 0.413793 0.448276 0.303516 
0.758621 0.413793 0.448276 0.359955 
0.793103 0.413793 0.448276 0.361827 
0.827586 0.413793 0.448276 0.366301 
0.862069 0.413793 0.448276 0.374594 
0.896552 0.413793 0.448276 0.347075 
0.931034 0.413793 0.448276 0.35816 
0.965517 0.413793 0.448276 0.364627 
1 0.413793 0.448276 0.309384 
0 0.448276 0.448276 0.34437 
0.0344828 0.448276 0.448276 0.353074 
0.0689655 0.448276 0.448276 0.342564 
0.103448 0.448276 0.448276 0.350462 
0.137931 0.448276 0.448276 0.297237 
0.172414 0.448276 0.448276 0.348548 
0.206897 0.448276 0.448276 0.358407 
0.241379 0.448276 0.448276 0.34412 
0.275862 0.448276 0.448276 0.343075 
0.310345 0.448276 0.448276 0.352378 
0.344828 0.448276 0.448276 0.35173 
0.37931 0.448276 0.448276 0.338192 
0.413793 0.448276 0.448276 0.35288 
0.448276 0.448276 0.448276 0.295571 
0.482759 0.448276 0.448276 0.35255 
0.517241 0.448276 0.448276 0.296584 
0.551724 0.448276 0.448276 0.342168 
0.586207 0.448276 0.448276 0.33861 
0.62069 0.448276 0.448276 0.349351 
0.655172 0.448276 0.448276 0.289785 
0.689655 0.448276 0.448276 0.344721 
0.724138 0.448276 0.448276 0.338339 
0.758621 0.448276 0.448276 0.290785 
0.793103 0.448276 0.448276 0.33125 
0.827586 0.448276 0.448276 0.352264 
0.862069 0.448276 0.448276 0.348428 
0.896552 0.448276 0.448276 0.351365 
0.931034 0.448276 0.448276 0.344074 
0.965517 0.448276 0.448276 0.357399 
1 0.448276 0.448276 0.359681 
0 0.482759 0.448276 0.343127 
0.0344828 0.482759 0.448276 0.348126 
0.0689655 0.482759 0.448276 0.347233 
0.103448 0.482759 0.448276 0.29128 
0.137931 0.482759 0.448276 0.299384 
0.172414 0.482759 0.448276 0.341361 
0.206897 0.482759 0.448276 0.300283 
0.241379 0.482759 0.448276 0.297981 
0.275862 0.482759 0.448276 0.354171 
0.310345 0.482759 0.448276 0.295027 
0.344828 0.482759 0.448276 0.352145 
0.37931 0.482759 0.448276 0.294056 
0.413793 0.482759 0.448276 0.34219 
0.448276 0.482759 0.448276 0.354433 
0.482759 0.482759 0.448276 0.337169 
0.517241 0.482759 0.448276 0.343929 
0.551724 0.482759 0.448276 0.349323 
0.586207 0.482759 0.448276 0.355938 
0.62069 0.482759 0.448276 0.295738 
0.655172 0.482759 0.448276 0.357811 
0.689655 0.482759 0.448276 0.29881 
0.724138 0.482759 0.448276 0.298091 
0.758621 0.482759 0.448276 0.345702 
0.793103 0.482759 0.448276 0.35206 
0.827586 0.482759 0.448276 0.292437 
0.862069 0.482759 0.448276 0.352026 
0.896552 0.482759 0.448276 0.357999 
0.931034 0.482759 0.448276 0.352888 
0.965517 0.482759 0.448276 0.355641 
1 0.482759 0.448276 0.356404 
0 0.517241 0.448276 0.361815 
0.0344828 0.517241 0.448276 0.362767 
0.0689655 0.517241 0.448276 0.354717 
0.103448 0.517241 0.448276 0.339337 
0.137931 0.517241 0.448276 0.364448 
0.172414 0.517241 0.448276 0.351622 
0.206897 0.517241 0.448276 0.352949 
0.241379 0.517241 0.448276 0.296634 
0.275862 0.517241 0.448276 0.351698 
0.310345 0.517241 0.448276 0.306403 
0.344828 0.517241 0.448276 0.349286 
0.37931 0.517241 0.448276 0.353359 
0.413793 0.517241 0.448276 0.311414 
0.448276 0.517241 0.448276 0.358886 
0.482759 0.517241 0.448276 0.342838 
0.517241 0.517241 0.448276 0.351002 
0.551724 0.517241 0.448276 0.354209 
0.586207 0.517241 0.448276 0.344182 
0.62069 0.517241 0.448276 0.352723 
0.655172 0.517241 0.448276 0.343842 
0.689655 0.517241 0.448276 0.295482 
0.724138 0.517241 0.448276 0.29563 
0.758621 0.517241 0.448276 0.355842 
0.793103 0.517241 0.448276 0.356481 
0.827586 0.517241 0.448276 0.348012 
0.862069 0.517241 0.448276 0.296356 
0.896552 0.517241 0.448276 0.332438 
0.931034 0.517241 0.448276 0.355615 
0.965517 0.517241 0.448276 0.354587 
1 0.517241 0.448276 0.287256 
0 0.551724 0.448276 0.323411 
0.0344828 0.551724 0.448276 0.362211 
0.0689655 0.551724 0.448276 0.303412 
0.103448 0.551724 0.448276 0.338819 
0.137931 0.551724 0.448276 0.304864 
0.172414 0.551724 0.448276 0.351993 
0.206897 0.551724 0.448276 0.357092 
0.241379 0.551724 0.448276 0.332547 
0.275862 0.551724 0.448276 0.322823 
0.310345 0.551724 0.448276 0.35656 
0.344828 0.551724 0.448276 0.349285 
0.37931 0.551724 0.448276 0.356496 
0.413793 0.551724 0.448276 0.352541 
0.448276 0.551724 0.448276 0.294245 
0.482759 0.551724 0.448276 0.357233 
0.517241 0.551724 0.448276 0.35714 
0.551724 0.551724 0.448276 0.345115 
0.586207 0.551724 0.448276 0.347346 
0.62069 0.551724 0.448276 0.332923 
0.655172 0.551724 0.448276 0.343809 
0.689655 0.551724 0.448276 0.345065 
0.724138 0.551724 0.448276 0.359558 
0.758621 0.551724 0.448276 0.352213 
0.793103 0.551724 0.448276 0.344774 
0.827586 0.551724 0.448276 0.337336 
0.862069 0.551724 0.448276 0.343928 
0.896552 0.551724 0.448276 0.346794 
0.931034 0.551724 0.448276 0.33354 
0.965517 0.551724 0.448276 0.297385 
1 0.551724 0.448276 0.345789 
0 0.586207 0.448276 0.322001 
0.0344828 0.586207 0.448276 0.350301 
0.0689655 0.586207 0.448276 0.347964 
0.103448 0.586207 0.448276 0.345205 
0.137931 0.586207 0.448276 0.34741 
0.172414 0.586207 0.448276 0.31068 
0.206897 0.586207 0.448276 0.340871 
0.241379 0.586207 0.448276 0.306906 
0.275862 0.586207 0.448276 0.353845 
0.310345 0.586207 0.448276 0.279136 
0.344828 0.586207 0.448276 0.348952 
0.37931 0.586207 0.448276 0.340572 
0.413793 0.586207 0.448276 0.300865 
0.448276 0.586207 0.448276 0.348856 
0.482759 0.586207 0.448276 0.341193 
0.517241 0.586207 0.448276 0.355849 
0.551724 0.586207 0.448276 0.335344 
0.586207 0.586207 0.448276 0.356736 
0.62069 0.586207 0.448276 0.353535 
0.655172 0.586207 0.448276 0.348284 
0.689655 0.586207 0.448276 0.358074 
0.724138 0.586207 0.448276 0.353415 
0.758621 0.586207 0.448276 0.349655 
0.793103 0.586207 0.448276 0.349466 
0.827586 0.586207 0.448276 0.334564 
0.862069 0.586207 0.448276 0.35227 
0.896552 0.586207 0.448276 0.36223 
0.931034 0.586207 0.448276 0.340612 
0.965517 0.586207 0.448276 0.353198 
1 0.586207 0.448276 0.343157 
0 0.62069 0.448276 0.31301 
0.0344828 0.62069 0.448276 0.325087 
0.0689655 0.62069 0.448276 0.358273 
0.103448 0.62069 0.448276 0.343423 
0.137931 0.62069 0.448276 0.346299 
0.172414 0.62069 0.448276 0.318449 
0.206897 0.62069 0.448276 0.352213 
0.241379 0.62069 0.448276 0.328879 
0.275862 0.62069 0.448276 0.310405 
0.310345 0.62069 0.448276 0.356063 
0.344828 0.62069 0.448276 0.303348 
0.37931 0.62069 0.448276 0.323158 
0.413793 0.62069 0.448276 0.343382 
0.448276 0.62069 0.448276 0.333485 
0.482759 0.62069 0.448276 0.299785 
0.517241 0.62069 0.448276 0.350597 
0.551724 0.62069 0.448276 0.298841 
0.586207 0.62069 0.448276 0.349021 
0.62069 0.62069 0.448276 0.2957 
0.655172 0.62069 0.448276 0.348938 
0.689655 0.62069 0.448276 0.357982 
0.724138 0.62069 0.448276 0.349544 
0.758621 0.62069 0.448276 0.350087 
0.793103 0.62069 0.448276 0.355687 
0.827586 0.62069 0.448276 0.353373 
0.862069 0.62069 0.448276 0.343927 
0.896552 0.62069 0.448276 0.350427 
0.931034 0.62069 0.448276 0.313447 
0.965517 0.62069 0.448276 0.341707 
1 0.62069 0.448276 0.353141 
0 0.655172 0.448276 0.284783 
0.0344828 0.655172 0.448276 0.342386 
0.0689655 0.655172 0.448276 0.347564 
0.103448 0.655172 0.448276 0.348986 
0.137931 0.655172 0.448276 0.367111 
0.172414 0.655172 0.448276 0.308127 
0.206897 0.655172 0.448276 0.313749 
0.241379 0.655172 0.448276 0.338683 
0.275862 0.655172 0.448276 0.341902 
0.310345 0.655172 0.448276 0.353297 
0.344828 0.655172 0.448276 0.352963 
0.37931 0.655172 0.448276 0.364323 
0.413793 0.655172 0.448276 0.330181 
0.448276 0.655172 0.448276 0.350774 
0.482759 0.655172 0.448276 0.337407 
0.517241 0.655172 0.448276 0.359542 
0.551724 0.655172 0.448276 0.34963 
0.586207 0.655172 0.448276 0.335655 
0.62069 0.655172 0.448276 0.352072 
0.655172 0.655172 0.448276 0.351704 
0.689655 0.655172 0.448276 0.291924 
0.724138 0.655172 0.448276 0.353094 
0.758621 0.655172 0.448276 0.350406 
0.793103 0.655172 0.448276 0.350031 
0.827586 0.655172 0.448276 0.349824 
0.862069 0.655172 0.448276 0.293674 
0.896552 0.655172 0.448276 0.292184 
0.931034 0.655172 0.448276 0.330452 
0.965517 0.655172 0.448276 0.331984 
1 0.655172 0.448276 0.295087 
0 0.689655 0.448276 0.269013 
0.0344828 0.689655 0.448276 0.363938 
0.0689655 0.689655 0.448276 0.332745 
0.103448 0.689655 0.448276 0.325709 
0.137931 0.689655 0.448276 0.325211 
0.172414 0.689655 0.448276 0.358277 
0.206897 0.689655 0.448276 0.319395 
0.241379 0.689655 0.448276 0.305747 
0.275862 0.689655 0.448276 0.343592 
0.310345 0.689655 0.448276 0.331158 
0.344828 0.689655 0.448276 0.356077 
0.37931 0.689655 0.448276 0.353809 
0.413793 0.689655 0.448276 0.343062 
0.448276 0.689655 0.448276 0.33957 
0.482759 0.689655 0.448276 0.313119 
0.517241 0.689655 0.448276 0.348312 
0.551724 0.689655 0.448276 0.302971 
0.586207 0.689655 0.448276 0.34655 
0.62069 0.689655 0.448276 0.349924 
0.655172 0.689655 0.448276 0.295989 
0.689655 0.689655 0.448276 0.277507 
0.724138 0.689655 0.448276 0.355442 
0.758621 0.689655 0.448276 0.29476 
0.793103 0.689655 0.448276 0.351024 
0.827586 0.689655 0.448276 0.29646 
0.862069 0.689655 0.448276 0.34884 
0.896552 0.689655 0.448276 0.292691 
0.931034 0.689655 0.448276 0.326823 
0.965517 0.689655 0.448276 0.359666 
1 0.689655 0.448276 0.34648 
0 0.724138 0.448276 0.299156 
0.0344828 0.724138 0.448276 0.330182 
0.0689655 0.724138 0.448276 0.297677 
0.103448 0.724138 0.448276 0.354725 
0.137931 0.724138 0.448276 0.326883 
0.172414 0.724138 0.448276 0.355758 
0.206897 0.724138 0.448276 0.352887 
0.241379 0.724138 0.448276 0.321633 
0.275862 0.724138 0.448276 0.311099 
0.310345 0.724138 0.448276 0.309041 
0.344828 0.724138 0.448276 0.351105 
0.37931 0.724138 0.448276 0.306252 
0.413793 0.724138 0.448276 0.352936 
0.448276 0.724138 0.448276 0.301777 
0.482759 0.724138 0.448276 0.343789 
0.517241 0.724138 0.448276 0.34884 
0.551724 0.724138 0.448276 0.34046 
0.586207 0.724138 0.448276 0.348047 
0.62069 0.724138 0.448276 0.334657 
0.655172 0.724138 0.448276 0.335148 
0.689655 0.724138 0.448276 0.356627 
0.724138 0.724138 0.448276 0.285022 
0.758621 0.724138 0.448276 0.330394 
0.793103 0.724138 0.448276 0.356054 
0.827586 0.724138 0.448276 0.339554 
0.862069 0.724138 0.448276 0.346774 
0.896552 0.724138 0.448276 0.350272 
0.931034 0.724138 0.448276 0.352031 
0.965517 0.724138 0.448276 0.292588 
1 0.724138 0.448276 0.351154 
0 0.758621 0.448276 0.345479 
0.0344828 0.758621 0.448276 0.350026 
0.0689655 0.758621 0.448276 0.340854 
0.103448 0.758621 0.448276 0.336558 
0.137931 0.758621 0.448276 0.344907 
0.172414 0.758621 0.448276 0.361257 
0.206897 0.758621 0.448276 0.351839 
0.241379 0.758621 0.448276 0.350321 
0.275862 0.758621 0.448276 0.348915 
0.310345 0.758621 0.448276 0.304577 
0.344828 0.758621 0.448276 0.345742 
0.37931 0.758621 0.448276 0.311365 
0.413793 0.758621 0.448276 0.35156 
0.448276 0.758621 0.448276 0.284899 
0.482759 0.758621 0.448276 0.308005 
0.517241 0.758621 0.448276 0.338957 
0.551724 0.758621 0.448276 0.358991 
0.586207 0.758621 0.448276 0.345857 
0.62069 0.758621 0.448276 0.339203 
0.655172 0.758621 0.448276 0.356454 
0.689655 0.758621 0.448276 0.345676 
0.724138 0.758621 0.448276 0.343607 
0.758621 0.758621 0.448276 0.343415 
0.793103 0.758621 0.448276 0.344214 
0.827586 0.758621 0.448276 0.350334 
0.862069 0.758621 0.448276 0.294597 
0.896552 0.758621 0.448276 0.357248 
0.931034 0.758621 0.448276 0.315962 
0.965517 0.758621 0.448276 0.345257 
1 0.758621 0.448276 0.347855 
0 0.793103 0.448276 0.354305 
0.0344828 0.793103 0.448276 0.345064 
0.0689655 0.793103 0.448276 0.351263 
0.103448 0.793103 0.448276 0.34877 
0.137931 0.793103 0.448276 0.294328 
0.172414 0.793103 0.448276 0.350411 
0.206897 0.793103 0.448276 0.339056 
0.241379 0.793103 0.448276 0.355663 
0.275862 0.793103 0.448276 0.297521 
0.310345 0.793103 0.448276 0.350735 
0.344828 0.793103 0.448276 0.351474 
0.37931 0.793103 0.448276 0.346085 
0.413793 0.793103 0.448276 0.340133 
0.448276 0.793103 0.448276 0.3556 
0.482759 0.793103 0.448276 0.280725 
0.517241 0.793103 0.448276 0.350368 
0.551724 0.793103 0.448276 0.34861 
0.586207 0.793103 0.448276 0.348819 
0.62069 0.793103 0.448276 0.334997 
0.655172 0.793103 0.448276 0.299047 
0.689655 0.793103 0.448276 0.291707 
0.724138 0.793103 0.448276 0.348015 
0.758621 0.793103 0.448276 0.349929 
0.793103 0.793103 0.448276 0.357373 
0.827586 0.793103 0.448276 0.345698 
0.862069 0.793103 0.448276 0.338032 
0.896552 0.793103 0.448276 0.351276 
0.931034 0.793103 0.448276 0.347106 
0.965517 0.793103 0.448276 0.338993 
1 0.793103 0.448276 0.348245 
0 0.827586 0.448276 0.338417 
0.0344828 0.827586 0.448276 0.348081 
0.0689655 0.827586 0.448276 0.359325 
0.103448 0.827586 0.448276 0.337092 
0.137931 0.827586 0.448276 0.349618 
0.172414 0.827586 0.448276 0.292798 
0.206897 0.827586 0.448276 0.345146 
0.241379 0.827586 0.448276 0.32674 
0.275862 0.827586 0.448276 0.342539 
0.310345 0.827586 0.448276 0.325067 
0.344828 0.827586 0.448276 0.360934 
0.37931 0.827586 0.448276 0.347012 
0.413793 0.827586 0.448276 0.316505 
0.448276 0.827586 0.448276 0.347019 
0.482759 0.827586 0.448276 0.310407 
0.517241 0.827586 0.448276 0.339108 
0.551724 0.827586 0.448276 0.319824 
0.586207 0.827586 0.448276 0.360802 
0.62069 0.827586 0.448276 0.351993 
0.655172 0.827586 0.448276 0.340977 
0.689655 0.827586 0.448276 0.342666 
0.724138 0.827586 0.448276 0.301035 
0.758621 0.827586 0.448276 0.342326 
0.793103 0.827586 0.448276 0.349002 
0.827586 0.827586 0.448276 0.348562 
0.862069 0.827586 0.448276 0.350493 
0.896552 0.827586 0.448276 0.311083 
0.931034 0.827586 0.448276 0.353789 
0.965517 0.827586 0.448276 0.34423 
1 0.827586 0.448276 0.349012 
0 0.862069 0.448276 0.350798 
0.0344828 0.862069 0.448276 0.35334 
0.0689655 0.862069 0.448276 0.340603 
0.103448 0.862069 0.448276 0.342928 
0.137931 0.862069 0.448276 0.342383 
0.172414 0.862069 0.448276 0.354893 
0.206897 0.862069 0.448276 0.29233 
0.241379 0.862069 0.448276 0.334278 
0.275862 0.862069 0.448276 0.349588 
0.310345 0.862069 0.448276 0.345855 
0.344828 0.862069 0.448276 0.349456 
0.37931 0.862069 0.448276 0.298612 
0.413793 0.862069 0.448276 0.303377 
0.448276 0.862069 0.448276 0.326533 
0.482759 0.862069 0.448276 0.362968 
0.517241 0.862069 0.448276 0.356764 
0.551724 0.862069 0.448276 0.318144 
0.586207 0.862069 0.448276 0.344108 
0.62069 0.862069 0.448276 0.310339 
0.655172 0.862069 0.448276 0.340383 
0.689655 0.862069 0.448276 0.346949 
0.724138 0.862069 0.448276 0.365081 
0.758621 0.862069 0.448276 0.299554 
0.793103 0.862069 0.448276 0.343101 
0.827586 0.862069 0.448276 0.346176 
0.862069 0.862069 0.448276 0.346107 
0.896552 0.862069 0.448276 0.351894 
0.931034 0.862069 0.448276 0.297336 
0.965517 0.862069 0.448276 0.302559 
1 0.862069 0.448276 0.297526 
0 0.896552 0.448276 0.347171 
0.0344828 0.896552 0.448276 0.343743 
0.0689655 0.896552 0.448276 0.291765 
0.103448 0.896552 0.448276 0.292259 
0.137931 0.896552 0.448276 0.349499 
0.172414 0.896552 0.448276 0.350424 
0.206897 0.896552 0.448276 0.337058 
0.241379 0.896552 0.448276 0.334422 
0.275862 0.896552 0.448276 0.355553 
0.310345 0.896552 0.448276 0.325184 
0.344828 0.896552 0.448276 0.351927 
0.37931 0.896552 0.448276 0.352524 
0.413793 0.896552 0.448276 0.34803 
0.448276 0.896552 0.448276 0.314565 
0.482759 0.896552 0.448276 0.325568 
0.517241 0.896552 0.448276 0.356812 
0.551724 0.896552 0.448276 0.340743 
0.586207 0.896552 0.448276 0.347231 
0.62069 0.896552 0.448276 0.342863 
0.655172 0.896552 0.448276 0.307609 
0.689655 0.896552 0.448276 0.357353 
0.724138 0.896552 0.448276 0.351404 
0.758621 0.896552 0.448276 0.348542 
0.793103 0.896552 0.448276 0.308039 
0.827586 0.896552 0.448276 0.351487 
0.862069 0.896552 0.448276 0.345445 
0.896552 0.896552 0.448276 0.345416 
0.931034 0.896552 0.448276 0.344601 
0.965517 0.896552 0.448276 0.297709 
1 0.896552 0.448276 0.346468 
0 0.931034 0.448276 0.348069 
0.0344828 0.931034 0.448276 0.316715 
0.0689655 0.931034 0.448276 0.275044 
0.103448 0.931034 0.448276 0.301924 
0.137931 0.931034 0.448276 0.348298 
0.172414 0.931034 0.448276 0.341951 
0.206897 0.931034 0.448276 0.342574 
0.241379 0.931034 0.448276 0.346926 
0.275862 0.931034 0.448276 0.349831 
0.310345 0.931034 0.448276 0.354551 
0.344828 0.931034 0.448276 0.3383 
0.37931 0.931034 0.448276 0.335267 
0.413793 0.931034 0.448276 0.335731 
0.448276 0.931034 0.448276 0.352541 
0.482759 0.931034 0.448276 0.342749 
0.517241 0.931034 0.448276 0.3272 
0.551724 0.931034 0.448276 0.347976 
0.586207 0.931034 0.448276 0.346392 
0.62069 0.931034 0.448276 0.341485 
0.655172 0.931034 0.448276 0.340828 
0.689655 0.931034 0.448276 0.359515 
0.724138 0.931034 0.448276 0.351385 
0.758621 0.931034 0.448276 0.311207 
0.793103 0.931034 0.448276 0.340961 
0.827586 0.931034 0.448276 0.324475 
0.862069 0.931034 0.448276 0.356903 
0.896552 0.931034 0.448276 0.339007 
0.931034 0.931034 0.448276 0.311892 
0.965517 0.931034 0.448276 0.360916 
1 0.931034 0.448276 0.335491 
0 0.965517 0.448276 0.304509 
0.0344828 0.965517 0.448276 0.341853 
0.0689655 0.965517 0.448276 0.335535 
0.103448 0.965517 0.448276 0.354237 
0.137931 0.965517 0.448276 0.341922 
0.172414 0.965517 0.448276 0.354762 
0.206897 0.965517 0.448276 0.340917 
0.241379 0.965517 0.448276 0.343607 
0.275862 0.965517 0.448276 0.341236 
0.310345 0.965517 0.448276 0.343116 
0.344828 0.965517 0.448276 0.307631 
0.37931 0.965517 0.448276 0.340282 
0.413793 0.965517 0.448276 0.34047 
0.448276 0.965517 0.448276 0.34545 
0.482759 0.965517 0.448276 0.338614 
0.517241 0.965517 0.448276 0.267456 
0.551724 0.965517 0.448276 0.336065 
0.586207 0.965517 0.448276 0.343277 
0.62069 0.965517 0.448276 0.34244 
0.655172 0.965517 0.448276 0.35142 
0.689655 0.965517 0.448276 0.344447 
0.724138 0.965517 0.448276 0.337389 
0.758621 0.965517 0.448276 0.351343 
0.793103 0.965517 0.448276 0.339462 
0.827586 0.965517 0.448276 0.350261 
0.862069 0.965517 0.448276 0.348551 
0.896552 0.965517 0.448276 0.332646 
0.931034 0.965517 0.448276 0.344105 
0.965517 0.965517 0.448276 0.340254 
1 0.965517 0.448276 0.339683 
0 1 0.448276 0.343568 
0.0344828 1 0.448276 0.352361 
0.0689655 1 0.448276 0.34571 
0.103448 1 0.448276 0.295168 
0.137931 1 0.448276 0.329987 
0.172414 1 0.448276 0.356693 
0.206897 1 0.448276 0.342902 
0.241379 1 0.448276 0.342131 
0.275862 1 0.448276 0.289125 
0.310345 1 0.448276 0.332907 
0.344828 1 0.448276 0.355314 
0.37931 1 0.448276 0.349522 
0.413793 1 0.448276 0.336765 
0.448276 1 0.448276 0.340463 
0.482759 1 0.448276 0.31923 
0.517241 1 0.448276 0.34468 
0.551724 1 0.448276 0.32504 
0.586207 1 0.448276 0.307051 
0.62069 1 0.448276 0.29817 
0.655172 1 0.448276 0.3499 
0.689655 1 0.448276 0.299179 
0.724138 1 0.448276 0.339363 
0.758621 1 0.448276 0.343686 
0.793103 1 0.448276 0.358523 
0.827586 1 0.448276 0.312112 
0.862069 1 0.448276 0.304698 
0.896552 1 0.448276 0.334442 
0.931034 1 0.448276 0.339335 
0.965517 1 0.448276 0.350251 
1 1 0.448276 0.309514 
0 0 0.482759 0.32117 
0.0344828 0 0.482759 0.32117 
0.0689655 0 0.482759 0.32117 
0.103448 0 0.482759 0.32117 
0.137931 0 0.482759 0.32117 
0.172414 0 0.482759 0.32117 
0.206897 0 0.482759 0.32117 
0.241379 0 0.482759 0.32117 
0.275862 0 0.482759 0.32117 
0.310345 0 0.482759 0.32117 
0.344828 0 0.482759 0.32117 
0.37931 0 0.482759 0.32117 
0.413793 0 0.482759 0.32117 
0.448276 0 0.482759 0.32117 
0.482759 0 0.482759 0.32117 
0.517241 0 0.482759 0.32117 
0.551724 0 0.482759 0.32117 
0.586207 0 0.482759 0.32117 
0.62069 0 0.482759 0.32117 
0.655172 0 0.482759 0.32117 
0.689655 0 0.482759 0.32117 
0.724138 0 0.482759 0.32117 
0.758621 0 0.482759 0.32117 
0.793103 0 0.482759 0.32117 
0.827586 0 0.482759 0.32117 
0.862069 0 0.482759 0.32117 
0.896552 0 0.482759 0.32117 
0.931034 0 0.482759 0.32117 
0.965517 0 0.482759 0.32117 
1 0 0.482759 0.32117 
0 0.0344828 0.482759 0.32094 
0.0344828 0.0344828 0.482759 0.321134 
0.0689655 0.0344828 0.482759 0.262083 
0.103448 0.0344828 0.482759 0.260894 
0.137931 0.0344828 0.482759 0.274136 
0.172414 0.0344828 0.482759 0.31237 
0.206897 0.0344828 0.482759 0.301103 
0.241379 0.0344828 0.482759 0.319984 
0.275862 0.0344828 0.482759 0.309677 
0.310345 0.0344828 0.482759 0.321855 
0.344828 0.0344828 0.482759 0.301258 
0.37931 0.0344828 0.482759 0.315955 
0.413793 0.0344828 0.482759 0.315468 
0.448276 0.0344828 0.482759 0.279223 
0.482759 0.0344828 0.482759 0.314493 
0.517241 0.0344828 0.482759 0.299039 
0.551724 0.0344828 0.482759 0.333224 
0.586207 0.0344828 0.482759 0.319646 
0.62069 0.0344828 0.482759 0.298284 
0.655172 0.0344828 0.482759 0.321294 
0.689655 0.0344828 0.482759 0.308466 
0.724138 0.0344828 0.482759 0.289867 
0.758621 0.0344828 0.482759 0.330184 
0.793103 0.0344828 0.482759 0.318699 
0.827586 0.0344828 0.482759 0.301415 
0.862069 0.0344828 0.482759 0.335689 
0.896552 0.0344828 0.482759 0.301349 
0.931034 0.0344828 0.482759 0.325901 
0.965517 0.0344828 0.482759 0.295405 
1 0.0344828 0.482759 0.335016 
0 0.0689655 0.482759 0.3204 
0.0344828 0.0689655 0.482759 0.318029 
0.0689655 0.0689655 0.482759 0.32231 
0.103448 0.0689655 0.482759 0.272473 
0.137931 0.0689655 0.482759 0.332016 
0.172414 0.0689655 0.482759 0.269696 
0.206897 0.0689655 0.482759 0.325001 
0.241379 0.0689655 0.482759 0.320308 
0.275862 0.0689655 0.482759 0.312234 
0.310345 0.0689655 0.482759 0.313871 
0.344828 0.0689655 0.482759 0.264198 
0.37931 0.0689655 0.482759 0.326544 
0.413793 0.0689655 0.482759 0.312157 
0.448276 0.0689655 0.482759 0.32171 
0.482759 0.0689655 0.482759 0.304623 
0.517241 0.0689655 0.482759 0.324324 
0.551724 0.0689655 0.482759 0.252561 
0.586207 0.0689655 0.482759 0.302219 
0.62069 0.0689655 0.482759 0.315149 
0.655172 0.0689655 0.482759 0.27349 
0.689655 0.0689655 0.482759 0.302691 
0.724138 0.0689655 0.482759 0.304862 
0.758621 0.0689655 0.482759 0.273497 
0.793103 0.0689655 0.482759 0.319025 
0.827586 0.0689655 0.482759 0.309106 
0.862069 0.0689655 0.482759 0.305039 
0.896552 0.0689655 0.482759 0.322602 
0.931034 0.0689655 0.482759 0.280822 
0.965517 0.0689655 0.482759 0.314776 
1 0.0689655 0.482759 0.317318 
0 0.103448 0.482759 0.31182 
0.0344828 0.103448 0.482759 0.329925 
0.0689655 0.103448 0.482759 0.268851 
0.103448 0.103448 0.482759 0.26872 
0.137931 0.103448 0.482759 0.26793 
0.172414 0.103448 0.482759 0.319729 
0.206897 0.103448 0.482759 0.311828 
0.241379 0.103448 0.482759 0.323241 
0.275862 0.103448 0.482759 0.319799 
0.310345 0.103448 0.482759 0.318758 
0.344828 0.103448 0.482759 0.293657 
0.37931 0.103448 0.482759 0.2655 
0.413793 0.103448 0.482759 0.318344 
0.448276 0.103448 0.482759 0.270037 
0.482759 0.103448 0.482759 0.320297 
0.517241 0.103448 0.482759 0.312751 
0.551724 0.103448 0.482759 0.302007 
0.586207 0.103448 0.482759 0.270262 
0.62069 0.103448 0.482759 0.310549 
0.655172 0.103448 0.482759 0.264695 
0.689655 0.103448 0.482759 0.321722 
0.724138 0.103448 0.482759 0.316611 
0.758621 0.103448 0.482759 0.319536 
0.793103 0.103448 0.482759 0.307741 
0.827586 0.103448 0.482759 0.264313 
0.862069 0.103448 0.482759 0.320853 
0.896552 0.103448 0.482759 0.323884 
0.931034 0.103448 0.482759 0.322287 
0.965517 0.103448 0.482759 0.270156 
1 0.103448 0.482759 0.314992 
0 0.137931 0.482759 0.315099 
0.0344828 0.137931 0.482759 0.325859 
0.0689655 0.137931 0.482759 0.318075 
0.103448 0.137931 0.482759 0.323517 
0.137931 0.137931 0.482759 0.268502 
0.172414 0.137931 0.482759 0.311764 
0.206897 0.137931 0.482759 0.285743 
0.241379 0.137931 0.482759 0.314152 
0.275862 0.137931 0.482759 0.328883 
0.310345 0.137931 0.482759 0.268138 
0.344828 0.137931 0.482759 0.268752 
0.37931 0.137931 0.482759 0.268129 
0.413793 0.137931 0.482759 0.301867 
0.448276 0.137931 0.482759 0.268593 
0.482759 0.137931 0.482759 0.306376 
0.517241 0.137931 0.482759 0.322348 
0.551724 0.137931 0.482759 0.310744 
0.586207 0.137931 0.482759 0.320684 
0.62069 0.137931 0.482759 0.321539 
0.655172 0.137931 0.482759 0.312814 
0.689655 0.137931 0.482759 0.320261 
0.724138 0.137931 0.482759 0.308671 
0.758621 0.137931 0.482759 0.268821 
0.793103 0.137931 0.482759 0.329237 
0.827586 0.137931 0.482759 0.320726 
0.862069 0.137931 0.482759 0.31348 
0.896552 0.137931 0.482759 0.3297 
0.931034 0.137931 0.482759 0.267882 
0.965517 0.137931 0.482759 0.326953 
1 0.137931 0.482759 0.30897 
0 0.172414 0.482759 0.319869 
0.0344828 0.172414 0.482759 0.317135 
0.0689655 0.172414 0.482759 0.315205 
0.103448 0.172414 0.482759 0.270825 
0.137931 0.172414 0.482759 0.269614 
0.172414 0.172414 0.482759 0.245475 
0.206897 0.172414 0.482759 0.295519 
0.241379 0.172414 0.482759 0.31966 
0.275862 0.172414 0.482759 0.32549 
0.310345 0.172414 0.482759 0.319819 
0.344828 0.172414 0.482759 0.312057 
0.37931 0.172414 0.482759 0.320583 
0.413793 0.172414 0.482759 0.312449 
0.448276 0.172414 0.482759 0.269006 
0.482759 0.172414 0.482759 0.267169 
0.517241 0.172414 0.482759 0.312929 
0.551724 0.172414 0.482759 0.326576 
0.586207 0.172414 0.482759 0.317176 
0.62069 0.172414 0.482759 0.267604 
0.655172 0.172414 0.482759 0.318663 
0.689655 0.172414 0.482759 0.26885 
0.724138 0.172414 0.482759 0.320757 
0.758621 0.172414 0.482759 0.323859 
0.793103 0.172414 0.482759 0.26778 
0.827586 0.172414 0.482759 0.312741 
0.862069 0.172414 0.482759 0.312188 
0.896552 0.172414 0.482759 0.32612 
0.931034 0.172414 0.482759 0.320395 
0.965517 0.172414 0.482759 0.267129 
1 0.172414 0.482759 0.326731 
0 0.206897 0.482759 0.324511 
0.0344828 0.206897 0.482759 0.322977 
0.0689655 0.206897 0.482759 0.309755 
0.103448 0.206897 0.482759 0.271423 
0.137931 0.206897 0.482759 0.327562 
0.172414 0.206897 0.482759 0.322298 
0.206897 0.206897 0.482759 0.319399 
0.241379 0.206897 0.482759 0.255118 
0.275862 0.206897 0.482759 0.308452 
0.310345 0.206897 0.482759 0.317337 
0.344828 0.206897 0.482759 0.320341 
0.37931 0.206897 0.482759 0.316555 
0.413793 0.206897 0.482759 0.329128 
0.448276 0.206897 0.482759 0.312267 
0.482759 0.206897 0.482759 0.270842 
0.517241 0.206897 0.482759 0.272401 
0.551724 0.206897 0.482759 0.318158 
0.586207 0.206897 0.482759 0.267205 
0.62069 0.206897 0.482759 0.327991 
0.655172 0.206897 0.482759 0.321487 
0.689655 0.206897 0.482759 0.3192 
0.724138 0.206897 0.482759 0.268709 
0.758621 0.206897 0.482759 0.270186 
0.793103 0.206897 0.482759 0.312564 
0.827586 0.206897 0.482759 0.321332 
0.862069 0.206897 0.482759 0.267891 
0.896552 0.206897 0.482759 0.267678 
0.931034 0.206897 0.482759 0.316624 
0.965517 0.206897 0.482759 0.319917 
1 0.206897 0.482759 0.319404 
0 0.241379 0.482759 0.281122 
0.0344828 0.241379 0.482759 0.297538 
0.0689655 0.241379 0.482759 0.327392 
0.103448 0.241379 0.482759 0.311916 
0.137931 0.241379 0.482759 0.280042 
0.172414 0.241379 0.482759 0.318415 
0.206897 0.241379 0.482759 0.268931 
0.241379 0.241379 0.482759 0.326626 
0.275862 0.241379 0.482759 0.286555 
0.310345 0.241379 0.482759 0.321242 
0.344828 0.241379 0.482759 0.322423 
0.37931 0.241379 0.482759 0.315844 
0.413793 0.241379 0.482759 0.277611 
0.448276 0.241379 0.482759 0.317665 
0.482759 0.241379 0.482759 0.319569 
0.517241 0.241379 0.482759 0.306466 
0.551724 0.241379 0.482759 0.332158 
0.586207 0.241379 0.482759 0.297399 
0.62069 0.241379 0.482759 0.309711 
0.655172 0.241379 0.482759 0.316007 
0.689655 0.241379 0.482759 0.304733 
0.724138 0.241379 0.482759 0.329816 
0.758621 0.241379 0.482759 0.326777 
0.793103 0.241379 0.482759 0.314172 
0.827586 0.241379 0.482759 0.268967 
0.862069 0.241379 0.482759 0.321215 
0.896552 0.241379 0.482759 0.268101 
0.931034 0.241379 0.482759 0.314569 
0.965517 0.241379 0.482759 0.302039 
1 0.241379 0.482759 0.320681 
0 0.275862 0.482759 0.276635 
0.0344828 0.275862 0.482759 0.278936 
0.0689655 0.275862 0.482759 0.310496 
0.103448 0.275862 0.482759 0.326092 
0.137931 0.275862 0.482759 0.31535 
0.172414 0.275862 0.482759 0.31464 
0.206897 0.275862 0.482759 0.314227 
0.241379 0.275862 0.482759 0.312694 
0.275862 0.275862 0.482759 0.272882 
0.310345 0.275862 0.482759 0.298194 
0.344828 0.275862 0.482759 0.326885 
0.37931 0.275862 0.482759 0.273637 
0.413793 0.275862 0.482759 0.313385 
0.448276 0.275862 0.482759 0.324199 
0.482759 0.275862 0.482759 0.272317 
0.517241 0.275862 0.482759 0.320601 
0.551724 0.275862 0.482759 0.259021 
0.586207 0.275862 0.482759 0.320823 
0.62069 0.275862 0.482759 0.272169 
0.655172 0.275862 0.482759 0.324058 
0.689655 0.275862 0.482759 0.306577 
0.724138 0.275862 0.482759 0.27146 
0.758621 0.275862 0.482759 0.316045 
0.793103 0.275862 0.482759 0.319335 
0.827586 0.275862 0.482759 0.303101 
0.862069 0.275862 0.482759 0.310305 
0.896552 0.275862 0.482759 0.320912 
0.931034 0.275862 0.482759 0.326964 
0.965517 0.275862 0.482759 0.326166 
1 0.275862 0.482759 0.318567 
0 0.310345 0.482759 0.313048 
0.0344828 0.310345 0.482759 0.315418 
0.0689655 0.310345 0.482759 0.280953 
0.103448 0.310345 0.482759 0.310806 
0.137931 0.310345 0.482759 0.303364 
0.172414 0.310345 0.482759 0.311788 
0.206897 0.310345 0.482759 0.325906 
0.241379 0.310345 0.482759 0.283131 
0.275862 0.310345 0.482759 0.278916 
0.310345 0.310345 0.482759 0.311179 
0.344828 0.310345 0.482759 0.316008 
0.37931 0.310345 0.482759 0.317457 
0.413793 0.310345 0.482759 0.284046 
0.448276 0.310345 0.482759 0.256621 
0.482759 0.310345 0.482759 0.280066 
0.517241 0.310345 0.482759 0.329302 
0.551724 0.310345 0.482759 0.318068 
0.586207 0.310345 0.482759 0.244555 
0.62069 0.310345 0.482759 0.323493 
0.655172 0.310345 0.482759 0.323617 
0.689655 0.310345 0.482759 0.277159 
0.724138 0.310345 0.482759 0.279023 
0.758621 0.310345 0.482759 0.314343 
0.793103 0.310345 0.482759 0.32626 
0.827586 0.310345 0.482759 0.310264 
0.862069 0.310345 0.482759 0.306074 
0.896552 0.310345 0.482759 0.322118 
0.931034 0.310345 0.482759 0.327124 
0.965517 0.310345 0.482759 0.323178 
1 0.310345 0.482759 0.317881 
0 0.344828 0.482759 0.246872 
0.0344828 0.344828 0.482759 0.298273 
0.0689655 0.344828 0.482759 0.292582 
0.103448 0.344828 0.482759 0.308856 
0.137931 0.344828 0.482759 0.262877 
0.172414 0.344828 0.482759 0.318769 
0.206897 0.344828 0.482759 0.323508 
0.241379 0.344828 0.482759 0.287449 
0.275862 0.344828 0.482759 0.286164 
0.310345 0.344828 0.482759 0.296304 
0.344828 0.344828 0.482759 0.315006 
0.37931 0.344828 0.482759 0.310199 
0.413793 0.344828 0.482759 0.286584 
0.448276 0.344828 0.482759 0.324046 
0.482759 0.344828 0.482759 0.321478 
0.517241 0.344828 0.482759 0.283764 
0.551724 0.344828 0.482759 0.317332 
0.586207 0.344828 0.482759 0.312042 
0.62069 0.344828 0.482759 0.323664 
0.655172 0.344828 0.482759 0.317991 
0.689655 0.344828 0.482759 0.318415 
0.724138 0.344828 0.482759 0.275889 
0.758621 0.344828 0.482759 0.324557 
0.793103 0.344828 0.482759 0.31194 
0.827586 0.344828 0.482759 0.320623 
0.862069 0.344828 0.482759 0.271737 
0.896552 0.344828 0.482759 0.322291 
0.931034 0.344828 0.482759 0.265077 
0.965517 0.344828 0.482759 0.309314 
1 0.344828 0.482759 0.319358 
0 0.37931 0.482759 0.320107 
0.0344828 0.37931 0.482759 0.281294 
0.0689655 0.37931 0.482759 0.308231 
0.103448 0.37931 0.482759 0.301369 
0.137931 0.37931 0.482759 0.275041 
0.172414 0.37931 0.482759 0.285591 
0.206897 0.37931 0.482759 0.298716 
0.241379 0.37931 0.482759 0.297606 
0.275862 0.37931 0.482759 0.323347 
0.310345 0.37931 0.482759 0.28193 
0.344828 0.37931 0.482759 0.278509 
0.37931 0.37931 0.482759 0.308577 
0.413793 0.37931 0.482759 0.314689 
0.448276 0.37931 0.482759 0.311556 
0.482759 0.37931 0.482759 0.284946 
0.517241 0.37931 0.482759 0.314938 
0.551724 0.37931 0.482759 0.310424 
0.586207 0.37931 0.482759 0.280415 
0.62069 0.37931 0.482759 0.283316 
0.655172 0.37931 0.482759 0.306629 
0.689655 0.37931 0.482759 0.294658 
0.724138 0.37931 0.482759 0.274407 
0.758621 0.37931 0.482759 0.305614 
0.793103 0.37931 0.482759 0.314712 
0.827586 0.37931 0.482759 0.321009 
0.862069 0.37931 0.482759 0.312424 
0.896552 0.37931 0.482759 0.269616 
0.931034 0.37931 0.482759 0.316885 
0.965517 0.37931 0.482759 0.309485 
1 0.37931 0.482759 0.318452 
0 0.413793 0.482759 0.316643 
0.0344828 0.413793 0.482759 0.315079 
0.0689655 0.413793 0.482759 0.320305 
0.103448 0.413793 0.482759 0.312686 
0.137931 0.413793 0.482759 0.3012 
0.172414 0.413793 0.482759 0.258132 
0.206897 0.413793 0.482759 0.273458 
0.241379 0.413793 0.482759 0.32192 
0.275862 0.413793 0.482759 0.300749 
0.310345 0.413793 0.482759 0.322857 
0.344828 0.413793 0.482759 0.303099 
0.37931 0.413793 0.482759 0.303903 
0.413793 0.413793 0.482759 0.32049 
0.448276 0.413793 0.482759 0.317757 
0.482759 0.413793 0.482759 0.283359 
0.517241 0.413793 0.482759 0.328266 
0.551724 0.413793 0.482759 0.322554 
0.586207 0.413793 0.482759 0.253336 
0.62069 0.413793 0.482759 0.279639 
0.655172 0.413793 0.482759 0.30254 
0.689655 0.413793 0.482759 0.306837 
0.724138 0.413793 0.482759 0.283197 
0.758621 0.413793 0.482759 0.316677 
0.793103 0.413793 0.482759 0.288084 
0.827586 0.413793 0.482759 0.31439 
0.862069 0.413793 0.482759 0.307161 
0.896552 0.413793 0.482759 0.318373 
0.931034 0.413793 0.482759 0.312954 
0.965517 0.413793 0.482759 0.299564 
1 0.413793 0.482759 0.274826 
0 0.448276 0.482759 0.316725 
0.0344828 0.448276 0.482759 0.290642 
0.0689655 0.448276 0.482759 0.300834 
0.103448 0.448276 0.482759 0.310196 
0.137931 0.448276 0.482759 0.287168 
0.172414 0.448276 0.482759 0.31779 
0.206897 0.448276 0.482759 0.327391 
0.241379 0.448276 0.482759 0.314569 
0.275862 0.448276 0.482759 0.311671 
0.310345 0.448276 0.482759 0.315721 
0.344828 0.448276 0.482759 0.311435 
0.37931 0.448276 0.482759 0.254788 
0.413793 0.448276 0.482759 0.308718 
0.448276 0.448276 0.482759 0.289482 
0.482759 0.448276 0.482759 0.307824 
0.517241 0.448276 0.482759 0.297312 
0.551724 0.448276 0.482759 0.283861 
0.586207 0.448276 0.482759 0.31751 
0.62069 0.448276 0.482759 0.302309 
0.655172 0.448276 0.482759 0.291357 
0.689655 0.448276 0.482759 0.317487 
0.724138 0.448276 0.482759 0.305451 
0.758621 0.448276 0.482759 0.290789 
0.793103 0.448276 0.482759 0.320295 
0.827586 0.448276 0.482759 0.315847 
0.862069 0.448276 0.482759 0.307516 
0.896552 0.448276 0.482759 0.308947 
0.931034 0.448276 0.482759 0.300707 
0.965517 0.448276 0.482759 0.311403 
1 0.448276 0.482759 0.309449 
0 0.482759 0.482759 0.314371 
0.0344828 0.482759 0.482759 0.265719 
0.0689655 0.482759 0.482759 0.308052 
0.103448 0.482759 0.482759 0.261841 
0.137931 0.482759 0.482759 0.311236 
0.172414 0.482759 0.482759 0.316168 
0.206897 0.482759 0.482759 0.307919 
0.241379 0.482759 0.482759 0.306164 
0.275862 0.482759 0.482759 0.317511 
0.310345 0.482759 0.482759 0.30246 
0.344828 0.482759 0.482759 0.308151 
0.37931 0.482759 0.482759 0.301943 
0.413793 0.482759 0.482759 0.306618 
0.448276 0.482759 0.482759 0.320795 
0.482759 0.482759 0.482759 0.30818 
0.517241 0.482759 0.482759 0.320496 
0.551724 0.482759 0.482759 0.326529 
0.586207 0.482759 0.482759 0.308249 
0.62069 0.482759 0.482759 0.2969 
0.655172 0.482759 0.482759 0.277748 
0.689655 0.482759 0.482759 0.289733 
0.724138 0.482759 0.482759 0.286894 
0.758621 0.482759 0.482759 0.305556 
0.793103 0.482759 0.482759 0.313423 
0.827586 0.482759 0.482759 0.28324 
0.862069 0.482759 0.482759 0.315158 
0.896552 0.482759 0.482759 0.322751 
0.931034 0.482759 0.482759 0.319587 
0.965517 0.482759 0.482759 0.310076 
1 0.482759 0.482759 0.292278 
0 0.517241 0.482759 0.319653 
0.0344828 0.517241 0.482759 0.306219 
0.0689655 0.517241 0.482759 0.307539 
0.103448 0.517241 0.482759 0.305705 
0.137931 0.517241 0.482759 0.319511 
0.172414 0.517241 0.482759 0.30221 
0.206897 0.517241 0.482759 0.318425 
0.241379 0.517241 0.482759 0.310043 
0.275862 0.517241 0.482759 0.322495 
0.310345 0.517241 0.482759 0.303016 
0.344828 0.517241 0.482759 0.309472 
0.37931 0.517241 0.482759 0.315326 
0.413793 0.517241 0.482759 0.304627 
0.448276 0.517241 0.482759 0.316179 
0.482759 0.517241 0.482759 0.300533 
0.517241 0.517241 0.482759 0.316237 
0.551724 0.517241 0.482759 0.321341 
0.586207 0.517241 0.482759 0.287815 
0.62069 0.517241 0.482759 0.323643 
0.655172 0.517241 0.482759 0.312279 
0.689655 0.517241 0.482759 0.285662 
0.724138 0.517241 0.482759 0.295491 
0.758621 0.517241 0.482759 0.313249 
0.793103 0.517241 0.482759 0.311252 
0.827586 0.517241 0.482759 0.320564 
0.862069 0.517241 0.482759 0.288794 
0.896552 0.517241 0.482759 0.30249 
0.931034 0.517241 0.482759 0.312739 
0.965517 0.517241 0.482759 0.315112 
1 0.517241 0.482759 0.289898 
0 0.551724 0.482759 0.266694 
0.0344828 0.551724 0.482759 0.31232 
0.0689655 0.551724 0.482759 0.310197 
0.103448 0.551724 0.482759 0.263313 
0.137931 0.551724 0.482759 0.315004 
0.172414 0.551724 0.482759 0.310021 
0.206897 0.551724 0.482759 0.307196 
0.241379 0.551724 0.482759 0.263865 
0.275862 0.551724 0.482759 0.307407 
0.310345 0.551724 0.482759 0.30982 
0.344828 0.551724 0.482759 0.30755 
0.37931 0.551724 0.482759 0.31653 
0.413793 0.551724 0.482759 0.317788 
0.448276 0.551724 0.482759 0.30247 
0.482759 0.551724 0.482759 0.313371 
0.517241 0.551724 0.482759 0.30871 
0.551724 0.551724 0.482759 0.318264 
0.586207 0.551724 0.482759 0.268801 
0.62069 0.551724 0.482759 0.316225 
0.655172 0.551724 0.482759 0.300139 
0.689655 0.551724 0.482759 0.296481 
0.724138 0.551724 0.482759 0.3176 
0.758621 0.551724 0.482759 0.323035 
0.793103 0.551724 0.482759 0.306957 
0.827586 0.551724 0.482759 0.316251 
0.862069 0.551724 0.482759 0.311626 
0.896552 0.551724 0.482759 0.312221 
0.931034 0.551724 0.482759 0.303668 
0.965517 0.551724 0.482759 0.283188 
1 0.551724 0.482759 0.307867 
0 0.586207 0.482759 0.319418 
0.0344828 0.586207 0.482759 0.313451 
0.0689655 0.586207 0.482759 0.310793 
0.103448 0.586207 0.482759 0.321021 
0.137931 0.586207 0.482759 0.306069 
0.172414 0.586207 0.482759 0.310427 
0.206897 0.586207 0.482759 0.31786 
0.241379 0.586207 0.482759 0.318482 
0.275862 0.586207 0.482759 0.305689 
0.310345 0.586207 0.482759 0.298169 
0.344828 0.586207 0.482759 0.313594 
0.37931 0.586207 0.482759 0.264255 
0.413793 0.586207 0.482759 0.295525 
0.448276 0.586207 0.482759 0.313031 
0.482759 0.586207 0.482759 0.249721 
0.517241 0.586207 0.482759 0.302762 
0.551724 0.586207 0.482759 0.313285 
0.586207 0.586207 0.482759 0.314253 
0.62069 0.586207 0.482759 0.316126 
0.655172 0.586207 0.482759 0.314404 
0.689655 0.586207 0.482759 0.31805 
0.724138 0.586207 0.482759 0.316568 
0.758621 0.586207 0.482759 0.307796 
0.793103 0.586207 0.482759 0.272807 
0.827586 0.586207 0.482759 0.311026 
0.862069 0.586207 0.482759 0.312916 
0.896552 0.586207 0.482759 0.324586 
0.931034 0.586207 0.482759 0.319662 
0.965517 0.586207 0.482759 0.315266 
1 0.586207 0.482759 0.309011 
0 0.62069 0.482759 0.270628 
0.0344828 0.62069 0.482759 0.304181 
0.0689655 0.62069 0.482759 0.311143 
0.103448 0.62069 0.482759 0.307759 
0.137931 0.62069 0.482759 0.316346 
0.172414 0.62069 0.482759 0.265714 
0.206897 0.62069 0.482759 0.313404 
0.241379 0.62069 0.482759 0.263721 
0.275862 0.62069 0.482759 0.315248 
0.310345 0.62069 0.482759 0.313938 
0.344828 0.62069 0.482759 0.295939 
0.37931 0.62069 0.482759 0.317128 
0.413793 0.62069 0.482759 0.26335 
0.448276 0.62069 0.482759 0.306886 
0.482759 0.62069 0.482759 0.310827 
0.517241 0.62069 0.482759 0.305115 
0.551724 0.62069 0.482759 0.308138 
0.586207 0.62069 0.482759 0.296112 
0.62069 0.62069 0.482759 0.312646 
0.655172 0.62069 0.482759 0.315723 
0.689655 0.62069 0.482759 0.311697 
0.724138 0.62069 0.482759 0.30636 
0.758621 0.62069 0.482759 0.320413 
0.793103 0.62069 0.482759 0.319992 
0.827586 0.62069 0.482759 0.31436 
0.862069 0.62069 0.482759 0.310532 
0.896552 0.62069 0.482759 0.307558 
0.931034 0.62069 0.482759 0.310528 
0.965517 0.62069 0.482759 0.319689 
1 0.62069 0.482759 0.315308 
0 0.655172 0.482759 0.27563 
0.0344828 0.655172 0.482759 0.309863 
0.0689655 0.655172 0.482759 0.312802 
0.103448 0.655172 0.482759 0.312222 
0.137931 0.655172 0.482759 0.307012 
0.172414 0.655172 0.482759 0.266702 
0.206897 0.655172 0.482759 0.319975 
0.241379 0.655172 0.482759 0.307594 
0.275862 0.655172 0.482759 0.299017 
0.310345 0.655172 0.482759 0.314413 
0.344828 0.655172 0.482759 0.313889 
0.37931 0.655172 0.482759 0.310459 
0.413793 0.655172 0.482759 0.263384 
0.448276 0.655172 0.482759 0.313098 
0.482759 0.655172 0.482759 0.262741 
0.517241 0.655172 0.482759 0.314061 
0.551724 0.655172 0.482759 0.304645 
0.586207 0.655172 0.482759 0.263684 
0.62069 0.655172 0.482759 0.315055 
0.655172 0.655172 0.482759 0.314644 
0.689655 0.655172 0.482759 0.299537 
0.724138 0.655172 0.482759 0.308174 
0.758621 0.655172 0.482759 0.313996 
0.793103 0.655172 0.482759 0.307883 
0.827586 0.655172 0.482759 0.316318 
0.862069 0.655172 0.482759 0.304831 
0.896552 0.655172 0.482759 0.295128 
0.931034 0.655172 0.482759 0.320095 
0.965517 0.655172 0.482759 0.308006 
1 0.655172 0.482759 0.254443 
0 0.689655 0.482759 0.272113 
0.0344828 0.689655 0.482759 0.277427 
0.0689655 0.689655 0.482759 0.318925 
0.103448 0.689655 0.482759 0.312368 
0.137931 0.689655 0.482759 0.321844 
0.172414 0.689655 0.482759 0.316735 
0.206897 0.689655 0.482759 0.323067 
0.241379 0.689655 0.482759 0.30504 
0.275862 0.689655 0.482759 0.313335 
0.310345 0.689655 0.482759 0.297661 
0.344828 0.689655 0.482759 0.306936 
0.37931 0.689655 0.482759 0.311852 
0.413793 0.689655 0.482759 0.304575 
0.448276 0.689655 0.482759 0.311048 
0.482759 0.689655 0.482759 0.319684 
0.517241 0.689655 0.482759 0.314341 
0.551724 0.689655 0.482759 0.31302 
0.586207 0.689655 0.482759 0.304645 
0.62069 0.689655 0.482759 0.304157 
0.655172 0.689655 0.482759 0.304463 
0.689655 0.689655 0.482759 0.307042 
0.724138 0.689655 0.482759 0.313945 
0.758621 0.689655 0.482759 0.306775 
0.793103 0.689655 0.482759 0.315691 
0.827586 0.689655 0.482759 0.304029 
0.862069 0.689655 0.482759 0.314388 
0.896552 0.689655 0.482759 0.303209 
0.931034 0.689655 0.482759 0.299537 
0.965517 0.689655 0.482759 0.294713 
1 0.689655 0.482759 0.309107 
0 0.724138 0.482759 0.254334 
0.0344828 0.724138 0.482759 0.313036 
0.0689655 0.724138 0.482759 0.278899 
0.103448 0.724138 0.482759 0.312742 
0.137931 0.724138 0.482759 0.311669 
0.172414 0.724138 0.482759 0.310072 
0.206897 0.724138 0.482759 0.31194 
0.241379 0.724138 0.482759 0.318153 
0.275862 0.724138 0.482759 0.267532 
0.310345 0.724138 0.482759 0.299202 
0.344828 0.724138 0.482759 0.309651 
0.37931 0.724138 0.482759 0.265895 
0.413793 0.724138 0.482759 0.314457 
0.448276 0.724138 0.482759 0.301968 
0.482759 0.724138 0.482759 0.304075 
0.517241 0.724138 0.482759 0.311137 
0.551724 0.724138 0.482759 0.303108 
0.586207 0.724138 0.482759 0.304437 
0.62069 0.724138 0.482759 0.262749 
0.655172 0.724138 0.482759 0.26386 
0.689655 0.724138 0.482759 0.305343 
0.724138 0.724138 0.482759 0.259924 
0.758621 0.724138 0.482759 0.310048 
0.793103 0.724138 0.482759 0.307809 
0.827586 0.724138 0.482759 0.312282 
0.862069 0.724138 0.482759 0.280799 
0.896552 0.724138 0.482759 0.322489 
0.931034 0.724138 0.482759 0.314185 
0.965517 0.724138 0.482759 0.297993 
1 0.724138 0.482759 0.312495 
0 0.758621 0.482759 0.31108 
0.0344828 0.758621 0.482759 0.310723 
0.0689655 0.758621 0.482759 0.316597 
0.103448 0.758621 0.482759 0.320376 
0.137931 0.758621 0.482759 0.292407 
0.172414 0.758621 0.482759 0.308538 
0.206897 0.758621 0.482759 0.312616 
0.241379 0.758621 0.482759 0.306668 
0.275862 0.758621 0.482759 0.305253 
0.310345 0.758621 0.482759 0.321539 
0.344828 0.758621 0.482759 0.302389 
0.37931 0.758621 0.482759 0.310325 
0.413793 0.758621 0.482759 0.295348 
0.448276 0.758621 0.482759 0.267665 
0.482759 0.758621 0.482759 0.313058 
0.517241 0.758621 0.482759 0.305354 
0.551724 0.758621 0.482759 0.312425 
0.586207 0.758621 0.482759 0.303222 
0.62069 0.758621 0.482759 0.306195 
0.655172 0.758621 0.482759 0.317534 
0.689655 0.758621 0.482759 0.310189 
0.724138 0.758621 0.482759 0.316094 
0.758621 0.758621 0.482759 0.309643 
0.793103 0.758621 0.482759 0.304585 
0.827586 0.758621 0.482759 0.286303 
0.862069 0.758621 0.482759 0.299196 
0.896552 0.758621 0.482759 0.313528 
0.931034 0.758621 0.482759 0.300358 
0.965517 0.758621 0.482759 0.313167 
1 0.758621 0.482759 0.304347 
0 0.793103 0.482759 0.309399 
0.0344828 0.793103 0.482759 0.304452 
0.0689655 0.793103 0.482759 0.314349 
0.103448 0.793103 0.482759 0.311848 
0.137931 0.793103 0.482759 0.283532 
0.172414 0.793103 0.482759 0.294736 
0.206897 0.793103 0.482759 0.307262 
0.241379 0.793103 0.482759 0.309498 
0.275862 0.793103 0.482759 0.273298 
0.310345 0.793103 0.482759 0.309862 
0.344828 0.793103 0.482759 0.310439 
0.37931 0.793103 0.482759 0.311557 
0.413793 0.793103 0.482759 0.306714 
0.448276 0.793103 0.482759 0.313463 
0.482759 0.793103 0.482759 0.272174 
0.517241 0.793103 0.482759 0.308991 
0.551724 0.793103 0.482759 0.312737 
0.586207 0.793103 0.482759 0.306199 
0.62069 0.793103 0.482759 0.306269 
0.655172 0.793103 0.482759 0.307412 
0.689655 0.793103 0.482759 0.283749 
0.724138 0.793103 0.482759 0.304116 
0.758621 0.793103 0.482759 0.319053 
0.793103 0.793103 0.482759 0.312072 
0.827586 0.793103 0.482759 0.304858 
0.862069 0.793103 0.482759 0.311056 
0.896552 0.793103 0.482759 0.313517 
0.931034 0.793103 0.482759 0.30348 
0.965517 0.793103 0.482759 0.305308 
1 0.793103 0.482759 0.30444 
0 0.827586 0.482759 0.308669 
0.0344828 0.827586 0.482759 0.312018 
0.0689655 0.827586 0.482759 0.324696 
0.103448 0.827586 0.482759 0.31518 
0.137931 0.827586 0.482759 0.306553 
0.172414 0.827586 0.482759 0.285386 
0.206897 0.827586 0.482759 0.283065 
0.241379 0.827586 0.482759 0.300708 
0.275862 0.827586 0.482759 0.302896 
0.310345 0.827586 0.482759 0.292404 
0.344828 0.827586 0.482759 0.30531 
0.37931 0.827586 0.482759 0.308137 
0.413793 0.827586 0.482759 0.311244 
0.448276 0.827586 0.482759 0.311309 
0.482759 0.827586 0.482759 0.313605 
0.517241 0.827586 0.482759 0.303785 
0.551724 0.827586 0.482759 0.319005 
0.586207 0.827586 0.482759 0.310177 
0.62069 0.827586 0.482759 0.310867 
0.655172 0.827586 0.482759 0.311626 
0.689655 0.827586 0.482759 0.309578 
0.724138 0.827586 0.482759 0.307147 
0.758621 0.827586 0.482759 0.315795 
0.793103 0.827586 0.482759 0.304102 
0.827586 0.827586 0.482759 0.286906 
0.862069 0.827586 0.482759 0.316281 
0.896552 0.827586 0.482759 0.29323 
0.931034 0.827586 0.482759 0.312899 
0.965517 0.827586 0.482759 0.289702 
1 0.827586 0.482759 0.289682 
0 0.862069 0.482759 0.312756 
0.0344828 0.862069 0.482759 0.313248 
0.0689655 0.862069 0.482759 0.30247 
0.103448 0.862069 0.482759 0.308705 
0.137931 0.862069 0.482759 0.305368 
0.172414 0.862069 0.482759 0.311529 
0.206897 0.862069 0.482759 0.286871 
0.241379 0.862069 0.482759 0.305865 
0.275862 0.862069 0.482759 0.318106 
0.310345 0.862069 0.482759 0.308842 
0.344828 0.862069 0.482759 0.31261 
0.37931 0.862069 0.482759 0.276486 
0.413793 0.862069 0.482759 0.269538 
0.448276 0.862069 0.482759 0.303396 
0.482759 0.862069 0.482759 0.313846 
0.517241 0.862069 0.482759 0.305302 
0.551724 0.862069 0.482759 0.32134 
0.586207 0.862069 0.482759 0.304863 
0.62069 0.862069 0.482759 0.265808 
0.655172 0.862069 0.482759 0.313981 
0.689655 0.862069 0.482759 0.310575 
0.724138 0.862069 0.482759 0.31964 
0.758621 0.862069 0.482759 0.307403 
0.793103 0.862069 0.482759 0.315445 
0.827586 0.862069 0.482759 0.307779 
0.862069 0.862069 0.482759 0.310181 
0.896552 0.862069 0.482759 0.31117 
0.931034 0.862069 0.482759 0.308602 
0.965517 0.862069 0.482759 0.313808 
1 0.862069 0.482759 0.309858 
0 0.896552 0.482759 0.311911 
0.0344828 0.896552 0.482759 0.318011 
0.0689655 0.896552 0.482759 0.29861 
0.103448 0.896552 0.482759 0.307404 
0.137931 0.896552 0.482759 0.313534 
0.172414 0.896552 0.482759 0.271527 
0.206897 0.896552 0.482759 0.306988 
0.241379 0.896552 0.482759 0.317152 
0.275862 0.896552 0.482759 0.303119 
0.310345 0.896552 0.482759 0.313044 
0.344828 0.896552 0.482759 0.309129 
0.37931 0.896552 0.482759 0.312323 
0.413793 0.896552 0.482759 0.320511 
0.448276 0.896552 0.482759 0.307479 
0.482759 0.896552 0.482759 0.316599 
0.517241 0.896552 0.482759 0.30518 
0.551724 0.896552 0.482759 0.313917 
0.586207 0.896552 0.482759 0.315486 
0.62069 0.896552 0.482759 0.303729 
0.655172 0.896552 0.482759 0.266684 
0.689655 0.896552 0.482759 0.309797 
0.724138 0.896552 0.482759 0.3091 
0.758621 0.896552 0.482759 0.292852 
0.793103 0.896552 0.482759 0.315786 
0.827586 0.896552 0.482759 0.312401 
0.862069 0.896552 0.482759 0.321539 
0.896552 0.896552 0.482759 0.317066 
0.931034 0.896552 0.482759 0.301156 
0.965517 0.896552 0.482759 0.309056 
1 0.896552 0.482759 0.309014 
0 0.931034 0.482759 0.312335 
0.0344828 0.931034 0.482759 0.307388 
0.0689655 0.931034 0.482759 0.309344 
0.103448 0.931034 0.482759 0.311628 
0.137931 0.931034 0.482759 0.262591 
0.172414 0.931034 0.482759 0.301421 
0.206897 0.931034 0.482759 0.295199 
0.241379 0.931034 0.482759 0.283652 
0.275862 0.931034 0.482759 0.302035 
0.310345 0.931034 0.482759 0.29779 
0.344828 0.931034 0.482759 0.308666 
0.37931 0.931034 0.482759 0.317675 
0.413793 0.931034 0.482759 0.300881 
0.448276 0.931034 0.482759 0.308424 
0.482759 0.931034 0.482759 0.305433 
0.517241 0.931034 0.482759 0.319943 
0.551724 0.931034 0.482759 0.307655 
0.586207 0.931034 0.482759 0.305889 
0.62069 0.931034 0.482759 0.300428 
0.655172 0.931034 0.482759 0.296752 
0.689655 0.931034 0.482759 0.288963 
0.724138 0.931034 0.482759 0.318396 
0.758621 0.931034 0.482759 0.312776 
0.793103 0.931034 0.482759 0.312125 
0.827586 0.931034 0.482759 0.260885 
0.862069 0.931034 0.482759 0.302211 
0.896552 0.931034 0.482759 0.311028 
0.931034 0.931034 0.482759 0.317493 
0.965517 0.931034 0.482759 0.314342 
1 0.931034 0.482759 0.302241 
0 0.965517 0.482759 0.314626 
0.0344828 0.965517 0.482759 0.308311 
0.0689655 0.965517 0.482759 0.301677 
0.103448 0.965517 0.482759 0.30534 
0.137931 0.965517 0.482759 0.300847 
0.172414 0.965517 0.482759 0.303657 
0.206897 0.965517 0.482759 0.303992 
0.241379 0.965517 0.482759 0.312298 
0.275862 0.965517 0.482759 0.306051 
0.310345 0.965517 0.482759 0.316961 
0.344828 0.965517 0.482759 0.30494 
0.37931 0.965517 0.482759 0.305643 
0.413793 0.965517 0.482759 0.321716 
0.448276 0.965517 0.482759 0.308611 
0.482759 0.965517 0.482759 0.30265 
0.517241 0.965517 0.482759 0.261833 
0.551724 0.965517 0.482759 0.304565 
0.586207 0.965517 0.482759 0.314664 
0.62069 0.965517 0.482759 0.29959 
0.655172 0.965517 0.482759 0.310775 
0.689655 0.965517 0.482759 0.31109 
0.724138 0.965517 0.482759 0.311486 
0.758621 0.965517 0.482759 0.301248 
0.793103 0.965517 0.482759 0.301614 
0.827586 0.965517 0.482759 0.308202 
0.862069 0.965517 0.482759 0.308723 
0.896552 0.965517 0.482759 0.300083 
0.931034 0.965517 0.482759 0.308858 
0.965517 0.965517 0.482759 0.308305 
1 0.965517 0.482759 0.311022 
0 1 0.482759 0.309183 
0.0344828 1 0.482759 0.307434 
0.0689655 1 0.482759 0.30977 
0.103448 1 0.482759 0.307478 
0.137931 1 0.482759 0.304237 
0.172414 1 0.482759 0.308927 
0.206897 1 0.482759 0.309171 
0.241379 1 0.482759 0.301226 
0.275862 1 0.482759 0.304568 
0.310345 1 0.482759 0.312031 
0.344828 1 0.482759 0.304277 
0.37931 1 0.482759 0.301796 
0.413793 1 0.482759 0.313793 
0.448276 1 0.482759 0.307899 
0.482759 1 0.482759 0.290063 
0.517241 1 0.482759 0.310584 
0.551724 1 0.482759 0.285984 
0.586207 1 0.482759 0.301495 
0.62069 1 0.482759 0.270688 
0.655172 1 0.482759 0.308145 
0.689655 1 0.482759 0.266429 
0.724138 1 0.482759 0.309966 
0.758621 1 0.482759 0.300826 
0.793103 1 0.482759 0.296202 
0.827586 1 0.482759 0.26253 
0.862069 1 0.482759 0.310221 
0.896552 1 0.482759 0.301247 
0.931034 1 0.482759 0.30947 
0.965517 1 0.482759 0.315955 
1 1 0.482759 0.261527 
0 0 0.517241 0.280943 
0.0344828 0 0.517241 0.280943 
0.0689655 0 0.517241 0.280943 
0.103448 0 0.517241 0.280943 
0.137931 0 0.517241 0.280943 
0.172414 0 0.517241 0.280943 
0.206897 0 0.517241 0.280943 
0.241379 0 0.517241 0.280943 
0.275862 0 0.517241 0.280943 
0.310345 0 0.517241 0.280943 
0.344828 0 0.517241 0.280943 
0.37931 0 0.517241 0.280943 
0.413793 0 0.517241 0.280943 
0.448276 0 0.517241 0.280943 
0.482759 0 0.517241 0.280943 
0.517241 0 0.517241 0.280943 
0.551724 0 0.517241 0.280943 
0.586207 0 0.517241 0.280943 
0.62069 0 0.517241 0.280943 
0.655172 0 0.517241 0.280943 
0.689655 0 0.517241 0.280943 
0.724138 0 0.517241 0.280943 
0.758621 0 0.517241 0.280943 
0.793103 0 0.517241 0.280943 
0.827586 0 0.517241 0.280943 
0.862069 0 0.517241 0.280943 
0.896552 0 0.517241 0.280943 
0.931034 0 0.517241 0.280943 
0.965517 0 0.517241 0.280943 
1 0 0.517241 0.280943 
0 0.0344828 0.517241 0.283832 
0.0344828 0.0344828 0.517241 0.267361 
0.0689655 0.0344828 0.517241 0.261536 
0.103448 0.0344828 0.517241 0.267705 
0.137931 0.0344828 0.517241 0.256795 
0.172414 0.0344828 0.517241 0.291438 
0.206897 0.0344828 0.517241 0.291716 
0.241379 0.0344828 0.517241 0.289446 
0.275862 0.0344828 0.517241 0.285843 
0.310345 0.0344828 0.517241 0.287293 
0.344828 0.0344828 0.517241 0.287624 
0.37931 0.0344828 0.517241 0.2736 
0.413793 0.0344828 0.517241 0.281021 
0.448276 0.0344828 0.517241 0.253101 
0.482759 0.0344828 0.517241 0.286891 
0.517241 0.0344828 0.517241 0.282063 
0.551724 0.0344828 0.517241 0.265112 
0.586207 0.0344828 0.517241 0.260976 
0.62069 0.0344828 0.517241 0.273479 
0.655172 0.0344828 0.517241 0.282471 
0.689655 0.0344828 0.517241 0.286965 
0.724138 0.0344828 0.517241 0.273969 
0.758621 0.0344828 0.517241 0.283568 
0.793103 0.0344828 0.517241 0.28455 
0.827586 0.0344828 0.517241 0.293955 
0.862069 0.0344828 0.517241 0.262217 
0.896552 0.0344828 0.517241 0.298134 
0.931034 0.0344828 0.517241 0.292122 
0.965517 0.0344828 0.517241 0.293819 
1 0.0344828 0.517241 0.264299 
0 0.0689655 0.517241 0.289757 
0.0344828 0.0689655 0.517241 0.281445 
0.0689655 0.0689655 0.517241 0.285245 
0.103448 0.0689655 0.517241 0.259798 
0.137931 0.0689655 0.517241 0.284733 
0.172414 0.0689655 0.517241 0.268402 
0.206897 0.0689655 0.517241 0.258217 
0.241379 0.0689655 0.517241 0.287711 
0.275862 0.0689655 0.517241 0.285224 
0.310345 0.0689655 0.517241 0.262735 
0.344828 0.0689655 0.517241 0.264988 
0.37931 0.0689655 0.517241 0.257821 
0.413793 0.0689655 0.517241 0.283163 
0.448276 0.0689655 0.517241 0.290421 
0.482759 0.0689655 0.517241 0.289754 
0.517241 0.0689655 0.517241 0.287308 
0.551724 0.0689655 0.517241 0.247548 
0.586207 0.0689655 0.517241 0.28934 
0.62069 0.0689655 0.517241 0.28492 
0.655172 0.0689655 0.517241 0.254842 
0.689655 0.0689655 0.517241 0.289969 
0.724138 0.0689655 0.517241 0.291667 
0.758621 0.0689655 0.517241 0.252208 
0.793103 0.0689655 0.517241 0.275416 
0.827586 0.0689655 0.517241 0.295169 
0.862069 0.0689655 0.517241 0.289498 
0.896552 0.0689655 0.517241 0.255931 
0.931034 0.0689655 0.517241 0.232457 
0.965517 0.0689655 0.517241 0.268017 
1 0.0689655 0.517241 0.283141 
0 0.103448 0.517241 0.299615 
0.0344828 0.103448 0.517241 0.284043 
0.0689655 0.103448 0.517241 0.267134 
0.103448 0.103448 0.517241 0.26867 
0.137931 0.103448 0.517241 0.272185 
0.172414 0.103448 0.517241 0.281779 
0.206897 0.103448 0.517241 0.284682 
0.241379 0.103448 0.517241 0.25207 
0.275862 0.103448 0.517241 0.281199 
0.310345 0.103448 0.517241 0.288593 
0.344828 0.103448 0.517241 0.283201 
0.37931 0.103448 0.517241 0.269369 
0.413793 0.103448 0.517241 0.291538 
0.448276 0.103448 0.517241 0.263932 
0.482759 0.103448 0.517241 0.285799 
0.517241 0.103448 0.517241 0.275231 
0.551724 0.103448 0.517241 0.249829 
0.586207 0.103448 0.517241 0.259842 
0.62069 0.103448 0.517241 0.289793 
0.655172 0.103448 0.517241 0.268065 
0.689655 0.103448 0.517241 0.287868 
0.724138 0.103448 0.517241 0.27392 
0.758621 0.103448 0.517241 0.28118 
0.793103 0.103448 0.517241 0.286735 
0.827586 0.103448 0.517241 0.267143 
0.862069 0.103448 0.517241 0.285365 
0.896552 0.103448 0.517241 0.273806 
0.931034 0.103448 0.517241 0.289886 
0.965517 0.103448 0.517241 0.235745 
1 0.103448 0.517241 0.283667 
0 0.137931 0.517241 0.292832 
0.0344828 0.137931 0.517241 0.251795 
0.0689655 0.137931 0.517241 0.266956 
0.103448 0.137931 0.517241 0.290251 
0.137931 0.137931 0.517241 0.239336 
0.172414 0.137931 0.517241 0.27578 
0.206897 0.137931 0.517241 0.241052 
0.241379 0.137931 0.517241 0.279018 
0.275862 0.137931 0.517241 0.283899 
0.310345 0.137931 0.517241 0.266149 
0.344828 0.137931 0.517241 0.273137 
0.37931 0.137931 0.517241 0.265525 
0.413793 0.137931 0.517241 0.272782 
0.448276 0.137931 0.517241 0.232382 
0.482759 0.137931 0.517241 0.2763 
0.517241 0.137931 0.517241 0.284965 
0.551724 0.137931 0.517241 0.292888 
0.586207 0.137931 0.517241 0.291771 
0.62069 0.137931 0.517241 0.280448 
0.655172 0.137931 0.517241 0.281402 
0.689655 0.137931 0.517241 0.290862 
0.724138 0.137931 0.517241 0.288189 
0.758621 0.137931 0.517241 0.266079 
0.793103 0.137931 0.517241 0.283575 
0.827586 0.137931 0.517241 0.284054 
0.862069 0.137931 0.517241 0.25577 
0.896552 0.137931 0.517241 0.28914 
0.931034 0.137931 0.517241 0.267752 
0.965517 0.137931 0.517241 0.290086 
1 0.137931 0.517241 0.286209 
0 0.172414 0.517241 0.284925 
0.0344828 0.172414 0.517241 0.242827 
0.0689655 0.172414 0.517241 0.286195 
0.103448 0.172414 0.517241 0.27794 
0.137931 0.172414 0.517241 0.272924 
0.172414 0.172414 0.517241 0.233675 
0.206897 0.172414 0.517241 0.285478 
0.241379 0.172414 0.517241 0.286962 
0.275862 0.172414 0.517241 0.295818 
0.310345 0.172414 0.517241 0.289481 
0.344828 0.172414 0.517241 0.287618 
0.37931 0.172414 0.517241 0.282657 
0.413793 0.172414 0.517241 0.277536 
0.448276 0.172414 0.517241 0.275689 
0.482759 0.172414 0.517241 0.27338 
0.517241 0.172414 0.517241 0.278703 
0.551724 0.172414 0.517241 0.289127 
0.586207 0.172414 0.517241 0.288214 
0.62069 0.172414 0.517241 0.269416 
0.655172 0.172414 0.517241 0.245777 
0.689655 0.172414 0.517241 0.278784 
0.724138 0.172414 0.517241 0.285246 
0.758621 0.172414 0.517241 0.285176 
0.793103 0.172414 0.517241 0.233922 
0.827586 0.172414 0.517241 0.257875 
0.862069 0.172414 0.517241 0.28507 
0.896552 0.172414 0.517241 0.294661 
0.931034 0.172414 0.517241 0.282354 
0.965517 0.172414 0.517241 0.266234 
1 0.172414 0.517241 0.282524 
0 0.206897 0.517241 0.285366 
0.0344828 0.206897 0.517241 0.287488 
0.0689655 0.206897 0.517241 0.240354 
0.103448 0.206897 0.517241 0.276296 
0.137931 0.206897 0.517241 0.285673 
0.172414 0.206897 0.517241 0.287757 
0.206897 0.206897 0.517241 0.288727 
0.241379 0.206897 0.517241 0.277467 
0.275862 0.206897 0.517241 0.277169 
0.310345 0.206897 0.517241 0.282199 
0.344828 0.206897 0.517241 0.281371 
0.37931 0.206897 0.517241 0.285529 
0.413793 0.206897 0.517241 0.276076 
0.448276 0.206897 0.517241 0.243672 
0.482759 0.206897 0.517241 0.284839 
0.517241 0.206897 0.517241 0.281965 
0.551724 0.206897 0.517241 0.272899 
0.586207 0.206897 0.517241 0.274132 
0.62069 0.206897 0.517241 0.2477 
0.655172 0.206897 0.517241 0.285165 
0.689655 0.206897 0.517241 0.28775 
0.724138 0.206897 0.517241 0.268839 
0.758621 0.206897 0.517241 0.270316 
0.793103 0.206897 0.517241 0.284253 
0.827586 0.206897 0.517241 0.283888 
0.862069 0.206897 0.517241 0.273072 
0.896552 0.206897 0.517241 0.266565 
0.931034 0.206897 0.517241 0.281705 
0.965517 0.206897 0.517241 0.279423 
1 0.206897 0.517241 0.246383 
0 0.241379 0.517241 0.288145 
0.0344828 0.241379 0.517241 0.240117 
0.0689655 0.241379 0.517241 0.284696 
0.103448 0.241379 0.517241 0.286942 
0.137931 0.241379 0.517241 0.278835 
0.172414 0.241379 0.517241 0.284086 
0.206897 0.241379 0.517241 0.274138 
0.241379 0.241379 0.517241 0.285411 
0.275862 0.241379 0.517241 0.239817 
0.310345 0.241379 0.517241 0.271103 
0.344828 0.241379 0.517241 0.284641 
0.37931 0.241379 0.517241 0.277577 
0.413793 0.241379 0.517241 0.281689 
0.448276 0.241379 0.517241 0.284861 
0.482759 0.241379 0.517241 0.290938 
0.517241 0.241379 0.517241 0.221671 
0.551724 0.241379 0.517241 0.285559 
0.586207 0.241379 0.517241 0.27917 
0.62069 0.241379 0.517241 0.24085 
0.655172 0.241379 0.517241 0.286239 
0.689655 0.241379 0.517241 0.241115 
0.724138 0.241379 0.517241 0.289144 
0.758621 0.241379 0.517241 0.286149 
0.793103 0.241379 0.517241 0.284719 
0.827586 0.241379 0.517241 0.276523 
0.862069 0.241379 0.517241 0.286173 
0.896552 0.241379 0.517241 0.274877 
0.931034 0.241379 0.517241 0.280886 
0.965517 0.241379 0.517241 0.275751 
1 0.241379 0.517241 0.245517 
0 0.275862 0.517241 0.278623 
0.0344828 0.275862 0.517241 0.282246 
0.0689655 0.275862 0.517241 0.25533 
0.103448 0.275862 0.517241 0.283875 
0.137931 0.275862 0.517241 0.286317 
0.172414 0.275862 0.517241 0.285108 
0.206897 0.275862 0.517241 0.287161 
0.241379 0.275862 0.517241 0.271736 
0.275862 0.275862 0.517241 0.278886 
0.310345 0.275862 0.517241 0.23875 
0.344828 0.275862 0.517241 0.27834 
0.37931 0.275862 0.517241 0.262384 
0.413793 0.275862 0.517241 0.270208 
0.448276 0.275862 0.517241 0.28007 
0.482759 0.275862 0.517241 0.239387 
0.517241 0.275862 0.517241 0.288995 
0.551724 0.275862 0.517241 0.284198 
0.586207 0.275862 0.517241 0.278885 
0.62069 0.275862 0.517241 0.282844 
0.655172 0.275862 0.517241 0.272021 
0.689655 0.275862 0.517241 0.239522 
0.724138 0.275862 0.517241 0.28025 
0.758621 0.275862 0.517241 0.284518 
0.793103 0.275862 0.517241 0.286327 
0.827586 0.275862 0.517241 0.274064 
0.862069 0.275862 0.517241 0.282861 
0.896552 0.275862 0.517241 0.28515 
0.931034 0.275862 0.517241 0.280125 
0.965517 0.275862 0.517241 0.275302 
1 0.275862 0.517241 0.28583 
0 0.310345 0.517241 0.280532 
0.0344828 0.310345 0.517241 0.278936 
0.0689655 0.310345 0.517241 0.244004 
0.103448 0.310345 0.517241 0.278288 
0.137931 0.310345 0.517241 0.279306 
0.172414 0.310345 0.517241 0.280794 
0.206897 0.310345 0.517241 0.29858 
0.241379 0.310345 0.517241 0.289724 
0.275862 0.310345 0.517241 0.284405 
0.310345 0.310345 0.517241 0.285626 
0.344828 0.310345 0.517241 0.282038 
0.37931 0.310345 0.517241 0.2864 
0.413793 0.310345 0.517241 0.294725 
0.448276 0.310345 0.517241 0.241619 
0.482759 0.310345 0.517241 0.277405 
0.517241 0.310345 0.517241 0.28399 
0.551724 0.310345 0.517241 0.284726 
0.586207 0.310345 0.517241 0.240309 
0.62069 0.310345 0.517241 0.283771 
0.655172 0.310345 0.517241 0.2771 
0.689655 0.310345 0.517241 0.286236 
0.724138 0.310345 0.517241 0.238492 
0.758621 0.310345 0.517241 0.281477 
0.793103 0.310345 0.517241 0.286351 
0.827586 0.310345 0.517241 0.285036 
0.862069 0.310345 0.517241 0.285841 
0.896552 0.310345 0.517241 0.278771 
0.931034 0.310345 0.517241 0.281687 
0.965517 0.310345 0.517241 0.286806 
1 0.310345 0.517241 0.280578 
0 0.344828 0.517241 0.235141 
0.0344828 0.344828 0.517241 0.287309 
0.0689655 0.344828 0.517241 0.293816 
0.103448 0.344828 0.517241 0.282043 
0.137931 0.344828 0.517241 0.248302 
0.172414 0.344828 0.517241 0.28167 
0.206897 0.344828 0.517241 0.27812 
0.241379 0.344828 0.517241 0.279245 
0.275862 0.344828 0.517241 0.288376 
0.310345 0.344828 0.517241 0.28972 
0.344828 0.344828 0.517241 0.28392 
0.37931 0.344828 0.517241 0.268635 
0.413793 0.344828 0.517241 0.295688 
0.448276 0.344828 0.517241 0.276288 
0.482759 0.344828 0.517241 0.276368 
0.517241 0.344828 0.517241 0.285487 
0.551724 0.344828 0.517241 0.284968 
0.586207 0.344828 0.517241 0.282452 
0.62069 0.344828 0.517241 0.283982 
0.655172 0.344828 0.517241 0.285853 
0.689655 0.344828 0.517241 0.283761 
0.724138 0.344828 0.517241 0.281043 
0.758621 0.344828 0.517241 0.285423 
0.793103 0.344828 0.517241 0.280633 
0.827586 0.344828 0.517241 0.284697 
0.862069 0.344828 0.517241 0.286413 
0.896552 0.344828 0.517241 0.278833 
0.931034 0.344828 0.517241 0.237117 
0.965517 0.344828 0.517241 0.284485 
1 0.344828 0.517241 0.283933 
0 0.37931 0.517241 0.277984 
0.0344828 0.37931 0.517241 0.256188 
0.0689655 0.37931 0.517241 0.276587 
0.103448 0.37931 0.517241 0.292047 
0.137931 0.37931 0.517241 0.238088 
0.172414 0.37931 0.517241 0.238195 
0.206897 0.37931 0.517241 0.264125 
0.241379 0.37931 0.517241 0.253122 
0.275862 0.37931 0.517241 0.267454 
0.310345 0.37931 0.517241 0.242697 
0.344828 0.37931 0.517241 0.280161 
0.37931 0.37931 0.517241 0.271539 
0.413793 0.37931 0.517241 0.275425 
0.448276 0.37931 0.517241 0.285916 
0.482759 0.37931 0.517241 0.290502 
0.517241 0.37931 0.517241 0.268905 
0.551724 0.37931 0.517241 0.254299 
0.586207 0.37931 0.517241 0.278903 
0.62069 0.37931 0.517241 0.273213 
0.655172 0.37931 0.517241 0.287338 
0.689655 0.37931 0.517241 0.239236 
0.724138 0.37931 0.517241 0.27979 
0.758621 0.37931 0.517241 0.271508 
0.793103 0.37931 0.517241 0.288408 
0.827586 0.37931 0.517241 0.283964 
0.862069 0.37931 0.517241 0.271953 
0.896552 0.37931 0.517241 0.279264 
0.931034 0.37931 0.517241 0.282615 
0.965517 0.37931 0.517241 0.285128 
1 0.37931 0.517241 0.27579 
0 0.413793 0.517241 0.282147 
0.0344828 0.413793 0.517241 0.290249 
0.0689655 0.413793 0.517241 0.279085 
0.103448 0.413793 0.517241 0.292566 
0.137931 0.413793 0.517241 0.263138 
0.172414 0.413793 0.517241 0.256055 
0.206897 0.413793 0.517241 0.250237 
0.241379 0.413793 0.517241 0.280383 
0.275862 0.413793 0.517241 0.264319 
0.310345 0.413793 0.517241 0.288122 
0.344828 0.413793 0.517241 0.277082 
0.37931 0.413793 0.517241 0.279961 
0.413793 0.413793 0.517241 0.276655 
0.448276 0.413793 0.517241 0.281915 
0.482759 0.413793 0.517241 0.244347 
0.517241 0.413793 0.517241 0.297094 
0.551724 0.413793 0.517241 0.282932 
0.586207 0.413793 0.517241 0.242988 
0.62069 0.413793 0.517241 0.285771 
0.655172 0.413793 0.517241 0.267806 
0.689655 0.413793 0.517241 0.287005 
0.724138 0.413793 0.517241 0.282686 
0.758621 0.413793 0.517241 0.284037 
0.793103 0.413793 0.517241 0.240162 
0.827586 0.413793 0.517241 0.284679 
0.862069 0.413793 0.517241 0.237629 
0.896552 0.413793 0.517241 0.282035 
0.931034 0.413793 0.517241 0.271268 
0.965517 0.413793 0.517241 0.236358 
1 0.413793 0.517241 0.284223 
0 0.448276 0.517241 0.286152 
0.0344828 0.448276 0.517241 0.270929 
0.0689655 0.448276 0.517241 0.277862 
0.103448 0.448276 0.517241 0.28034 
0.137931 0.448276 0.517241 0.272116 
0.172414 0.448276 0.517241 0.286641 
0.206897 0.448276 0.517241 0.285748 
0.241379 0.448276 0.517241 0.287992 
0.275862 0.448276 0.517241 0.284226 
0.310345 0.448276 0.517241 0.282635 
0.344828 0.448276 0.517241 0.277951 
0.37931 0.448276 0.517241 0.238881 
0.413793 0.448276 0.517241 0.278162 
0.448276 0.448276 0.517241 0.287436 
0.482759 0.448276 0.517241 0.275243 
0.517241 0.448276 0.517241 0.271027 
0.551724 0.448276 0.517241 0.242416 
0.586207 0.448276 0.517241 0.279219 
0.62069 0.448276 0.517241 0.275116 
0.655172 0.448276 0.517241 0.285963 
0.689655 0.448276 0.517241 0.274734 
0.724138 0.448276 0.517241 0.28599 
0.758621 0.448276 0.517241 0.281581 
0.793103 0.448276 0.517241 0.280861 
0.827586 0.448276 0.517241 0.281365 
0.862069 0.448276 0.517241 0.274517 
0.896552 0.448276 0.517241 0.278896 
0.931034 0.448276 0.517241 0.236484 
0.965517 0.448276 0.517241 0.28303 
1 0.448276 0.517241 0.267491 
0 0.482759 0.517241 0.287078 
0.0344828 0.482759 0.517241 0.264884 
0.0689655 0.482759 0.517241 0.28405 
0.103448 0.482759 0.517241 0.267846 
0.137931 0.482759 0.517241 0.290606 
0.172414 0.482759 0.517241 0.27943 
0.206897 0.482759 0.517241 0.287968 
0.241379 0.482759 0.517241 0.288139 
0.275862 0.482759 0.517241 0.288577 
0.310345 0.482759 0.517241 0.286071 
0.344828 0.482759 0.517241 0.274463 
0.37931 0.482759 0.517241 0.284472 
0.413793 0.482759 0.517241 0.283916 
0.448276 0.482759 0.517241 0.280005 
0.482759 0.482759 0.517241 0.291662 
0.517241 0.482759 0.517241 0.281507 
0.551724 0.482759 0.517241 0.28271 
0.586207 0.482759 0.517241 0.277035 
0.62069 0.482759 0.517241 0.290596 
0.655172 0.482759 0.517241 0.245365 
0.689655 0.482759 0.517241 0.277349 
0.724138 0.482759 0.517241 0.282846 
0.758621 0.482759 0.517241 0.288462 
0.793103 0.482759 0.517241 0.277923 
0.827586 0.482759 0.517241 0.279409 
0.862069 0.482759 0.517241 0.284512 
0.896552 0.482759 0.517241 0.280376 
0.931034 0.482759 0.517241 0.275877 
0.965517 0.482759 0.517241 0.280287 
1 0.482759 0.517241 0.238841 
0 0.517241 0.517241 0.281784 
0.0344828 0.517241 0.517241 0.271407 
0.0689655 0.517241 0.517241 0.285479 
0.103448 0.517241 0.517241 0.276365 
0.137931 0.517241 0.517241 0.275742 
0.172414 0.517241 0.517241 0.271818 
0.206897 0.517241 0.517241 0.289819 
0.241379 0.517241 0.517241 0.29302 
0.275862 0.517241 0.517241 0.286852 
0.310345 0.517241 0.517241 0.283005 
0.344828 0.517241 0.517241 0.272416 
0.37931 0.517241 0.517241 0.27931 
0.413793 0.517241 0.517241 0.284448 
0.448276 0.517241 0.517241 0.282544 
0.482759 0.517241 0.517241 0.26825 
0.517241 0.517241 0.517241 0.279664 
0.551724 0.517241 0.517241 0.273194 
0.586207 0.517241 0.517241 0.262847 
0.62069 0.517241 0.517241 0.282266 
0.655172 0.517241 0.517241 0.284309 
0.689655 0.517241 0.517241 0.282709 
0.724138 0.517241 0.517241 0.296639 
0.758621 0.517241 0.517241 0.279258 
0.793103 0.517241 0.517241 0.276839 
0.827586 0.517241 0.517241 0.283459 
0.862069 0.517241 0.517241 0.289332 
0.896552 0.517241 0.517241 0.269832 
0.931034 0.517241 0.517241 0.280035 
0.965517 0.517241 0.517241 0.28036 
1 0.517241 0.517241 0.28358 
0 0.551724 0.517241 0.278304 
0.0344828 0.551724 0.517241 0.279757 
0.0689655 0.551724 0.517241 0.280828 
0.103448 0.551724 0.517241 0.265799 
0.137931 0.551724 0.517241 0.283869 
0.172414 0.551724 0.517241 0.281923 
0.206897 0.551724 0.517241 0.273029 
0.241379 0.551724 0.517241 0.265575 
0.275862 0.551724 0.517241 0.278728 
0.310345 0.551724 0.517241 0.277265 
0.344828 0.551724 0.517241 0.275228 
0.37931 0.551724 0.517241 0.283765 
0.413793 0.551724 0.517241 0.281118 
0.448276 0.551724 0.517241 0.286258 
0.482759 0.551724 0.517241 0.275787 
0.517241 0.551724 0.517241 0.278115 
0.551724 0.551724 0.517241 0.282866 
0.586207 0.551724 0.517241 0.252954 
0.62069 0.551724 0.517241 0.292277 
0.655172 0.551724 0.517241 0.274293 
0.689655 0.551724 0.517241 0.270045 
0.724138 0.551724 0.517241 0.280951 
0.758621 0.551724 0.517241 0.276287 
0.793103 0.551724 0.517241 0.281216 
0.827586 0.551724 0.517241 0.278329 
0.862069 0.551724 0.517241 0.285752 
0.896552 0.551724 0.517241 0.271351 
0.931034 0.551724 0.517241 0.275189 
0.965517 0.551724 0.517241 0.279994 
1 0.551724 0.517241 0.281181 
0 0.586207 0.517241 0.281202 
0.0344828 0.586207 0.517241 0.284295 
0.0689655 0.586207 0.517241 0.283855 
0.103448 0.586207 0.517241 0.285396 
0.137931 0.586207 0.517241 0.279559 
0.172414 0.586207 0.517241 0.282034 
0.206897 0.586207 0.517241 0.282355 
0.241379 0.586207 0.517241 0.28432 
0.275862 0.586207 0.517241 0.272476 
0.310345 0.586207 0.517241 0.280395 
0.344828 0.586207 0.517241 0.280775 
0.37931 0.586207 0.517241 0.262729 
0.413793 0.586207 0.517241 0.279912 
0.448276 0.586207 0.517241 0.286267 
0.482759 0.586207 0.517241 0.250215 
0.517241 0.586207 0.517241 0.271941 
0.551724 0.586207 0.517241 0.283682 
0.586207 0.586207 0.517241 0.283909 
0.62069 0.586207 0.517241 0.279555 
0.655172 0.586207 0.517241 0.284042 
0.689655 0.586207 0.517241 0.28075 
0.724138 0.586207 0.517241 0.271315 
0.758621 0.586207 0.517241 0.27628 
0.793103 0.586207 0.517241 0.246085 
0.827586 0.586207 0.517241 0.272828 
0.862069 0.586207 0.517241 0.280593 
0.896552 0.586207 0.517241 0.2837 
0.931034 0.586207 0.517241 0.276173 
0.965517 0.586207 0.517241 0.27667 
1 0.586207 0.517241 0.268294 
0 0.62069 0.517241 0.282783 
0.0344828 0.62069 0.517241 0.262814 
0.0689655 0.62069 0.517241 0.270236 
0.103448 0.62069 0.517241 0.274976 
0.137931 0.62069 0.517241 0.282736 
0.172414 0.62069 0.517241 0.275485 
0.206897 0.62069 0.517241 0.276625 
0.241379 0.62069 0.517241 0.270366 
0.275862 0.62069 0.517241 0.271618 
0.310345 0.62069 0.517241 0.286767 
0.344828 0.62069 0.517241 0.226155 
0.37931 0.62069 0.517241 0.22957 
0.413793 0.62069 0.517241 0.266868 
0.448276 0.62069 0.517241 0.273903 
0.482759 0.62069 0.517241 0.273435 
0.517241 0.62069 0.517241 0.276798 
0.551724 0.62069 0.517241 0.291244 
0.586207 0.62069 0.517241 0.247477 
0.62069 0.62069 0.517241 0.291418 
0.655172 0.62069 0.517241 0.284302 
0.689655 0.62069 0.517241 0.275513 
0.724138 0.62069 0.517241 0.272568 
0.758621 0.62069 0.517241 0.271266 
0.793103 0.62069 0.517241 0.274411 
0.827586 0.62069 0.517241 0.282419 
0.862069 0.62069 0.517241 0.279352 
0.896552 0.62069 0.517241 0.272068 
0.931034 0.62069 0.517241 0.270949 
0.965517 0.62069 0.517241 0.288712 
1 0.62069 0.517241 0.284013 
0 0.655172 0.517241 0.26899 
0.0344828 0.655172 0.517241 0.289534 
0.0689655 0.655172 0.517241 0.281177 
0.103448 0.655172 0.517241 0.260909 
0.137931 0.655172 0.517241 0.275037 
0.172414 0.655172 0.517241 0.27263 
0.206897 0.655172 0.517241 0.284127 
0.241379 0.655172 0.517241 0.27517 
0.275862 0.655172 0.517241 0.278571 
0.310345 0.655172 0.517241 0.280847 
0.344828 0.655172 0.517241 0.279284 
0.37931 0.655172 0.517241 0.272179 
0.413793 0.655172 0.517241 0.266508 
0.448276 0.655172 0.517241 0.26501 
0.482759 0.655172 0.517241 0.265296 
0.517241 0.655172 0.517241 0.277199 
0.551724 0.655172 0.517241 0.271803 
0.586207 0.655172 0.517241 0.258478 
0.62069 0.655172 0.517241 0.284464 
0.655172 0.655172 0.517241 0.274383 
0.689655 0.655172 0.517241 0.286742 
0.724138 0.655172 0.517241 0.27791 
0.758621 0.655172 0.517241 0.28365 
0.793103 0.655172 0.517241 0.283613 
0.827586 0.655172 0.517241 0.273551 
0.862069 0.655172 0.517241 0.296441 
0.896552 0.655172 0.517241 0.287191 
0.931034 0.655172 0.517241 0.284763 
0.965517 0.655172 0.517241 0.282535 
1 0.655172 0.517241 0.252264 
0 0.689655 0.517241 0.286202 
0.0344828 0.689655 0.517241 0.225923 
0.0689655 0.689655 0.517241 0.280667 
0.103448 0.689655 0.517241 0.279316 
0.137931 0.689655 0.517241 0.278272 
0.172414 0.689655 0.517241 0.2788 
0.206897 0.689655 0.517241 0.287706 
0.241379 0.689655 0.517241 0.28 
0.275862 0.689655 0.517241 0.282161 
0.310345 0.689655 0.517241 0.272032 
0.344828 0.689655 0.517241 0.23652 
0.37931 0.689655 0.517241 0.277232 
0.413793 0.689655 0.517241 0.277447 
0.448276 0.689655 0.517241 0.280497 
0.482759 0.689655 0.517241 0.283369 
0.517241 0.689655 0.517241 0.277506 
0.551724 0.689655 0.517241 0.278338 
0.586207 0.689655 0.517241 0.264846 
0.62069 0.689655 0.517241 0.281193 
0.655172 0.689655 0.517241 0.283129 
0.689655 0.689655 0.517241 0.29255 
0.724138 0.689655 0.517241 0.280734 
0.758621 0.689655 0.517241 0.283453 
0.793103 0.689655 0.517241 0.272789 
0.827586 0.689655 0.517241 0.279786 
0.862069 0.689655 0.517241 0.279113 
0.896552 0.689655 0.517241 0.289117 
0.931034 0.689655 0.517241 0.26916 
0.965517 0.689655 0.517241 0.265886 
1 0.689655 0.517241 0.277683 
0 0.724138 0.517241 0.244458 
0.0344828 0.724138 0.517241 0.280804 
0.0689655 0.724138 0.517241 0.28314 
0.103448 0.724138 0.517241 0.277204 
0.137931 0.724138 0.517241 0.276476 
0.172414 0.724138 0.517241 0.279851 
0.206897 0.724138 0.517241 0.277133 
0.241379 0.724138 0.517241 0.275762 
0.275862 0.724138 0.517241 0.276321 
0.310345 0.724138 0.517241 0.261135 
0.344828 0.724138 0.517241 0.27949 
0.37931 0.724138 0.517241 0.286527 
0.413793 0.724138 0.517241 0.280024 
0.448276 0.724138 0.517241 0.278659 
0.482759 0.724138 0.517241 0.278686 
0.517241 0.724138 0.517241 0.279522 
0.551724 0.724138 0.517241 0.27443 
0.586207 0.724138 0.517241 0.271792 
0.62069 0.724138 0.517241 0.253744 
0.655172 0.724138 0.517241 0.254661 
0.689655 0.724138 0.517241 0.274316 
0.724138 0.724138 0.517241 0.267306 
0.758621 0.724138 0.517241 0.285944 
0.793103 0.724138 0.517241 0.276102 
0.827586 0.724138 0.517241 0.28107 
0.862069 0.724138 0.517241 0.264306 
0.896552 0.724138 0.517241 0.284548 
0.931034 0.724138 0.517241 0.281339 
0.965517 0.724138 0.517241 0.294072 
1 0.724138 0.517241 0.282058 
0 0.758621 0.517241 0.285516 
0.0344828 0.758621 0.517241 0.279348 
0.0689655 0.758621 0.517241 0.267933 
0.103448 0.758621 0.517241 0.27652 
0.137931 0.758621 0.517241 0.257872 
0.172414 0.758621 0.517241 0.271833 
0.206897 0.758621 0.517241 0.279244 
0.241379 0.758621 0.517241 0.265002 
0.275862 0.758621 0.517241 0.272475 
0.310345 0.758621 0.517241 0.281721 
0.344828 0.758621 0.517241 0.27617 
0.37931 0.758621 0.517241 0.273497 
0.413793 0.758621 0.517241 0.280139 
0.448276 0.758621 0.517241 0.264668 
0.482759 0.758621 0.517241 0.278992 
0.517241 0.758621 0.517241 0.275557 
0.551724 0.758621 0.517241 0.277331 
0.586207 0.758621 0.517241 0.275296 
0.62069 0.758621 0.517241 0.274799 
0.655172 0.758621 0.517241 0.266785 
0.689655 0.758621 0.517241 0.273337 
0.724138 0.758621 0.517241 0.27996 
0.758621 0.758621 0.517241 0.279136 
0.793103 0.758621 0.517241 0.271712 
0.827586 0.758621 0.517241 0.257158 
0.862069 0.758621 0.517241 0.275871 
0.896552 0.758621 0.517241 0.278664 
0.931034 0.758621 0.517241 0.278097 
0.965517 0.758621 0.517241 0.281454 
1 0.758621 0.517241 0.276273 
0 0.793103 0.517241 0.270899 
0.0344828 0.793103 0.517241 0.273512 
0.0689655 0.793103 0.517241 0.277642 
0.103448 0.793103 0.517241 0.280777 
0.137931 0.793103 0.517241 0.285982 
0.172414 0.793103 0.517241 0.258647 
0.206897 0.793103 0.517241 0.280839 
0.241379 0.793103 0.517241 0.279801 
0.275862 0.793103 0.517241 0.276765 
0.310345 0.793103 0.517241 0.277668 
0.344828 0.793103 0.517241 0.276471 
0.37931 0.793103 0.517241 0.280641 
0.413793 0.793103 0.517241 0.279219 
0.448276 0.793103 0.517241 0.286508 
0.482759 0.793103 0.517241 0.277274 
0.517241 0.793103 0.517241 0.274209 
0.551724 0.793103 0.517241 0.272467 
0.586207 0.793103 0.517241 0.277883 
0.62069 0.793103 0.517241 0.28242 
0.655172 0.793103 0.517241 0.281258 
0.689655 0.793103 0.517241 0.277394 
0.724138 0.793103 0.517241 0.280861 
0.758621 0.793103 0.517241 0.280472 
0.793103 0.793103 0.517241 0.27805 
0.827586 0.793103 0.517241 0.272102 
0.862069 0.793103 0.517241 0.281516 
0.896552 0.793103 0.517241 0.268372 
0.931034 0.793103 0.517241 0.279258 
0.965517 0.793103 0.517241 0.258262 
1 0.793103 0.517241 0.278226 
0 0.827586 0.517241 0.279565 
0.0344828 0.827586 0.517241 0.281502 
0.0689655 0.827586 0.517241 0.245293 
0.103448 0.827586 0.517241 0.26824 
0.137931 0.827586 0.517241 0.268526 
0.172414 0.827586 0.517241 0.283115 
0.206897 0.827586 0.517241 0.239116 
0.241379 0.827586 0.517241 0.280818 
0.275862 0.827586 0.517241 0.273991 
0.310345 0.827586 0.517241 0.274185 
0.344828 0.827586 0.517241 0.265611 
0.37931 0.827586 0.517241 0.277834 
0.413793 0.827586 0.517241 0.275983 
0.448276 0.827586 0.517241 0.274123 
0.482759 0.827586 0.517241 0.278129 
0.517241 0.827586 0.517241 0.278384 
0.551724 0.827586 0.517241 0.281552 
0.586207 0.827586 0.517241 0.277084 
0.62069 0.827586 0.517241 0.271349 
0.655172 0.827586 0.517241 0.272817 
0.689655 0.827586 0.517241 0.27154 
0.724138 0.827586 0.517241 0.280276 
0.758621 0.827586 0.517241 0.279923 
0.793103 0.827586 0.517241 0.283683 
0.827586 0.827586 0.517241 0.269312 
0.862069 0.827586 0.517241 0.274491 
0.896552 0.827586 0.517241 0.275218 
0.931034 0.827586 0.517241 0.229059 
0.965517 0.827586 0.517241 0.269136 
1 0.827586 0.517241 0.265204 
0 0.862069 0.517241 0.277801 
0.0344828 0.862069 0.517241 0.277366 
0.0689655 0.862069 0.517241 0.267952 
0.103448 0.862069 0.517241 0.275275 
0.137931 0.862069 0.517241 0.274485 
0.172414 0.862069 0.517241 0.281156 
0.206897 0.862069 0.517241 0.284201 
0.241379 0.862069 0.517241 0.277564 
0.275862 0.862069 0.517241 0.284126 
0.310345 0.862069 0.517241 0.285264 
0.344828 0.862069 0.517241 0.277737 
0.37931 0.862069 0.517241 0.282564 
0.413793 0.862069 0.517241 0.275459 
0.448276 0.862069 0.517241 0.250933 
0.482759 0.862069 0.517241 0.276572 
0.517241 0.862069 0.517241 0.27182 
0.551724 0.862069 0.517241 0.279048 
0.586207 0.862069 0.517241 0.279126 
0.62069 0.862069 0.517241 0.276986 
0.655172 0.862069 0.517241 0.274064 
0.689655 0.862069 0.517241 0.269211 
0.724138 0.862069 0.517241 0.273132 
0.758621 0.862069 0.517241 0.285768 
0.793103 0.862069 0.517241 0.278478 
0.827586 0.862069 0.517241 0.277143 
0.862069 0.862069 0.517241 0.276521 
0.896552 0.862069 0.517241 0.271684 
0.931034 0.862069 0.517241 0.279943 
0.965517 0.862069 0.517241 0.283369 
1 0.862069 0.517241 0.283012 
0 0.896552 0.517241 0.277426 
0.0344828 0.896552 0.517241 0.280627 
0.0689655 0.896552 0.517241 0.282107 
0.103448 0.896552 0.517241 0.275765 
0.137931 0.896552 0.517241 0.271389 
0.172414 0.896552 0.517241 0.242653 
0.206897 0.896552 0.517241 0.280983 
0.241379 0.896552 0.517241 0.265604 
0.275862 0.896552 0.517241 0.270009 
0.310345 0.896552 0.517241 0.274216 
0.344828 0.896552 0.517241 0.278786 
0.37931 0.896552 0.517241 0.278275 
0.413793 0.896552 0.517241 0.280925 
0.448276 0.896552 0.517241 0.277446 
0.482759 0.896552 0.517241 0.27661 
0.517241 0.896552 0.517241 0.271255 
0.551724 0.896552 0.517241 0.278196 
0.586207 0.896552 0.517241 0.27773 
0.62069 0.896552 0.517241 0.279182 
0.655172 0.896552 0.517241 0.276444 
0.689655 0.896552 0.517241 0.279738 
0.724138 0.896552 0.517241 0.273629 
0.758621 0.896552 0.517241 0.234038 
0.793103 0.896552 0.517241 0.27827 
0.827586 0.896552 0.517241 0.277575 
0.862069 0.896552 0.517241 0.276966 
0.896552 0.896552 0.517241 0.272765 
0.931034 0.896552 0.517241 0.2755 
0.965517 0.896552 0.517241 0.28327 
1 0.896552 0.517241 0.278077 
0 0.931034 0.517241 0.275273 
0.0344828 0.931034 0.517241 0.277384 
0.0689655 0.931034 0.517241 0.284273 
0.103448 0.931034 0.517241 0.235484 
0.137931 0.931034 0.517241 0.254639 
0.172414 0.931034 0.517241 0.273304 
0.206897 0.931034 0.517241 0.268618 
0.241379 0.931034 0.517241 0.255271 
0.275862 0.931034 0.517241 0.271176 
0.310345 0.931034 0.517241 0.249113 
0.344828 0.931034 0.517241 0.280665 
0.37931 0.931034 0.517241 0.274268 
0.413793 0.931034 0.517241 0.271136 
0.448276 0.931034 0.517241 0.250597 
0.482759 0.931034 0.517241 0.277533 
0.517241 0.931034 0.517241 0.276533 
0.551724 0.931034 0.517241 0.272284 
0.586207 0.931034 0.517241 0.271668 
0.62069 0.931034 0.517241 0.274466 
0.655172 0.931034 0.517241 0.276278 
0.689655 0.931034 0.517241 0.219235 
0.724138 0.931034 0.517241 0.278313 
0.758621 0.931034 0.517241 0.271865 
0.793103 0.931034 0.517241 0.278803 
0.827586 0.931034 0.517241 0.271868 
0.862069 0.931034 0.517241 0.221342 
0.896552 0.931034 0.517241 0.278 
0.931034 0.931034 0.517241 0.28181 
0.965517 0.931034 0.517241 0.27791 
1 0.931034 0.517241 0.273648 
0 0.965517 0.517241 0.262013 
0.0344828 0.965517 0.517241 0.269633 
0.0689655 0.965517 0.517241 0.276068 
0.103448 0.965517 0.517241 0.274409 
0.137931 0.965517 0.517241 0.275623 
0.172414 0.965517 0.517241 0.268197 
0.206897 0.965517 0.517241 0.273229 
0.241379 0.965517 0.517241 0.279786 
0.275862 0.965517 0.517241 0.254543 
0.310345 0.965517 0.517241 0.285648 
0.344828 0.965517 0.517241 0.277668 
0.37931 0.965517 0.517241 0.279109 
0.413793 0.965517 0.517241 0.283667 
0.448276 0.965517 0.517241 0.27339 
0.482759 0.965517 0.517241 0.272265 
0.517241 0.965517 0.517241 0.275908 
0.551724 0.965517 0.517241 0.276977 
0.586207 0.965517 0.517241 0.279116 
0.62069 0.965517 0.517241 0.269453 
0.655172 0.965517 0.517241 0.274924 
0.689655 0.965517 0.517241 0.278165 
0.724138 0.965517 0.517241 0.275689 
0.758621 0.965517 0.517241 0.270562 
0.793103 0.965517 0.517241 0.276328 
0.827586 0.965517 0.517241 0.274225 
0.862069 0.965517 0.517241 0.270952 
0.896552 0.965517 0.517241 0.279309 
0.931034 0.965517 0.517241 0.282589 
0.965517 0.965517 0.517241 0.270525 
1 0.965517 0.517241 0.27724 
0 1 0.517241 0.276434 
0.0344828 1 0.517241 0.270527 
0.0689655 1 0.517241 0.277696 
0.103448 1 0.517241 0.280831 
0.137931 1 0.517241 0.274607 
0.172414 1 0.517241 0.280452 
0.206897 1 0.517241 0.277677 
0.241379 1 0.517241 0.272544 
0.275862 1 0.517241 0.283289 
0.310345 1 0.517241 0.283396 
0.344828 1 0.517241 0.269111 
0.37931 1 0.517241 0.274617 
0.413793 1 0.517241 0.274428 
0.448276 1 0.517241 0.275266 
0.482759 1 0.517241 0.270967 
0.517241 1 0.517241 0.273659 
0.551724 1 0.517241 0.272151 
0.586207 1 0.517241 0.282112 
0.62069 1 0.517241 0.275212 
0.655172 1 0.517241 0.275859 
0.689655 1 0.517241 0.273441 
0.724138 1 0.517241 0.276627 
0.758621 1 0.517241 0.277773 
0.793103 1 0.517241 0.248488 
0.827586 1 0.517241 0.267172 
0.862069 1 0.517241 0.284754 
0.896552 1 0.517241 0.274913 
0.931034 1 0.517241 0.268432 
0.965517 1 0.517241 0.277874 
1 1 0.517241 0.269804 
0 0 0.551724 0.237651 
0.0344828 0 0.551724 0.237651 
0.0689655 0 0.551724 0.237651 
0.103448 0 0.551724 0.237651 
0.137931 0 0.551724 0.237651 
0.172414 0 0.551724 0.237651 
0.206897 0 0.551724 0.237651 
0.241379 0 0.551724 0.237651 
0.275862 0 0.551724 0.237651 
0.310345 0 0.551724 0.237651 
0.344828 0 0.551724 0.237651 
0.37931 0 0.551724 0.237651 
0.413793 0 0.551724 0.237651 
0.448276 0 0.551724 0.237651 
0.482759 0 0.551724 0.237651 
0.517241 0 0.551724 0.237651 
0.551724 0 0.551724 0.237651 
0.586207 0 0.551724 0.237651 
0.62069 0 0.551724 0.237651 
0.655172 0 0.551724 0.237651 
0.689655 0 0.551724 0.237651 
0.724138 0 0.551724 0.237651 
0.758621 0 0.551724 0.237651 
0.793103 0 0.551724 0.237651 
0.827586 0 0.551724 0.237651 
0.862069 0 0.551724 0.237651 
0.896552 0 0.551724 0.237651 
0.931034 0 0.551724 0.237651 
0.965517 0 0.551724 0.237651 
1 0 0.551724 0.237651 
0 0.0344828 0.551724 0.25417 
0.0344828 0.0344828 0.551724 0.219006 
0.0689655 0.0344828 0.551724 0.260196 
0.103448 0.0344828 0.551724 0.269499 
0.137931 0.0344828 0.551724 0.262049 
0.172414 0.0344828 0.551724 0.253266 
0.206897 0.0344828 0.551724 0.258605 
0.241379 0.0344828 0.551724 0.256309 
0.275862 0.0344828 0.551724 0.260559 
0.310345 0.0344828 0.551724 0.259333 
0.344828 0.0344828 0.551724 0.251613 
0.37931 0.0344828 0.551724 0.250687 
0.413793 0.0344828 0.551724 0.253696 
0.448276 0.0344828 0.551724 0.258413 
0.482759 0.0344828 0.551724 0.265268 
0.517241 0.0344828 0.551724 0.242258 
0.551724 0.0344828 0.551724 0.218722 
0.586207 0.0344828 0.551724 0.218531 
0.62069 0.0344828 0.551724 0.259385 
0.655172 0.0344828 0.551724 0.251371 
0.689655 0.0344828 0.551724 0.261678 
0.724138 0.0344828 0.551724 0.252012 
0.758621 0.0344828 0.551724 0.251681 
0.793103 0.0344828 0.551724 0.251877 
0.827586 0.0344828 0.551724 0.259146 
0.862069 0.0344828 0.551724 0.219183 
0.896552 0.0344828 0.551724 0.253215 
0.931034 0.0344828 0.551724 0.267374 
0.965517 0.0344828 0.551724 0.264652 
1 0.0344828 0.551724 0.217536 
0 0.0689655 0.551724 0.256325 
0.0344828 0.0689655 0.551724 0.25433 
0.0689655 0.0689655 0.551724 0.25529 
0.103448 0.0689655 0.551724 0.257988 
0.137931 0.0689655 0.551724 0.252137 
0.172414 0.0689655 0.551724 0.265961 
0.206897 0.0689655 0.551724 0.218429 
0.241379 0.0689655 0.551724 0.259285 
0.275862 0.0689655 0.551724 0.255075 
0.310345 0.0689655 0.551724 0.219373 
0.344828 0.0689655 0.551724 0.250829 
0.37931 0.0689655 0.551724 0.221139 
0.413793 0.0689655 0.551724 0.260883 
0.448276 0.0689655 0.551724 0.257315 
0.482759 0.0689655 0.551724 0.255945 
0.517241 0.0689655 0.551724 0.256773 
0.551724 0.0689655 0.551724 0.266344 
0.586207 0.0689655 0.551724 0.257734 
0.62069 0.0689655 0.551724 0.245715 
0.655172 0.0689655 0.551724 0.257641 
0.689655 0.0689655 0.551724 0.25429 
0.724138 0.0689655 0.551724 0.241544 
0.758621 0.0689655 0.551724 0.251685 
0.793103 0.0689655 0.551724 0.238177 
0.827586 0.0689655 0.551724 0.256271 
0.862069 0.0689655 0.551724 0.255307 
0.896552 0.0689655 0.551724 0.21965 
0.931034 0.0689655 0.551724 0.22331 
0.965517 0.0689655 0.551724 0.217989 
1 0.0689655 0.551724 0.262664 
0 0.103448 0.551724 0.241867 
0.0344828 0.103448 0.551724 0.251306 
0.0689655 0.103448 0.551724 0.261861 
0.103448 0.103448 0.551724 0.259604 
0.137931 0.103448 0.551724 0.256528 
0.172414 0.103448 0.551724 0.251771 
0.206897 0.103448 0.551724 0.250347 
0.241379 0.103448 0.551724 0.221861 
0.275862 0.103448 0.551724 0.252608 
0.310345 0.103448 0.551724 0.255991 
0.344828 0.103448 0.551724 0.262934 
0.37931 0.103448 0.551724 0.254649 
0.413793 0.103448 0.551724 0.256452 
0.448276 0.103448 0.551724 0.26275 
0.482759 0.103448 0.551724 0.257952 
0.517241 0.103448 0.551724 0.24928 
0.551724 0.103448 0.551724 0.221987 
0.586207 0.103448 0.551724 0.25874 
0.62069 0.103448 0.551724 0.253557 
0.655172 0.103448 0.551724 0.247134 
0.689655 0.103448 0.551724 0.254823 
0.724138 0.103448 0.551724 0.238138 
0.758621 0.103448 0.551724 0.251629 
0.793103 0.103448 0.551724 0.25631 
0.827586 0.103448 0.551724 0.259975 
0.862069 0.103448 0.551724 0.250817 
0.896552 0.103448 0.551724 0.233252 
0.931034 0.103448 0.551724 0.264727 
0.965517 0.103448 0.551724 0.225122 
1 0.103448 0.551724 0.25548 
0 0.137931 0.551724 0.262662 
0.0344828 0.137931 0.551724 0.216431 
0.0689655 0.137931 0.551724 0.244238 
0.103448 0.137931 0.551724 0.25592 
0.137931 0.137931 0.551724 0.226666 
0.172414 0.137931 0.551724 0.24546 
0.206897 0.137931 0.551724 0.225361 
0.241379 0.137931 0.551724 0.253075 
0.275862 0.137931 0.551724 0.249653 
0.310345 0.137931 0.551724 0.258327 
0.344828 0.137931 0.551724 0.262224 
0.37931 0.137931 0.551724 0.255525 
0.413793 0.137931 0.551724 0.251645 
0.448276 0.137931 0.551724 0.233141 
0.482759 0.137931 0.551724 0.24946 
0.517241 0.137931 0.551724 0.252148 
0.551724 0.137931 0.551724 0.260266 
0.586207 0.137931 0.551724 0.252801 
0.62069 0.137931 0.551724 0.249494 
0.655172 0.137931 0.551724 0.259413 
0.689655 0.137931 0.551724 0.261672 
0.724138 0.137931 0.551724 0.255647 
0.758621 0.137931 0.551724 0.267822 
0.793103 0.137931 0.551724 0.249802 
0.827586 0.137931 0.551724 0.25786 
0.862069 0.137931 0.551724 0.220882 
0.896552 0.137931 0.551724 0.249653 
0.931034 0.137931 0.551724 0.263201 
0.965517 0.137931 0.551724 0.253918 
1 0.137931 0.551724 0.255586 
0 0.172414 0.551724 0.255959 
0.0344828 0.172414 0.551724 0.234732 
0.0689655 0.172414 0.551724 0.253998 
0.103448 0.172414 0.551724 0.259589 
0.137931 0.172414 0.551724 0.258416 
0.172414 0.172414 0.551724 0.237298 
0.206897 0.172414 0.551724 0.252921 
0.241379 0.172414 0.551724 0.252488 
0.275862 0.172414 0.551724 0.231585 
0.310345 0.172414 0.551724 0.259392 
0.344828 0.172414 0.551724 0.263152 
0.37931 0.172414 0.551724 0.250568 
0.413793 0.172414 0.551724 0.248875 
0.448276 0.172414 0.551724 0.26179 
0.482759 0.172414 0.551724 0.267256 
0.517241 0.172414 0.551724 0.25353 
0.551724 0.172414 0.551724 0.25498 
0.586207 0.172414 0.551724 0.233628 
0.62069 0.172414 0.551724 0.262273 
0.655172 0.172414 0.551724 0.227594 
0.689655 0.172414 0.551724 0.26098 
0.724138 0.172414 0.551724 0.246926 
0.758621 0.172414 0.551724 0.2587 
0.793103 0.172414 0.551724 0.230893 
0.827586 0.172414 0.551724 0.237787 
0.862069 0.172414 0.551724 0.256208 
0.896552 0.172414 0.551724 0.236312 
0.931034 0.172414 0.551724 0.249129 
0.965517 0.172414 0.551724 0.258876 
1 0.172414 0.551724 0.262774 
0 0.206897 0.551724 0.256862 
0.0344828 0.206897 0.551724 0.25575 
0.0689655 0.206897 0.551724 0.239615 
0.103448 0.206897 0.551724 0.256898 
0.137931 0.206897 0.551724 0.255663 
0.172414 0.206897 0.551724 0.258171 
0.206897 0.206897 0.551724 0.225329 
0.241379 0.206897 0.551724 0.263739 
0.275862 0.206897 0.551724 0.252591 
0.310345 0.206897 0.551724 0.254699 
0.344828 0.206897 0.551724 0.245731 
0.37931 0.206897 0.551724 0.257198 
0.413793 0.206897 0.551724 0.245001 
0.448276 0.206897 0.551724 0.232332 
0.482759 0.206897 0.551724 0.266731 
0.517241 0.206897 0.551724 0.265117 
0.551724 0.206897 0.551724 0.246161 
0.586207 0.206897 0.551724 0.270853 
0.62069 0.206897 0.551724 0.224587 
0.655172 0.206897 0.551724 0.255357 
0.689655 0.206897 0.551724 0.252749 
0.724138 0.206897 0.551724 0.259198 
0.758621 0.206897 0.551724 0.258025 
0.793103 0.206897 0.551724 0.259793 
0.827586 0.206897 0.551724 0.260965 
0.862069 0.206897 0.551724 0.262441 
0.896552 0.206897 0.551724 0.254066 
0.931034 0.206897 0.551724 0.251915 
0.965517 0.206897 0.551724 0.253254 
1 0.206897 0.551724 0.224754 
0 0.241379 0.551724 0.247227 
0.0344828 0.241379 0.551724 0.241515 
0.0689655 0.241379 0.551724 0.25477 
0.103448 0.241379 0.551724 0.257258 
0.137931 0.241379 0.551724 0.25576 
0.172414 0.241379 0.551724 0.25485 
0.206897 0.241379 0.551724 0.254217 
0.241379 0.241379 0.551724 0.252454 
0.275862 0.241379 0.551724 0.243713 
0.310345 0.241379 0.551724 0.242845 
0.344828 0.241379 0.551724 0.2495 
0.37931 0.241379 0.551724 0.247976 
0.413793 0.241379 0.551724 0.258266 
0.448276 0.241379 0.551724 0.246998 
0.482759 0.241379 0.551724 0.2557 
0.517241 0.241379 0.551724 0.227932 
0.551724 0.241379 0.551724 0.25823 
0.586207 0.241379 0.551724 0.225826 
0.62069 0.241379 0.551724 0.242358 
0.655172 0.241379 0.551724 0.252599 
0.689655 0.241379 0.551724 0.235801 
0.724138 0.241379 0.551724 0.25214 
0.758621 0.241379 0.551724 0.255709 
0.793103 0.241379 0.551724 0.256008 
0.827586 0.241379 0.551724 0.263785 
0.862069 0.241379 0.551724 0.252191 
0.896552 0.241379 0.551724 0.264523 
0.931034 0.241379 0.551724 0.252341 
0.965517 0.241379 0.551724 0.252799 
1 0.241379 0.551724 0.228864 
0 0.275862 0.551724 0.258044 
0.0344828 0.275862 0.551724 0.255985 
0.0689655 0.275862 0.551724 0.214654 
0.103448 0.275862 0.551724 0.255292 
0.137931 0.275862 0.551724 0.250902 
0.172414 0.275862 0.551724 0.243198 
0.206897 0.275862 0.551724 0.255858 
0.241379 0.275862 0.551724 0.252831 
0.275862 0.275862 0.551724 0.257246 
0.310345 0.275862 0.551724 0.210333 
0.344828 0.275862 0.551724 0.252343 
0.37931 0.275862 0.551724 0.251721 
0.413793 0.275862 0.551724 0.25157 
0.448276 0.275862 0.551724 0.243411 
0.482759 0.275862 0.551724 0.2405 
0.517241 0.275862 0.551724 0.257482 
0.551724 0.275862 0.551724 0.260667 
0.586207 0.275862 0.551724 0.253484 
0.62069 0.275862 0.551724 0.254327 
0.655172 0.275862 0.551724 0.249426 
0.689655 0.275862 0.551724 0.239334 
0.724138 0.275862 0.551724 0.260923 
0.758621 0.275862 0.551724 0.254274 
0.793103 0.275862 0.551724 0.255614 
0.827586 0.275862 0.551724 0.250036 
0.862069 0.275862 0.551724 0.255857 
0.896552 0.275862 0.551724 0.253398 
0.931034 0.275862 0.551724 0.249782 
0.965517 0.275862 0.551724 0.243163 
1 0.275862 0.551724 0.25675 
0 0.310345 0.551724 0.23661 
0.0344828 0.310345 0.551724 0.248328 
0.0689655 0.310345 0.551724 0.25202 
0.103448 0.310345 0.551724 0.257757 
0.137931 0.310345 0.551724 0.253421 
0.172414 0.310345 0.551724 0.249468 
0.206897 0.310345 0.551724 0.256884 
0.241379 0.310345 0.551724 0.258051 
0.275862 0.310345 0.551724 0.25794 
0.310345 0.310345 0.551724 0.255594 
0.344828 0.310345 0.551724 0.258584 
0.37931 0.310345 0.551724 0.2578 
0.413793 0.310345 0.551724 0.259685 
0.448276 0.310345 0.551724 0.249012 
0.482759 0.310345 0.551724 0.245638 
0.517241 0.310345 0.551724 0.254073 
0.551724 0.310345 0.551724 0.261107 
0.586207 0.310345 0.551724 0.250125 
0.62069 0.310345 0.551724 0.254656 
0.655172 0.310345 0.551724 0.219345 
0.689655 0.310345 0.551724 0.227899 
0.724138 0.310345 0.551724 0.241658 
0.758621 0.310345 0.551724 0.245411 
0.793103 0.310345 0.551724 0.237599 
0.827586 0.310345 0.551724 0.260106 
0.862069 0.310345 0.551724 0.256182 
0.896552 0.310345 0.551724 0.250369 
0.931034 0.310345 0.551724 0.252208 
0.965517 0.310345 0.551724 0.257079 
1 0.310345 0.551724 0.249822 
0 0.344828 0.551724 0.250575 
0.0344828 0.344828 0.551724 0.250384 
0.0689655 0.344828 0.551724 0.255675 
0.103448 0.344828 0.551724 0.242597 
0.137931 0.344828 0.551724 0.251099 
0.172414 0.344828 0.551724 0.255958 
0.206897 0.344828 0.551724 0.253037 
0.241379 0.344828 0.551724 0.247178 
0.275862 0.344828 0.551724 0.255742 
0.310345 0.344828 0.551724 0.256822 
0.344828 0.344828 0.551724 0.258458 
0.37931 0.344828 0.551724 0.246718 
0.413793 0.344828 0.551724 0.259065 
0.448276 0.344828 0.551724 0.216348 
0.482759 0.344828 0.551724 0.253101 
0.517241 0.344828 0.551724 0.25716 
0.551724 0.344828 0.551724 0.255583 
0.586207 0.344828 0.551724 0.246645 
0.62069 0.344828 0.551724 0.248125 
0.655172 0.344828 0.551724 0.221125 
0.689655 0.344828 0.551724 0.257712 
0.724138 0.344828 0.551724 0.250664 
0.758621 0.344828 0.551724 0.254381 
0.793103 0.344828 0.551724 0.253243 
0.827586 0.344828 0.551724 0.248938 
0.862069 0.344828 0.551724 0.257921 
0.896552 0.344828 0.551724 0.247195 
0.931034 0.344828 0.551724 0.240344 
0.965517 0.344828 0.551724 0.257173 
1 0.344828 0.551724 0.254458 
0 0.37931 0.551724 0.248352 
0.0344828 0.37931 0.551724 0.250873 
0.0689655 0.37931 0.551724 0.247796 
0.103448 0.37931 0.551724 0.248301 
0.137931 0.37931 0.551724 0.230676 
0.172414 0.37931 0.551724 0.236263 
0.206897 0.37931 0.551724 0.252281 
0.241379 0.37931 0.551724 0.248865 
0.275862 0.37931 0.551724 0.228722 
0.310345 0.37931 0.551724 0.25039 
0.344828 0.37931 0.551724 0.254264 
0.37931 0.37931 0.551724 0.25235 
0.413793 0.37931 0.551724 0.250803 
0.448276 0.37931 0.551724 0.255435 
0.482759 0.37931 0.551724 0.255414 
0.517241 0.37931 0.551724 0.251535 
0.551724 0.37931 0.551724 0.249563 
0.586207 0.37931 0.551724 0.242262 
0.62069 0.37931 0.551724 0.204593 
0.655172 0.37931 0.551724 0.244661 
0.689655 0.37931 0.551724 0.245418 
0.724138 0.37931 0.551724 0.256531 
0.758621 0.37931 0.551724 0.244105 
0.793103 0.37931 0.551724 0.25567 
0.827586 0.37931 0.551724 0.222438 
0.862069 0.37931 0.551724 0.250273 
0.896552 0.37931 0.551724 0.250633 
0.931034 0.37931 0.551724 0.255124 
0.965517 0.37931 0.551724 0.26172 
1 0.37931 0.551724 0.23614 
0 0.413793 0.551724 0.255911 
0.0344828 0.413793 0.551724 0.249081 
0.0689655 0.413793 0.551724 0.247946 
0.103448 0.413793 0.551724 0.249616 
0.137931 0.413793 0.551724 0.213702 
0.172414 0.413793 0.551724 0.256083 
0.206897 0.413793 0.551724 0.257758 
0.241379 0.413793 0.551724 0.248935 
0.275862 0.413793 0.551724 0.213761 
0.310345 0.413793 0.551724 0.249282 
0.344828 0.413793 0.551724 0.250922 
0.37931 0.413793 0.551724 0.246742 
0.413793 0.413793 0.551724 0.25537 
0.448276 0.413793 0.551724 0.254689 
0.482759 0.413793 0.551724 0.258399 
0.517241 0.413793 0.551724 0.256767 
0.551724 0.413793 0.551724 0.252463 
0.586207 0.413793 0.551724 0.239305 
0.62069 0.413793 0.551724 0.258293 
0.655172 0.413793 0.551724 0.23464 
0.689655 0.413793 0.551724 0.256709 
0.724138 0.413793 0.551724 0.231462 
0.758621 0.413793 0.551724 0.255396 
0.793103 0.413793 0.551724 0.247268 
0.827586 0.413793 0.551724 0.24877 
0.862069 0.413793 0.551724 0.241517 
0.896552 0.413793 0.551724 0.254321 
0.931034 0.413793 0.551724 0.240619 
0.965517 0.413793 0.551724 0.218377 
1 0.413793 0.551724 0.256729 
0 0.448276 0.551724 0.252001 
0.0344828 0.448276 0.551724 0.257797 
0.0689655 0.448276 0.551724 0.253278 
0.103448 0.448276 0.551724 0.25295 
0.137931 0.448276 0.551724 0.246797 
0.172414 0.448276 0.551724 0.258588 
0.206897 0.448276 0.551724 0.250332 
0.241379 0.448276 0.551724 0.256208 
0.275862 0.448276 0.551724 0.252038 
0.310345 0.448276 0.551724 0.251743 
0.344828 0.448276 0.551724 0.257579 
0.37931 0.448276 0.551724 0.258629 
0.413793 0.448276 0.551724 0.254133 
0.448276 0.448276 0.551724 0.250974 
0.482759 0.448276 0.551724 0.244232 
0.517241 0.448276 0.551724 0.21396 
0.551724 0.448276 0.551724 0.246619 
0.586207 0.448276 0.551724 0.252415 
0.62069 0.448276 0.551724 0.253084 
0.655172 0.448276 0.551724 0.253257 
0.689655 0.448276 0.551724 0.252807 
0.724138 0.448276 0.551724 0.248496 
0.758621 0.448276 0.551724 0.230868 
0.793103 0.448276 0.551724 0.246512 
0.827586 0.448276 0.551724 0.246849 
0.862069 0.448276 0.551724 0.241036 
0.896552 0.448276 0.551724 0.253475 
0.931034 0.448276 0.551724 0.240184 
0.965517 0.448276 0.551724 0.258301 
1 0.448276 0.551724 0.239901 
0 0.482759 0.551724 0.244141 
0.0344828 0.482759 0.551724 0.254718 
0.0689655 0.482759 0.551724 0.242136 
0.103448 0.482759 0.551724 0.256344 
0.137931 0.482759 0.551724 0.25118 
0.172414 0.482759 0.551724 0.24632 
0.206897 0.482759 0.551724 0.253263 
0.241379 0.482759 0.551724 0.252112 
0.275862 0.482759 0.551724 0.25829 
0.310345 0.482759 0.551724 0.247861 
0.344828 0.482759 0.551724 0.239427 
0.37931 0.482759 0.551724 0.243357 
0.413793 0.482759 0.551724 0.254268 
0.448276 0.482759 0.551724 0.252139 
0.482759 0.482759 0.551724 0.247516 
0.517241 0.482759 0.551724 0.241613 
0.551724 0.482759 0.551724 0.253503 
0.586207 0.482759 0.551724 0.253314 
0.62069 0.482759 0.551724 0.245947 
0.655172 0.482759 0.551724 0.254469 
0.689655 0.482759 0.551724 0.226358 
0.724138 0.482759 0.551724 0.24144 
0.758621 0.482759 0.551724 0.267575 
0.793103 0.482759 0.551724 0.246891 
0.827586 0.482759 0.551724 0.254435 
0.862069 0.482759 0.551724 0.255557 
0.896552 0.482759 0.551724 0.240659 
0.931034 0.482759 0.551724 0.227521 
0.965517 0.482759 0.551724 0.253777 
1 0.482759 0.551724 0.247491 
0 0.517241 0.551724 0.252426 
0.0344828 0.517241 0.551724 0.25104 
0.0689655 0.517241 0.551724 0.25852 
0.103448 0.517241 0.551724 0.251386 
0.137931 0.517241 0.551724 0.247482 
0.172414 0.517241 0.551724 0.251057 
0.206897 0.517241 0.551724 0.255362 
0.241379 0.517241 0.551724 0.241997 
0.275862 0.517241 0.551724 0.252838 
0.310345 0.517241 0.551724 0.251196 
0.344828 0.517241 0.551724 0.249247 
0.37931 0.517241 0.551724 0.248967 
0.413793 0.517241 0.551724 0.241664 
0.448276 0.517241 0.551724 0.25045 
0.482759 0.517241 0.551724 0.251091 
0.517241 0.517241 0.551724 0.241489 
0.551724 0.517241 0.551724 0.240453 
0.586207 0.517241 0.551724 0.262278 
0.62069 0.517241 0.551724 0.25126 
0.655172 0.517241 0.551724 0.255142 
0.689655 0.517241 0.551724 0.253913 
0.724138 0.517241 0.551724 0.25483 
0.758621 0.517241 0.551724 0.249396 
0.793103 0.517241 0.551724 0.249904 
0.827586 0.517241 0.551724 0.257368 
0.862069 0.517241 0.551724 0.253174 
0.896552 0.517241 0.551724 0.251867 
0.931034 0.517241 0.551724 0.247862 
0.965517 0.517241 0.551724 0.247194 
1 0.517241 0.551724 0.247453 
0 0.551724 0.551724 0.22938 
0.0344828 0.551724 0.551724 0.249847 
0.0689655 0.551724 0.551724 0.248625 
0.103448 0.551724 0.551724 0.257892 
0.137931 0.551724 0.551724 0.249586 
0.172414 0.551724 0.551724 0.254463 
0.206897 0.551724 0.551724 0.247002 
0.241379 0.551724 0.551724 0.257307 
0.275862 0.551724 0.551724 0.24977 
0.310345 0.551724 0.551724 0.253842 
0.344828 0.551724 0.551724 0.245472 
0.37931 0.551724 0.551724 0.248038 
0.413793 0.551724 0.551724 0.250988 
0.448276 0.551724 0.551724 0.248145 
0.482759 0.551724 0.551724 0.252754 
0.517241 0.551724 0.551724 0.252639 
0.551724 0.551724 0.551724 0.242384 
0.586207 0.551724 0.551724 0.259079 
0.62069 0.551724 0.551724 0.257948 
0.655172 0.551724 0.551724 0.254313 
0.689655 0.551724 0.551724 0.254347 
0.724138 0.551724 0.551724 0.250757 
0.758621 0.551724 0.551724 0.24751 
0.793103 0.551724 0.551724 0.252777 
0.827586 0.551724 0.551724 0.2461 
0.862069 0.551724 0.551724 0.253782 
0.896552 0.551724 0.551724 0.256348 
0.931034 0.551724 0.551724 0.241177 
0.965517 0.551724 0.551724 0.24641 
1 0.551724 0.551724 0.247392 
0 0.586207 0.551724 0.249031 
0.0344828 0.586207 0.551724 0.245009 
0.0689655 0.586207 0.551724 0.251457 
0.103448 0.586207 0.551724 0.246158 
0.137931 0.586207 0.551724 0.24737 
0.172414 0.586207 0.551724 0.252048 
0.206897 0.586207 0.551724 0.246642 
0.241379 0.586207 0.551724 0.250594 
0.275862 0.586207 0.551724 0.248469 
0.310345 0.586207 0.551724 0.252689 
0.344828 0.586207 0.551724 0.256476 
0.37931 0.586207 0.551724 0.263055 
0.413793 0.586207 0.551724 0.252878 
0.448276 0.586207 0.551724 0.249571 
0.482759 0.586207 0.551724 0.262748 
0.517241 0.586207 0.551724 0.251352 
0.551724 0.586207 0.551724 0.252422 
0.586207 0.586207 0.551724 0.259389 
0.62069 0.586207 0.551724 0.24205 
0.655172 0.586207 0.551724 0.254351 
0.689655 0.586207 0.551724 0.252621 
0.724138 0.586207 0.551724 0.233694 
0.758621 0.586207 0.551724 0.251304 
0.793103 0.586207 0.551724 0.249198 
0.827586 0.586207 0.551724 0.23168 
0.862069 0.586207 0.551724 0.251016 
0.896552 0.586207 0.551724 0.244703 
0.931034 0.586207 0.551724 0.247154 
0.965517 0.586207 0.551724 0.240341 
1 0.586207 0.551724 0.225804 
0 0.62069 0.551724 0.254279 
0.0344828 0.62069 0.551724 0.255196 
0.0689655 0.62069 0.551724 0.248994 
0.103448 0.62069 0.551724 0.218247 
0.137931 0.62069 0.551724 0.235303 
0.172414 0.62069 0.551724 0.25725 
0.206897 0.62069 0.551724 0.255874 
0.241379 0.62069 0.551724 0.25562 
0.275862 0.62069 0.551724 0.240027 
0.310345 0.62069 0.551724 0.241162 
0.344828 0.62069 0.551724 0.217727 
0.37931 0.62069 0.551724 0.209905 
0.413793 0.62069 0.551724 0.261628 
0.448276 0.62069 0.551724 0.24471 
0.482759 0.62069 0.551724 0.240803 
0.517241 0.62069 0.551724 0.247093 
0.551724 0.62069 0.551724 0.254411 
0.586207 0.62069 0.551724 0.229565 
0.62069 0.62069 0.551724 0.249531 
0.655172 0.62069 0.551724 0.252216 
0.689655 0.62069 0.551724 0.250285 
0.724138 0.62069 0.551724 0.245646 
0.758621 0.62069 0.551724 0.23258 
0.793103 0.62069 0.551724 0.24371 
0.827586 0.62069 0.551724 0.252159 
0.862069 0.62069 0.551724 0.247769 
0.896552 0.62069 0.551724 0.247656 
0.931034 0.62069 0.551724 0.210066 
0.965517 0.62069 0.551724 0.250655 
1 0.62069 0.551724 0.255564 
0 0.655172 0.551724 0.250616 
0.0344828 0.655172 0.551724 0.247859 
0.0689655 0.655172 0.551724 0.255803 
0.103448 0.655172 0.551724 0.224736 
0.137931 0.655172 0.551724 0.249761 
0.172414 0.655172 0.551724 0.251667 
0.206897 0.655172 0.551724 0.244096 
0.241379 0.655172 0.551724 0.244045 
0.275862 0.655172 0.551724 0.253036 
0.310345 0.655172 0.551724 0.247419 
0.344828 0.655172 0.551724 0.25063 
0.37931 0.655172 0.551724 0.246067 
0.413793 0.655172 0.551724 0.254764 
0.448276 0.655172 0.551724 0.238472 
0.482759 0.655172 0.551724 0.258444 
0.517241 0.655172 0.551724 0.241178 
0.551724 0.655172 0.551724 0.247495 
0.586207 0.655172 0.551724 0.254625 
0.62069 0.655172 0.551724 0.247285 
0.655172 0.655172 0.551724 0.245845 
0.689655 0.655172 0.551724 0.248987 
0.724138 0.655172 0.551724 0.253039 
0.758621 0.655172 0.551724 0.249583 
0.793103 0.655172 0.551724 0.260598 
0.827586 0.655172 0.551724 0.239897 
0.862069 0.655172 0.551724 0.253409 
0.896552 0.655172 0.551724 0.24858 
0.931034 0.655172 0.551724 0.250856 
0.965517 0.655172 0.551724 0.250779 
1 0.655172 0.551724 0.252817 
0 0.689655 0.551724 0.247203 
0.0344828 0.689655 0.551724 0.244944 
0.0689655 0.689655 0.551724 0.252343 
0.103448 0.689655 0.551724 0.249562 
0.137931 0.689655 0.551724 0.246673 
0.172414 0.689655 0.551724 0.252237 
0.206897 0.689655 0.551724 0.243391 
0.241379 0.689655 0.551724 0.248254 
0.275862 0.689655 0.551724 0.241749 
0.310345 0.689655 0.551724 0.250039 
0.344828 0.689655 0.551724 0.231618 
0.37931 0.689655 0.551724 0.251047 
0.413793 0.689655 0.551724 0.252037 
0.448276 0.689655 0.551724 0.249734 
0.482759 0.689655 0.551724 0.249942 
0.517241 0.689655 0.551724 0.248626 
0.551724 0.689655 0.551724 0.243413 
0.586207 0.689655 0.551724 0.220994 
0.62069 0.689655 0.551724 0.256448 
0.655172 0.689655 0.551724 0.248811 
0.689655 0.689655 0.551724 0.246959 
0.724138 0.689655 0.551724 0.250623 
0.758621 0.689655 0.551724 0.238151 
0.793103 0.689655 0.551724 0.243722 
0.827586 0.689655 0.551724 0.2441 
0.862069 0.689655 0.551724 0.246369 
0.896552 0.689655 0.551724 0.249068 
0.931034 0.689655 0.551724 0.246251 
0.965517 0.689655 0.551724 0.253601 
1 0.689655 0.551724 0.251388 
0 0.724138 0.551724 0.244296 
0.0344828 0.724138 0.551724 0.251134 
0.0689655 0.724138 0.551724 0.251343 
0.103448 0.724138 0.551724 0.244493 
0.137931 0.724138 0.551724 0.243919 
0.172414 0.724138 0.551724 0.249787 
0.206897 0.724138 0.551724 0.239639 
0.241379 0.724138 0.551724 0.244142 
0.275862 0.724138 0.551724 0.254703 
0.310345 0.724138 0.551724 0.242743 
0.344828 0.724138 0.551724 0.249492 
0.37931 0.724138 0.551724 0.252166 
0.413793 0.724138 0.551724 0.249741 
0.448276 0.724138 0.551724 0.249763 
0.482759 0.724138 0.551724 0.248756 
0.517241 0.724138 0.551724 0.254156 
0.551724 0.724138 0.551724 0.243759 
0.586207 0.724138 0.551724 0.245836 
0.62069 0.724138 0.551724 0.242282 
0.655172 0.724138 0.551724 0.252465 
0.689655 0.724138 0.551724 0.253543 
0.724138 0.724138 0.551724 0.254355 
0.758621 0.724138 0.551724 0.247553 
0.793103 0.724138 0.551724 0.250159 
0.827586 0.724138 0.551724 0.253325 
0.862069 0.724138 0.551724 0.256197 
0.896552 0.724138 0.551724 0.248508 
0.931034 0.724138 0.551724 0.249458 
0.965517 0.724138 0.551724 0.25256 
1 0.724138 0.551724 0.250234 
0 0.758621 0.551724 0.256284 
0.0344828 0.758621 0.551724 0.251518 
0.0689655 0.758621 0.551724 0.239112 
0.103448 0.758621 0.551724 0.243646 
0.137931 0.758621 0.551724 0.247885 
0.172414 0.758621 0.551724 0.24839 
0.206897 0.758621 0.551724 0.251338 
0.241379 0.758621 0.551724 0.24184 
0.275862 0.758621 0.551724 0.24458 
0.310345 0.758621 0.551724 0.215802 
0.344828 0.758621 0.551724 0.238049 
0.37931 0.758621 0.551724 0.245663 
0.413793 0.758621 0.551724 0.249956 
0.448276 0.758621 0.551724 0.246968 
0.482759 0.758621 0.551724 0.249065 
0.517241 0.758621 0.551724 0.249536 
0.551724 0.758621 0.551724 0.249658 
0.586207 0.758621 0.551724 0.244644 
0.62069 0.758621 0.551724 0.248823 
0.655172 0.758621 0.551724 0.243595 
0.689655 0.758621 0.551724 0.246624 
0.724138 0.758621 0.551724 0.249113 
0.758621 0.758621 0.551724 0.248129 
0.793103 0.758621 0.551724 0.24262 
0.827586 0.758621 0.551724 0.244511 
0.862069 0.758621 0.551724 0.241781 
0.896552 0.758621 0.551724 0.248197 
0.931034 0.758621 0.551724 0.253173 
0.965517 0.758621 0.551724 0.251895 
1 0.758621 0.551724 0.25228 
0 0.793103 0.551724 0.250037 
0.0344828 0.793103 0.551724 0.251248 
0.0689655 0.793103 0.551724 0.243385 
0.103448 0.793103 0.551724 0.250387 
0.137931 0.793103 0.551724 0.250062 
0.172414 0.793103 0.551724 0.247925 
0.206897 0.793103 0.551724 0.249464 
0.241379 0.793103 0.551724 0.251596 
0.275862 0.793103 0.551724 0.24652 
0.310345 0.793103 0.551724 0.250164 
0.344828 0.793103 0.551724 0.250495 
0.37931 0.793103 0.551724 0.249682 
0.413793 0.793103 0.551724 0.240823 
0.448276 0.793103 0.551724 0.250861 
0.482759 0.793103 0.551724 0.252387 
0.517241 0.793103 0.551724 0.244279 
0.551724 0.793103 0.551724 0.251651 
0.586207 0.793103 0.551724 0.252132 
0.62069 0.793103 0.551724 0.243775 
0.655172 0.793103 0.551724 0.247586 
0.689655 0.793103 0.551724 0.249186 
0.724138 0.793103 0.551724 0.249542 
0.758621 0.793103 0.551724 0.25286 
0.793103 0.793103 0.551724 0.249599 
0.827586 0.793103 0.551724 0.243956 
0.862069 0.793103 0.551724 0.247538 
0.896552 0.793103 0.551724 0.2429 
0.931034 0.793103 0.551724 0.252165 
0.965517 0.793103 0.551724 0.229793 
1 0.793103 0.551724 0.242777 
0 0.827586 0.551724 0.246537 
0.0344828 0.827586 0.551724 0.251549 
0.0689655 0.827586 0.551724 0.199313 
0.103448 0.827586 0.551724 0.233113 
0.137931 0.827586 0.551724 0.243497 
0.172414 0.827586 0.551724 0.248703 
0.206897 0.827586 0.551724 0.250831 
0.241379 0.827586 0.551724 0.250027 
0.275862 0.827586 0.551724 0.251434 
0.310345 0.827586 0.551724 0.24646 
0.344828 0.827586 0.551724 0.240841 
0.37931 0.827586 0.551724 0.250517 
0.413793 0.827586 0.551724 0.249441 
0.448276 0.827586 0.551724 0.242052 
0.482759 0.827586 0.551724 0.233784 
0.517241 0.827586 0.551724 0.251069 
0.551724 0.827586 0.551724 0.249664 
0.586207 0.827586 0.551724 0.244686 
0.62069 0.827586 0.551724 0.246683 
0.655172 0.827586 0.551724 0.242051 
0.689655 0.827586 0.551724 0.242664 
0.724138 0.827586 0.551724 0.243302 
0.758621 0.827586 0.551724 0.249674 
0.793103 0.827586 0.551724 0.212267 
0.827586 0.827586 0.551724 0.247366 
0.862069 0.827586 0.551724 0.245517 
0.896552 0.827586 0.551724 0.255967 
0.931034 0.827586 0.551724 0.207349 
0.965517 0.827586 0.551724 0.251579 
1 0.827586 0.551724 0.242723 
0 0.862069 0.551724 0.251662 
0.0344828 0.862069 0.551724 0.249752 
0.0689655 0.862069 0.551724 0.237922 
0.103448 0.862069 0.551724 0.243489 
0.137931 0.862069 0.551724 0.245512 
0.172414 0.862069 0.551724 0.253308 
0.206897 0.862069 0.551724 0.247045 
0.241379 0.862069 0.551724 0.245886 
0.275862 0.862069 0.551724 0.249414 
0.310345 0.862069 0.551724 0.255375 
0.344828 0.862069 0.551724 0.236089 
0.37931 0.862069 0.551724 0.247569 
0.413793 0.862069 0.551724 0.250944 
0.448276 0.862069 0.551724 0.244609 
0.482759 0.862069 0.551724 0.249106 
0.517241 0.862069 0.551724 0.251637 
0.551724 0.862069 0.551724 0.249808 
0.586207 0.862069 0.551724 0.247986 
0.62069 0.862069 0.551724 0.247894 
0.655172 0.862069 0.551724 0.216158 
0.689655 0.862069 0.551724 0.240949 
0.724138 0.862069 0.551724 0.240215 
0.758621 0.862069 0.551724 0.25067 
0.793103 0.862069 0.551724 0.245106 
0.827586 0.862069 0.551724 0.246502 
0.862069 0.862069 0.551724 0.247609 
0.896552 0.862069 0.551724 0.249551 
0.931034 0.862069 0.551724 0.234336 
0.965517 0.862069 0.551724 0.247871 
1 0.862069 0.551724 0.247958 
0 0.896552 0.551724 0.251087 
0.0344828 0.896552 0.551724 0.240079 
0.0689655 0.896552 0.551724 0.256525 
0.103448 0.896552 0.551724 0.23798 
0.137931 0.896552 0.551724 0.24211 
0.172414 0.896552 0.551724 0.248156 
0.206897 0.896552 0.551724 0.252683 
0.241379 0.896552 0.551724 0.224221 
0.275862 0.896552 0.551724 0.251577 
0.310345 0.896552 0.551724 0.233518 
0.344828 0.896552 0.551724 0.250553 
0.37931 0.896552 0.551724 0.249999 
0.413793 0.896552 0.551724 0.236769 
0.448276 0.896552 0.551724 0.250344 
0.482759 0.896552 0.551724 0.249521 
0.517241 0.896552 0.551724 0.242366 
0.551724 0.896552 0.551724 0.248612 
0.586207 0.896552 0.551724 0.245513 
0.62069 0.896552 0.551724 0.239045 
0.655172 0.896552 0.551724 0.251259 
0.689655 0.896552 0.551724 0.234953 
0.724138 0.896552 0.551724 0.248268 
0.758621 0.896552 0.551724 0.23198 
0.793103 0.896552 0.551724 0.247396 
0.827586 0.896552 0.551724 0.244656 
0.862069 0.896552 0.551724 0.24531 
0.896552 0.896552 0.551724 0.244891 
0.931034 0.896552 0.551724 0.247313 
0.965517 0.896552 0.551724 0.244169 
1 0.896552 0.551724 0.24606 
0 0.931034 0.551724 0.246302 
0.0344828 0.931034 0.551724 0.250836 
0.0689655 0.931034 0.551724 0.243224 
0.103448 0.931034 0.551724 0.206867 
0.137931 0.931034 0.551724 0.253243 
0.172414 0.931034 0.551724 0.248368 
0.206897 0.931034 0.551724 0.252448 
0.241379 0.931034 0.551724 0.245144 
0.275862 0.931034 0.551724 0.250124 
0.310345 0.931034 0.551724 0.244638 
0.344828 0.931034 0.551724 0.243348 
0.37931 0.931034 0.551724 0.244678 
0.413793 0.931034 0.551724 0.246967 
0.448276 0.931034 0.551724 0.195953 
0.482759 0.931034 0.551724 0.247336 
0.517241 0.931034 0.551724 0.242886 
0.551724 0.931034 0.551724 0.24146 
0.586207 0.931034 0.551724 0.246249 
0.62069 0.931034 0.551724 0.248197 
0.655172 0.931034 0.551724 0.249502 
0.689655 0.931034 0.551724 0.230187 
0.724138 0.931034 0.551724 0.245006 
0.758621 0.931034 0.551724 0.237494 
0.793103 0.931034 0.551724 0.24194 
0.827586 0.931034 0.551724 0.253528 
0.862069 0.931034 0.551724 0.215739 
0.896552 0.931034 0.551724 0.246228 
0.931034 0.931034 0.551724 0.244536 
0.965517 0.931034 0.551724 0.244123 
1 0.931034 0.551724 0.241176 
0 0.965517 0.551724 0.239048 
0.0344828 0.965517 0.551724 0.246128 
0.0689655 0.965517 0.551724 0.248092 
0.103448 0.965517 0.551724 0.244657 
0.137931 0.965517 0.551724 0.249333 
0.172414 0.965517 0.551724 0.242619 
0.206897 0.965517 0.551724 0.248159 
0.241379 0.965517 0.551724 0.243266 
0.275862 0.965517 0.551724 0.22654 
0.310345 0.965517 0.551724 0.247265 
0.344828 0.965517 0.551724 0.235369 
0.37931 0.965517 0.551724 0.248589 
0.413793 0.965517 0.551724 0.25466 
0.448276 0.965517 0.551724 0.24149 
0.482759 0.965517 0.551724 0.248498 
0.517241 0.965517 0.551724 0.247456 
0.551724 0.965517 0.551724 0.246759 
0.586207 0.965517 0.551724 0.239229 
0.62069 0.965517 0.551724 0.237918 
0.655172 0.965517 0.551724 0.241941 
0.689655 0.965517 0.551724 0.243596 
0.724138 0.965517 0.551724 0.241619 
0.758621 0.965517 0.551724 0.234073 
0.793103 0.965517 0.551724 0.243696 
0.827586 0.965517 0.551724 0.248104 
0.862069 0.965517 0.551724 0.246998 
0.896552 0.965517 0.551724 0.248554 
0.931034 0.965517 0.551724 0.241651 
0.965517 0.965517 0.551724 0.245084 
1 0.965517 0.551724 0.246661 
0 1 0.551724 0.251285 
0.0344828 1 0.551724 0.243567 
0.0689655 1 0.551724 0.250554 
0.103448 1 0.551724 0.233841 
0.137931 1 0.551724 0.245258 
0.172414 1 0.551724 0.252707 
0.206897 1 0.551724 0.237345 
0.241379 1 0.551724 0.248798 
0.275862 1 0.551724 0.251134 
0.310345 1 0.551724 0.249177 
0.344828 1 0.551724 0.24774 
0.37931 1 0.551724 0.253609 
0.413793 1 0.551724 0.24375 
0.448276 1 0.551724 0.242027 
0.482759 1 0.551724 0.241226 
0.517241 1 0.551724 0.24294 
0.551724 1 0.551724 0.248873 
0.586207 1 0.551724 0.247174 
0.62069 1 0.551724 0.249016 
0.655172 1 0.551724 0.242703 
0.689655 1 0.551724 0.254779 
0.724138 1 0.551724 0.239242 
0.758621 1 0.551724 0.250728 
0.793103 1 0.551724 0.245655 
0.827586 1 0.551724 0.239487 
0.862069 1 0.551724 0.250658 
0.896552 1 0.551724 0.242671 
0.931034 1 0.551724 0.248747 
0.965517 1 0.551724 0.247753 
1 1 0.551724 0.25134 
0 0 0.586207 0.225095 
0.0344828 0 0.586207 0.225095 
0.0689655 0 0.586207 0.225095 
0.103448 0 0.586207 0.225095 
0.137931 0 0.586207 0.225095 
0.172414 0 0.586207 0.225095 
0.206897 0 0.586207 0.225095 
0.241379 0 0.586207 0.225095 
0.275862 0 0.586207 0.225095 
0.310345 0 0.586207 0.225095 
0.344828 0 0.586207 0.225095 
0.37931 0 0.586207 0.225095 
0.413793 0 0.586207 0.225095 
0.448276 0 0.586207 0.225095 
0.482759 0 0.586207 0.225095 
0.517241 0 0.586207 0.225095 
0.551724 0 0.586207 0.225095 
0.586207 0 0.586207 0.225095 
0.62069 0 0.586207 0.225095 
0.655172 0 0.586207 0.225095 
0.689655 0 0.586207 0.225095 
0.724138 0 0.586207 0.225095 
0.758621 0 0.586207 0.225095 
0.793103 0 0.586207 0.225095 
0.827586 0 0.586207 0.225095 
0.862069 0 0.586207 0.225095 
0.896552 0 0.586207 0.225095 
0.931034 0 0.586207 0.225095 
0.965517 0 0.586207 0.225095 
1 0 0.586207 0.225095 
0 0.0344828 0.586207 0.232017 
0.0344828 0.0344828 0.586207 0.227227 
0.0689655 0.0344828 0.586207 0.233906 
0.103448 0.0344828 0.586207 0.231246 
0.137931 0.0344828 0.586207 0.232962 
0.172414 0.0344828 0.586207 0.231112 
0.206897 0.0344828 0.586207 0.23298 
0.241379 0.0344828 0.586207 0.215224 
0.275862 0.0344828 0.586207 0.230429 
0.310345 0.0344828 0.586207 0.231751 
0.344828 0.0344828 0.586207 0.229348 
0.37931 0.0344828 0.586207 0.219624 
0.413793 0.0344828 0.586207 0.226026 
0.448276 0.0344828 0.586207 0.226476 
0.482759 0.0344828 0.586207 0.231669 
0.517241 0.0344828 0.586207 0.218725 
0.551724 0.0344828 0.586207 0.224855 
0.586207 0.0344828 0.586207 0.222254 
0.62069 0.0344828 0.586207 0.233318 
0.655172 0.0344828 0.586207 0.230342 
0.689655 0.0344828 0.586207 0.229084 
0.724138 0.0344828 0.586207 0.230386 
0.758621 0.0344828 0.586207 0.225896 
0.793103 0.0344828 0.586207 0.231195 
0.827586 0.0344828 0.586207 0.237506 
0.862069 0.0344828 0.586207 0.225556 
0.896552 0.0344828 0.586207 0.229978 
0.931034 0.0344828 0.586207 0.234752 
0.965517 0.0344828 0.586207 0.233759 
1 0.0344828 0.586207 0.223222 
0 0.0689655 0.586207 0.229911 
0.0344828 0.0689655 0.586207 0.22589 
0.0689655 0.0689655 0.586207 0.230935 
0.103448 0.0689655 0.586207 0.225487 
0.137931 0.0689655 0.586207 0.223138 
0.172414 0.0689655 0.586207 0.222599 
0.206897 0.0689655 0.586207 0.218269 
0.241379 0.0689655 0.586207 0.236983 
0.275862 0.0689655 0.586207 0.227788 
0.310345 0.0689655 0.586207 0.225463 
0.344828 0.0689655 0.586207 0.213998 
0.37931 0.0689655 0.586207 0.230019 
0.413793 0.0689655 0.586207 0.233965 
0.448276 0.0689655 0.586207 0.225056 
0.482759 0.0689655 0.586207 0.229852 
0.517241 0.0689655 0.586207 0.230365 
0.551724 0.0689655 0.586207 0.233147 
0.586207 0.0689655 0.586207 0.233495 
0.62069 0.0689655 0.586207 0.226436 
0.655172 0.0689655 0.586207 0.235373 
0.689655 0.0689655 0.586207 0.224628 
0.724138 0.0689655 0.586207 0.183858 
0.758621 0.0689655 0.586207 0.231599 
0.793103 0.0689655 0.586207 0.225057 
0.827586 0.0689655 0.586207 0.225244 
0.862069 0.0689655 0.586207 0.230863 
0.896552 0.0689655 0.586207 0.222686 
0.931034 0.0689655 0.586207 0.22786 
0.965517 0.0689655 0.586207 0.223948 
1 0.0689655 0.586207 0.238394 
0 0.103448 0.586207 0.19557 
0.0344828 0.103448 0.586207 0.231623 
0.0689655 0.103448 0.586207 0.230931 
0.103448 0.103448 0.586207 0.22447 
0.137931 0.103448 0.586207 0.21973 
0.172414 0.103448 0.586207 0.227496 
0.206897 0.103448 0.586207 0.225411 
0.241379 0.103448 0.586207 0.226824 
0.275862 0.103448 0.586207 0.231445 
0.310345 0.103448 0.586207 0.225562 
0.344828 0.103448 0.586207 0.224958 
0.37931 0.103448 0.586207 0.222715 
0.413793 0.103448 0.586207 0.230956 
0.448276 0.103448 0.586207 0.229735 
0.482759 0.103448 0.586207 0.231627 
0.517241 0.103448 0.586207 0.230708 
0.551724 0.103448 0.586207 0.224427 
0.586207 0.103448 0.586207 0.232232 
0.62069 0.103448 0.586207 0.226009 
0.655172 0.103448 0.586207 0.207403 
0.689655 0.103448 0.586207 0.224684 
0.724138 0.103448 0.586207 0.234499 
0.758621 0.103448 0.586207 0.232957 
0.793103 0.103448 0.586207 0.23157 
0.827586 0.103448 0.586207 0.230146 
0.862069 0.103448 0.586207 0.226035 
0.896552 0.103448 0.586207 0.210168 
0.931034 0.103448 0.586207 0.234347 
0.965517 0.103448 0.586207 0.231809 
1 0.103448 0.586207 0.226165 
0 0.137931 0.586207 0.232463 
0.0344828 0.137931 0.586207 0.215105 
0.0689655 0.137931 0.586207 0.230901 
0.103448 0.137931 0.586207 0.228468 
0.137931 0.137931 0.586207 0.222919 
0.172414 0.137931 0.586207 0.228098 
0.206897 0.137931 0.586207 0.223459 
0.241379 0.137931 0.586207 0.229362 
0.275862 0.137931 0.586207 0.22767 
0.310345 0.137931 0.586207 0.229935 
0.344828 0.137931 0.586207 0.227786 
0.37931 0.137931 0.586207 0.224544 
0.413793 0.137931 0.586207 0.22576 
0.448276 0.137931 0.586207 0.234219 
0.482759 0.137931 0.586207 0.225345 
0.517241 0.137931 0.586207 0.222993 
0.551724 0.137931 0.586207 0.232331 
0.586207 0.137931 0.586207 0.224796 
0.62069 0.137931 0.586207 0.225192 
0.655172 0.137931 0.586207 0.222979 
0.689655 0.137931 0.586207 0.231245 
0.724138 0.137931 0.586207 0.229997 
0.758621 0.137931 0.586207 0.235506 
0.793103 0.137931 0.586207 0.23122 
0.827586 0.137931 0.586207 0.231299 
0.862069 0.137931 0.586207 0.225794 
0.896552 0.137931 0.586207 0.224872 
0.931034 0.137931 0.586207 0.230726 
0.965517 0.137931 0.586207 0.227833 
1 0.137931 0.586207 0.231242 
0 0.172414 0.586207 0.22735 
0.0344828 0.172414 0.586207 0.233963 
0.0689655 0.172414 0.586207 0.222838 
0.103448 0.172414 0.586207 0.229218 
0.137931 0.172414 0.586207 0.227452 
0.172414 0.172414 0.586207 0.232172 
0.206897 0.172414 0.586207 0.222179 
0.241379 0.172414 0.586207 0.224814 
0.275862 0.172414 0.586207 0.19751 
0.310345 0.172414 0.586207 0.230658 
0.344828 0.172414 0.586207 0.231606 
0.37931 0.172414 0.586207 0.223779 
0.413793 0.172414 0.586207 0.225538 
0.448276 0.172414 0.586207 0.228266 
0.482759 0.172414 0.586207 0.234909 
0.517241 0.172414 0.586207 0.231547 
0.551724 0.172414 0.586207 0.230775 
0.586207 0.172414 0.586207 0.196253 
0.62069 0.172414 0.586207 0.228451 
0.655172 0.172414 0.586207 0.232348 
0.689655 0.172414 0.586207 0.224062 
0.724138 0.172414 0.586207 0.223899 
0.758621 0.172414 0.586207 0.226561 
0.793103 0.172414 0.586207 0.227137 
0.827586 0.172414 0.586207 0.232472 
0.862069 0.172414 0.586207 0.226859 
0.896552 0.172414 0.586207 0.195899 
0.931034 0.172414 0.586207 0.226275 
0.965517 0.172414 0.586207 0.23176 
1 0.172414 0.586207 0.227266 
0 0.206897 0.586207 0.229957 
0.0344828 0.206897 0.586207 0.228377 
0.0689655 0.206897 0.586207 0.237689 
0.103448 0.206897 0.586207 0.228882 
0.137931 0.206897 0.586207 0.231353 
0.172414 0.206897 0.586207 0.228484 
0.206897 0.206897 0.586207 0.20187 
0.241379 0.206897 0.586207 0.225171 
0.275862 0.206897 0.586207 0.227001 
0.310345 0.206897 0.586207 0.23328 
0.344828 0.206897 0.586207 0.223826 
0.37931 0.206897 0.586207 0.230142 
0.413793 0.206897 0.586207 0.229437 
0.448276 0.206897 0.586207 0.231837 
0.482759 0.206897 0.586207 0.231696 
0.517241 0.206897 0.586207 0.23198 
0.551724 0.206897 0.586207 0.228066 
0.586207 0.206897 0.586207 0.217591 
0.62069 0.206897 0.586207 0.230583 
0.655172 0.206897 0.586207 0.229519 
0.689655 0.206897 0.586207 0.224575 
0.724138 0.206897 0.586207 0.230955 
0.758621 0.206897 0.586207 0.232422 
0.793103 0.206897 0.586207 0.231192 
0.827586 0.206897 0.586207 0.227668 
0.862069 0.206897 0.586207 0.230362 
0.896552 0.206897 0.586207 0.223257 
0.931034 0.206897 0.586207 0.230816 
0.965517 0.206897 0.586207 0.230895 
1 0.206897 0.586207 0.230219 
0 0.241379 0.586207 0.22097 
0.0344828 0.241379 0.586207 0.22755 
0.0689655 0.241379 0.586207 0.226236 
0.103448 0.241379 0.586207 0.228365 
0.137931 0.241379 0.586207 0.229024 
0.172414 0.241379 0.586207 0.2067 
0.206897 0.241379 0.586207 0.198292 
0.241379 0.241379 0.586207 0.225417 
0.275862 0.241379 0.586207 0.213505 
0.310345 0.241379 0.586207 0.220055 
0.344828 0.241379 0.586207 0.225071 
0.37931 0.241379 0.586207 0.225023 
0.413793 0.241379 0.586207 0.228617 
0.448276 0.241379 0.586207 0.219324 
0.482759 0.241379 0.586207 0.230168 
0.517241 0.241379 0.586207 0.239642 
0.551724 0.241379 0.586207 0.234088 
0.586207 0.241379 0.586207 0.199539 
0.62069 0.241379 0.586207 0.231609 
0.655172 0.241379 0.586207 0.221969 
0.689655 0.241379 0.586207 0.233635 
0.724138 0.241379 0.586207 0.226533 
0.758621 0.241379 0.586207 0.230624 
0.793103 0.241379 0.586207 0.228264 
0.827586 0.241379 0.586207 0.226702 
0.862069 0.241379 0.586207 0.227625 
0.896552 0.241379 0.586207 0.226405 
0.931034 0.241379 0.586207 0.22752 
0.965517 0.241379 0.586207 0.231973 
1 0.241379 0.586207 0.232836 
0 0.275862 0.586207 0.217997 
0.0344828 0.275862 0.586207 0.220617 
0.0689655 0.275862 0.586207 0.213637 
0.103448 0.275862 0.586207 0.226198 
0.137931 0.275862 0.586207 0.225441 
0.172414 0.275862 0.586207 0.220535 
0.206897 0.275862 0.586207 0.229959 
0.241379 0.275862 0.586207 0.231749 
0.275862 0.275862 0.586207 0.229025 
0.310345 0.275862 0.586207 0.209579 
0.344828 0.275862 0.586207 0.22935 
0.37931 0.275862 0.586207 0.230936 
0.413793 0.275862 0.586207 0.232069 
0.448276 0.275862 0.586207 0.222635 
0.482759 0.275862 0.586207 0.231733 
0.517241 0.275862 0.586207 0.227293 
0.551724 0.275862 0.586207 0.226805 
0.586207 0.275862 0.586207 0.238379 
0.62069 0.275862 0.586207 0.224155 
0.655172 0.275862 0.586207 0.233532 
0.689655 0.275862 0.586207 0.232766 
0.724138 0.275862 0.586207 0.226932 
0.758621 0.275862 0.586207 0.228456 
0.793103 0.275862 0.586207 0.228799 
0.827586 0.275862 0.586207 0.225515 
0.862069 0.275862 0.586207 0.230167 
0.896552 0.275862 0.586207 0.220138 
0.931034 0.275862 0.586207 0.229712 
0.965517 0.275862 0.586207 0.225037 
1 0.275862 0.586207 0.229515 
0 0.310345 0.586207 0.220597 
0.0344828 0.310345 0.586207 0.226843 
0.0689655 0.310345 0.586207 0.222611 
0.103448 0.310345 0.586207 0.230908 
0.137931 0.310345 0.586207 0.224908 
0.172414 0.310345 0.586207 0.226888 
0.206897 0.310345 0.586207 0.219254 
0.241379 0.310345 0.586207 0.227293 
0.275862 0.310345 0.586207 0.214089 
0.310345 0.310345 0.586207 0.22446 
0.344828 0.310345 0.586207 0.228787 
0.37931 0.310345 0.586207 0.22053 
0.413793 0.310345 0.586207 0.227842 
0.448276 0.310345 0.586207 0.229726 
0.482759 0.310345 0.586207 0.223689 
0.517241 0.310345 0.586207 0.225842 
0.551724 0.310345 0.586207 0.228513 
0.586207 0.310345 0.586207 0.233446 
0.62069 0.310345 0.586207 0.222803 
0.655172 0.310345 0.586207 0.20228 
0.689655 0.310345 0.586207 0.19756 
0.724138 0.310345 0.586207 0.234115 
0.758621 0.310345 0.586207 0.220106 
0.793103 0.310345 0.586207 0.212289 
0.827586 0.310345 0.586207 0.232463 
0.862069 0.310345 0.586207 0.226194 
0.896552 0.310345 0.586207 0.229426 
0.931034 0.310345 0.586207 0.228528 
0.965517 0.310345 0.586207 0.223108 
1 0.310345 0.586207 0.223849 
0 0.344828 0.586207 0.23583 
0.0344828 0.344828 0.586207 0.227058 
0.0689655 0.344828 0.586207 0.225599 
0.103448 0.344828 0.586207 0.219326 
0.137931 0.344828 0.586207 0.228997 
0.172414 0.344828 0.586207 0.229778 
0.206897 0.344828 0.586207 0.230645 
0.241379 0.344828 0.586207 0.228384 
0.275862 0.344828 0.586207 0.227848 
0.310345 0.344828 0.586207 0.229197 
0.344828 0.344828 0.586207 0.228806 
0.37931 0.344828 0.586207 0.227838 
0.413793 0.344828 0.586207 0.220446 
0.448276 0.344828 0.586207 0.21026 
0.482759 0.344828 0.586207 0.237635 
0.517241 0.344828 0.586207 0.228476 
0.551724 0.344828 0.586207 0.225975 
0.586207 0.344828 0.586207 0.222453 
0.62069 0.344828 0.586207 0.226764 
0.655172 0.344828 0.586207 0.204096 
0.689655 0.344828 0.586207 0.232081 
0.724138 0.344828 0.586207 0.224469 
0.758621 0.344828 0.586207 0.229182 
0.793103 0.344828 0.586207 0.224913 
0.827586 0.344828 0.586207 0.224408 
0.862069 0.344828 0.586207 0.1953 
0.896552 0.344828 0.586207 0.226543 
0.931034 0.344828 0.586207 0.227756 
0.965517 0.344828 0.586207 0.226245 
1 0.344828 0.586207 0.22558 
0 0.37931 0.586207 0.224682 
0.0344828 0.37931 0.586207 0.22916 
0.0689655 0.37931 0.586207 0.23069 
0.103448 0.37931 0.586207 0.226476 
0.137931 0.37931 0.586207 0.225985 
0.172414 0.37931 0.586207 0.224953 
0.206897 0.37931 0.586207 0.234205 
0.241379 0.37931 0.586207 0.232182 
0.275862 0.37931 0.586207 0.226728 
0.310345 0.37931 0.586207 0.22964 
0.344828 0.37931 0.586207 0.227208 
0.37931 0.37931 0.586207 0.227997 
0.413793 0.37931 0.586207 0.226572 
0.448276 0.37931 0.586207 0.229188 
0.482759 0.37931 0.586207 0.224578 
0.517241 0.37931 0.586207 0.229156 
0.551724 0.37931 0.586207 0.230051 
0.586207 0.37931 0.586207 0.225485 
0.62069 0.37931 0.586207 0.202553 
0.655172 0.37931 0.586207 0.223976 
0.689655 0.37931 0.586207 0.233949 
0.724138 0.37931 0.586207 0.229867 
0.758621 0.37931 0.586207 0.224939 
0.793103 0.37931 0.586207 0.227317 
0.827586 0.37931 0.586207 0.19267 
0.862069 0.37931 0.586207 0.228551 
0.896552 0.37931 0.586207 0.222029 
0.931034 0.37931 0.586207 0.224304 
0.965517 0.37931 0.586207 0.230117 
1 0.37931 0.586207 0.212948 
0 0.413793 0.586207 0.232141 
0.0344828 0.413793 0.586207 0.224911 
0.0689655 0.413793 0.586207 0.227104 
0.103448 0.413793 0.586207 0.222069 
0.137931 0.413793 0.586207 0.217388 
0.172414 0.413793 0.586207 0.22865 
0.206897 0.413793 0.586207 0.230005 
0.241379 0.413793 0.586207 0.22778 
0.275862 0.413793 0.586207 0.209945 
0.310345 0.413793 0.586207 0.226814 
0.344828 0.413793 0.586207 0.22185 
0.37931 0.413793 0.586207 0.219874 
0.413793 0.413793 0.586207 0.223926 
0.448276 0.413793 0.586207 0.225663 
0.482759 0.413793 0.586207 0.234104 
0.517241 0.413793 0.586207 0.224207 
0.551724 0.413793 0.586207 0.223628 
0.586207 0.413793 0.586207 0.221156 
0.62069 0.413793 0.586207 0.211958 
0.655172 0.413793 0.586207 0.228878 
0.689655 0.413793 0.586207 0.21587 
0.724138 0.413793 0.586207 0.208266 
0.758621 0.413793 0.586207 0.230226 
0.793103 0.413793 0.586207 0.220715 
0.827586 0.413793 0.586207 0.22811 
0.862069 0.413793 0.586207 0.236126 
0.896552 0.413793 0.586207 0.225108 
0.931034 0.413793 0.586207 0.220973 
0.965517 0.413793 0.586207 0.215191 
1 0.413793 0.586207 0.226566 
0 0.448276 0.586207 0.224389 
0.0344828 0.448276 0.586207 0.227838 
0.0689655 0.448276 0.586207 0.222831 
0.103448 0.448276 0.586207 0.226578 
0.137931 0.448276 0.586207 0.22195 
0.172414 0.448276 0.586207 0.228504 
0.206897 0.448276 0.586207 0.221587 
0.241379 0.448276 0.586207 0.222911 
0.275862 0.448276 0.586207 0.224302 
0.310345 0.448276 0.586207 0.224719 
0.344828 0.448276 0.586207 0.229608 
0.37931 0.448276 0.586207 0.229568 
0.413793 0.448276 0.586207 0.222888 
0.448276 0.448276 0.586207 0.212413 
0.482759 0.448276 0.586207 0.215357 
0.517241 0.448276 0.586207 0.21409 
0.551724 0.448276 0.586207 0.214212 
0.586207 0.448276 0.586207 0.226628 
0.62069 0.448276 0.586207 0.223505 
0.655172 0.448276 0.586207 0.218162 
0.689655 0.448276 0.586207 0.227667 
0.724138 0.448276 0.586207 0.216594 
0.758621 0.448276 0.586207 0.210891 
0.793103 0.448276 0.586207 0.22517 
0.827586 0.448276 0.586207 0.223371 
0.862069 0.448276 0.586207 0.223405 
0.896552 0.448276 0.586207 0.228562 
0.931034 0.448276 0.586207 0.226242 
0.965517 0.448276 0.586207 0.225354 
1 0.448276 0.586207 0.222487 
0 0.482759 0.586207 0.209038 
0.0344828 0.482759 0.586207 0.217458 
0.0689655 0.482759 0.586207 0.203913 
0.103448 0.482759 0.586207 0.220377 
0.137931 0.482759 0.586207 0.222745 
0.172414 0.482759 0.586207 0.222289 
0.206897 0.482759 0.586207 0.227464 
0.241379 0.482759 0.586207 0.226426 
0.275862 0.482759 0.586207 0.226838 
0.310345 0.482759 0.586207 0.226564 
0.344828 0.482759 0.586207 0.205713 
0.37931 0.482759 0.586207 0.225804 
0.413793 0.482759 0.586207 0.222542 
0.448276 0.482759 0.586207 0.226449 
0.482759 0.482759 0.586207 0.181948 
0.517241 0.482759 0.586207 0.222858 
0.551724 0.482759 0.586207 0.233999 
0.586207 0.482759 0.586207 0.226277 
0.62069 0.482759 0.586207 0.224925 
0.655172 0.482759 0.586207 0.227492 
0.689655 0.482759 0.586207 0.215561 
0.724138 0.482759 0.586207 0.219097 
0.758621 0.482759 0.586207 0.230584 
0.793103 0.482759 0.586207 0.225026 
0.827586 0.482759 0.586207 0.222884 
0.862069 0.482759 0.586207 0.229474 
0.896552 0.482759 0.586207 0.223714 
0.931034 0.482759 0.586207 0.2188 
0.965517 0.482759 0.586207 0.229035 
1 0.482759 0.586207 0.233867 
0 0.517241 0.586207 0.226103 
0.0344828 0.517241 0.586207 0.227586 
0.0689655 0.517241 0.586207 0.226445 
0.103448 0.517241 0.586207 0.228301 
0.137931 0.517241 0.586207 0.225477 
0.172414 0.517241 0.586207 0.228109 
0.206897 0.517241 0.586207 0.221218 
0.241379 0.517241 0.586207 0.204226 
0.275862 0.517241 0.586207 0.227214 
0.310345 0.517241 0.586207 0.227735 
0.344828 0.517241 0.586207 0.228124 
0.37931 0.517241 0.586207 0.223751 
0.413793 0.517241 0.586207 0.209612 
0.448276 0.517241 0.586207 0.220978 
0.482759 0.517241 0.586207 0.231205 
0.517241 0.517241 0.586207 0.213664 
0.551724 0.517241 0.586207 0.226395 
0.586207 0.517241 0.586207 0.229212 
0.62069 0.517241 0.586207 0.221585 
0.655172 0.517241 0.586207 0.226043 
0.689655 0.517241 0.586207 0.223631 
0.724138 0.517241 0.586207 0.222682 
0.758621 0.517241 0.586207 0.228922 
0.793103 0.517241 0.586207 0.224922 
0.827586 0.517241 0.586207 0.224493 
0.862069 0.517241 0.586207 0.228409 
0.896552 0.517241 0.586207 0.228018 
0.931034 0.517241 0.586207 0.221554 
0.965517 0.517241 0.586207 0.216678 
1 0.517241 0.586207 0.224527 
0 0.551724 0.586207 0.196325 
0.0344828 0.551724 0.586207 0.223959 
0.0689655 0.551724 0.586207 0.224341 
0.103448 0.551724 0.586207 0.223642 
0.137931 0.551724 0.586207 0.228083 
0.172414 0.551724 0.586207 0.227473 
0.206897 0.551724 0.586207 0.225421 
0.241379 0.551724 0.586207 0.2249 
0.275862 0.551724 0.586207 0.227814 
0.310345 0.551724 0.586207 0.224751 
0.344828 0.551724 0.586207 0.215208 
0.37931 0.551724 0.586207 0.213571 
0.413793 0.551724 0.586207 0.222822 
0.448276 0.551724 0.586207 0.220262 
0.482759 0.551724 0.586207 0.225861 
0.517241 0.551724 0.586207 0.223809 
0.551724 0.551724 0.586207 0.203665 
0.586207 0.551724 0.586207 0.231314 
0.62069 0.551724 0.586207 0.230145 
0.655172 0.551724 0.586207 0.226671 
0.689655 0.551724 0.586207 0.226729 
0.724138 0.551724 0.586207 0.22283 
0.758621 0.551724 0.586207 0.228069 
0.793103 0.551724 0.586207 0.221597 
0.827586 0.551724 0.586207 0.217781 
0.862069 0.551724 0.586207 0.218713 
0.896552 0.551724 0.586207 0.230115 
0.931034 0.551724 0.586207 0.228502 
0.965517 0.551724 0.586207 0.22522 
1 0.551724 0.586207 0.220226 
0 0.586207 0.586207 0.226511 
0.0344828 0.586207 0.586207 0.21595 
0.0689655 0.586207 0.586207 0.221187 
0.103448 0.586207 0.586207 0.220894 
0.137931 0.586207 0.586207 0.221515 
0.172414 0.586207 0.586207 0.224484 
0.206897 0.586207 0.586207 0.22144 
0.241379 0.586207 0.586207 0.226838 
0.275862 0.586207 0.586207 0.222204 
0.310345 0.586207 0.586207 0.22797 
0.344828 0.586207 0.586207 0.222775 
0.37931 0.586207 0.586207 0.230409 
0.413793 0.586207 0.586207 0.224055 
0.448276 0.586207 0.586207 0.21624 
0.482759 0.586207 0.586207 0.228337 
0.517241 0.586207 0.586207 0.224992 
0.551724 0.586207 0.586207 0.227267 
0.586207 0.586207 0.586207 0.22651 
0.62069 0.586207 0.586207 0.210292 
0.655172 0.586207 0.586207 0.226274 
0.689655 0.586207 0.586207 0.227222 
0.724138 0.586207 0.586207 0.223621 
0.758621 0.586207 0.586207 0.226931 
0.793103 0.586207 0.586207 0.222831 
0.827586 0.586207 0.586207 0.214792 
0.862069 0.586207 0.586207 0.221011 
0.896552 0.586207 0.586207 0.223116 
0.931034 0.586207 0.586207 0.23188 
0.965517 0.586207 0.586207 0.224098 
1 0.586207 0.586207 0.21538 
0 0.62069 0.586207 0.223332 
0.0344828 0.62069 0.586207 0.201862 
0.0689655 0.62069 0.586207 0.226395 
0.103448 0.62069 0.586207 0.200095 
0.137931 0.62069 0.586207 0.216475 
0.172414 0.62069 0.586207 0.223447 
0.206897 0.62069 0.586207 0.219612 
0.241379 0.62069 0.586207 0.225918 
0.275862 0.62069 0.586207 0.222465 
0.310345 0.62069 0.586207 0.210525 
0.344828 0.62069 0.586207 0.23173 
0.37931 0.62069 0.586207 0.229026 
0.413793 0.62069 0.586207 0.226849 
0.448276 0.62069 0.586207 0.221503 
0.482759 0.62069 0.586207 0.22563 
0.517241 0.62069 0.586207 0.217996 
0.551724 0.62069 0.586207 0.223137 
0.586207 0.62069 0.586207 0.224669 
0.62069 0.62069 0.586207 0.225053 
0.655172 0.62069 0.586207 0.226693 
0.689655 0.62069 0.586207 0.224534 
0.724138 0.62069 0.586207 0.220612 
0.758621 0.62069 0.586207 0.220205 
0.793103 0.62069 0.586207 0.222307 
0.827586 0.62069 0.586207 0.225657 
0.862069 0.62069 0.586207 0.226569 
0.896552 0.62069 0.586207 0.227442 
0.931034 0.62069 0.586207 0.202814 
0.965517 0.62069 0.586207 0.226712 
1 0.62069 0.586207 0.221808 
0 0.655172 0.586207 0.222833 
0.0344828 0.655172 0.586207 0.218159 
0.0689655 0.655172 0.586207 0.220968 
0.103448 0.655172 0.586207 0.210691 
0.137931 0.655172 0.586207 0.226651 
0.172414 0.655172 0.586207 0.227115 
0.206897 0.655172 0.586207 0.218916 
0.241379 0.655172 0.586207 0.222836 
0.275862 0.655172 0.586207 0.222977 
0.310345 0.655172 0.586207 0.221226 
0.344828 0.655172 0.586207 0.226006 
0.37931 0.655172 0.586207 0.221499 
0.413793 0.655172 0.586207 0.222467 
0.448276 0.655172 0.586207 0.225371 
0.482759 0.655172 0.586207 0.222466 
0.517241 0.655172 0.586207 0.214984 
0.551724 0.655172 0.586207 0.224277 
0.586207 0.655172 0.586207 0.223408 
0.62069 0.655172 0.586207 0.215256 
0.655172 0.655172 0.586207 0.226764 
0.689655 0.655172 0.586207 0.220804 
0.724138 0.655172 0.586207 0.226508 
0.758621 0.655172 0.586207 0.215621 
0.793103 0.655172 0.586207 0.22698 
0.827586 0.655172 0.586207 0.219974 
0.862069 0.655172 0.586207 0.221282 
0.896552 0.655172 0.586207 0.219376 
0.931034 0.655172 0.586207 0.230941 
0.965517 0.655172 0.586207 0.224057 
1 0.655172 0.586207 0.227518 
0 0.689655 0.586207 0.21824 
0.0344828 0.689655 0.586207 0.230952 
0.0689655 0.689655 0.586207 0.224874 
0.103448 0.689655 0.586207 0.225262 
0.137931 0.689655 0.586207 0.224095 
0.172414 0.689655 0.586207 0.216586 
0.206897 0.689655 0.586207 0.209641 
0.241379 0.689655 0.586207 0.221588 
0.275862 0.689655 0.586207 0.218058 
0.310345 0.689655 0.586207 0.225495 
0.344828 0.689655 0.586207 0.232162 
0.37931 0.689655 0.586207 0.223765 
0.413793 0.689655 0.586207 0.227181 
0.448276 0.689655 0.586207 0.224957 
0.482759 0.689655 0.586207 0.227066 
0.517241 0.689655 0.586207 0.224201 
0.551724 0.689655 0.586207 0.223942 
0.586207 0.689655 0.586207 0.195107 
0.62069 0.689655 0.586207 0.225667 
0.655172 0.689655 0.586207 0.225172 
0.689655 0.689655 0.586207 0.216039 
0.724138 0.689655 0.586207 0.22026 
0.758621 0.689655 0.586207 0.208739 
0.793103 0.689655 0.586207 0.226363 
0.827586 0.689655 0.586207 0.225954 
0.862069 0.689655 0.586207 0.224262 
0.896552 0.689655 0.586207 0.224655 
0.931034 0.689655 0.586207 0.225234 
0.965517 0.689655 0.586207 0.226135 
1 0.689655 0.586207 0.227014 
0 0.724138 0.586207 0.225854 
0.0344828 0.724138 0.586207 0.220188 
0.0689655 0.724138 0.586207 0.223128 
0.103448 0.724138 0.586207 0.224599 
0.137931 0.724138 0.586207 0.22394 
0.172414 0.724138 0.586207 0.223068 
0.206897 0.724138 0.586207 0.219294 
0.241379 0.724138 0.586207 0.220968 
0.275862 0.724138 0.586207 0.226837 
0.310345 0.724138 0.586207 0.225835 
0.344828 0.724138 0.586207 0.226454 
0.37931 0.724138 0.586207 0.218292 
0.413793 0.724138 0.586207 0.224531 
0.448276 0.724138 0.586207 0.225213 
0.482759 0.724138 0.586207 0.218826 
0.517241 0.724138 0.586207 0.207002 
0.551724 0.724138 0.586207 0.221298 
0.586207 0.724138 0.586207 0.224462 
0.62069 0.724138 0.586207 0.215688 
0.655172 0.724138 0.586207 0.224461 
0.689655 0.724138 0.586207 0.230582 
0.724138 0.724138 0.586207 0.217213 
0.758621 0.724138 0.586207 0.212566 
0.793103 0.724138 0.586207 0.221009 
0.827586 0.724138 0.586207 0.231484 
0.862069 0.724138 0.586207 0.223661 
0.896552 0.724138 0.586207 0.224227 
0.931034 0.724138 0.586207 0.219422 
0.965517 0.724138 0.586207 0.208126 
1 0.724138 0.586207 0.21978 
0 0.758621 0.586207 0.216941 
0.0344828 0.758621 0.586207 0.223692 
0.0689655 0.758621 0.586207 0.222098 
0.103448 0.758621 0.586207 0.221999 
0.137931 0.758621 0.586207 0.2242 
0.172414 0.758621 0.586207 0.227181 
0.206897 0.758621 0.586207 0.221488 
0.241379 0.758621 0.586207 0.226391 
0.275862 0.758621 0.586207 0.223493 
0.310345 0.758621 0.586207 0.200366 
0.344828 0.758621 0.586207 0.220208 
0.37931 0.758621 0.586207 0.228709 
0.413793 0.758621 0.586207 0.227498 
0.448276 0.758621 0.586207 0.219924 
0.482759 0.758621 0.586207 0.224584 
0.517241 0.758621 0.586207 0.225393 
0.551724 0.758621 0.586207 0.220885 
0.586207 0.758621 0.586207 0.219896 
0.62069 0.758621 0.586207 0.225778 
0.655172 0.758621 0.586207 0.232695 
0.689655 0.758621 0.586207 0.22549 
0.724138 0.758621 0.586207 0.224136 
0.758621 0.758621 0.586207 0.217405 
0.793103 0.758621 0.586207 0.219467 
0.827586 0.758621 0.586207 0.22454 
0.862069 0.758621 0.586207 0.218175 
0.896552 0.758621 0.586207 0.217881 
0.931034 0.758621 0.586207 0.230708 
0.965517 0.758621 0.586207 0.224535 
1 0.758621 0.586207 0.223837 
0 0.793103 0.586207 0.222104 
0.0344828 0.793103 0.586207 0.225718 
0.0689655 0.793103 0.586207 0.22091 
0.103448 0.793103 0.586207 0.218753 
0.137931 0.793103 0.586207 0.214965 
0.172414 0.793103 0.586207 0.223473 
0.206897 0.793103 0.586207 0.224137 
0.241379 0.793103 0.586207 0.219619 
0.275862 0.793103 0.586207 0.221517 
0.310345 0.793103 0.586207 0.224704 
0.344828 0.793103 0.586207 0.221871 
0.37931 0.793103 0.586207 0.223893 
0.413793 0.793103 0.586207 0.218651 
0.448276 0.793103 0.586207 0.223585 
0.482759 0.793103 0.586207 0.220352 
0.517241 0.793103 0.586207 0.219077 
0.551724 0.793103 0.586207 0.229991 
0.586207 0.793103 0.586207 0.222655 
0.62069 0.793103 0.586207 0.214607 
0.655172 0.793103 0.586207 0.217533 
0.689655 0.793103 0.586207 0.219383 
0.724138 0.793103 0.586207 0.218255 
0.758621 0.793103 0.586207 0.221334 
0.793103 0.793103 0.586207 0.224292 
0.827586 0.793103 0.586207 0.218443 
0.862069 0.793103 0.586207 0.220746 
0.896552 0.793103 0.586207 0.230933 
0.931034 0.793103 0.586207 0.218665 
0.965517 0.793103 0.586207 0.216781 
1 0.793103 0.586207 0.206994 
0 0.827586 0.586207 0.219155 
0.0344828 0.827586 0.586207 0.222526 
0.0689655 0.827586 0.586207 0.22031 
0.103448 0.827586 0.586207 0.216665 
0.137931 0.827586 0.586207 0.222827 
0.172414 0.827586 0.586207 0.225143 
0.206897 0.827586 0.586207 0.228046 
0.241379 0.827586 0.586207 0.218463 
0.275862 0.827586 0.586207 0.2248 
0.310345 0.827586 0.586207 0.220147 
0.344828 0.827586 0.586207 0.224619 
0.37931 0.827586 0.586207 0.22318 
0.413793 0.827586 0.586207 0.221431 
0.448276 0.827586 0.586207 0.222388 
0.482759 0.827586 0.586207 0.207701 
0.517241 0.827586 0.586207 0.219383 
0.551724 0.827586 0.586207 0.222469 
0.586207 0.827586 0.586207 0.219868 
0.62069 0.827586 0.586207 0.222928 
0.655172 0.827586 0.586207 0.220046 
0.689655 0.827586 0.586207 0.217703 
0.724138 0.827586 0.586207 0.213403 
0.758621 0.827586 0.586207 0.221172 
0.793103 0.827586 0.586207 0.172269 
0.827586 0.827586 0.586207 0.218326 
0.862069 0.827586 0.586207 0.225393 
0.896552 0.827586 0.586207 0.219263 
0.931034 0.827586 0.586207 0.226911 
0.965517 0.827586 0.586207 0.222671 
1 0.827586 0.586207 0.21347 
0 0.862069 0.586207 0.229495 
0.0344828 0.862069 0.586207 0.220383 
0.0689655 0.862069 0.586207 0.215485 
0.103448 0.862069 0.586207 0.223459 
0.137931 0.862069 0.586207 0.222056 
0.172414 0.862069 0.586207 0.212944 
0.206897 0.862069 0.586207 0.220213 
0.241379 0.862069 0.586207 0.222195 
0.275862 0.862069 0.586207 0.223207 
0.310345 0.862069 0.586207 0.224153 
0.344828 0.862069 0.586207 0.220847 
0.37931 0.862069 0.586207 0.221522 
0.413793 0.862069 0.586207 0.220728 
0.448276 0.862069 0.586207 0.226366 
0.482759 0.862069 0.586207 0.225024 
0.517241 0.862069 0.586207 0.223889 
0.551724 0.862069 0.586207 0.222059 
0.586207 0.862069 0.586207 0.221109 
0.62069 0.862069 0.586207 0.215588 
0.655172 0.862069 0.586207 0.198566 
0.689655 0.862069 0.586207 0.221379 
0.724138 0.862069 0.586207 0.216491 
0.758621 0.862069 0.586207 0.223588 
0.793103 0.862069 0.586207 0.216596 
0.827586 0.862069 0.586207 0.217719 
0.862069 0.862069 0.586207 0.224502 
0.896552 0.862069 0.586207 0.220301 
0.931034 0.862069 0.586207 0.20517 
0.965517 0.862069 0.586207 0.223838 
1 0.862069 0.586207 0.220988 
0 0.896552 0.586207 0.225556 
0.0344828 0.896552 0.586207 0.214293 
0.0689655 0.896552 0.586207 0.228578 
0.103448 0.896552 0.586207 0.22529 
0.137931 0.896552 0.586207 0.21806 
0.172414 0.896552 0.586207 0.223465 
0.206897 0.896552 0.586207 0.223615 
0.241379 0.896552 0.586207 0.213887 
0.275862 0.896552 0.586207 0.224865 
0.310345 0.896552 0.586207 0.204656 
0.344828 0.896552 0.586207 0.219123 
0.37931 0.896552 0.586207 0.223691 
0.413793 0.896552 0.586207 0.218326 
0.448276 0.896552 0.586207 0.226994 
0.482759 0.896552 0.586207 0.22483 
0.517241 0.896552 0.586207 0.222732 
0.551724 0.896552 0.586207 0.224018 
0.586207 0.896552 0.586207 0.223537 
0.62069 0.896552 0.586207 0.215138 
0.655172 0.896552 0.586207 0.221975 
0.689655 0.896552 0.586207 0.211377 
0.724138 0.896552 0.586207 0.221237 
0.758621 0.896552 0.586207 0.225614 
0.793103 0.896552 0.586207 0.223985 
0.827586 0.896552 0.586207 0.218664 
0.862069 0.896552 0.586207 0.222656 
0.896552 0.896552 0.586207 0.212827 
0.931034 0.896552 0.586207 0.220828 
0.965517 0.896552 0.586207 0.219284 
1 0.896552 0.586207 0.219251 
0 0.931034 0.586207 0.220311 
0.0344828 0.931034 0.586207 0.228361 
0.0689655 0.931034 0.586207 0.219814 
0.103448 0.931034 0.586207 0.225634 
0.137931 0.931034 0.586207 0.221707 
0.172414 0.931034 0.586207 0.222568 
0.206897 0.931034 0.586207 0.228816 
0.241379 0.931034 0.586207 0.221757 
0.275862 0.931034 0.586207 0.224151 
0.310345 0.931034 0.586207 0.225981 
0.344828 0.931034 0.586207 0.216638 
0.37931 0.931034 0.586207 0.226758 
0.413793 0.931034 0.586207 0.218374 
0.448276 0.931034 0.586207 0.205697 
0.482759 0.931034 0.586207 0.224616 
0.517241 0.931034 0.586207 0.219565 
0.551724 0.931034 0.586207 0.186609 
0.586207 0.931034 0.586207 0.222408 
0.62069 0.931034 0.586207 0.222417 
0.655172 0.931034 0.586207 0.218969 
0.689655 0.931034 0.586207 0.23 
0.724138 0.931034 0.586207 0.220882 
0.758621 0.931034 0.586207 0.216456 
0.793103 0.931034 0.586207 0.21989 
0.827586 0.931034 0.586207 0.214538 
0.862069 0.931034 0.586207 0.22494 
0.896552 0.931034 0.586207 0.22038 
0.931034 0.931034 0.586207 0.220988 
0.965517 0.931034 0.586207 0.216297 
1 0.931034 0.586207 0.214335 
0 0.965517 0.586207 0.22486 
0.0344828 0.965517 0.586207 0.224543 
0.0689655 0.965517 0.586207 0.222577 
0.103448 0.965517 0.586207 0.219359 
0.137931 0.965517 0.586207 0.222037 
0.172414 0.965517 0.586207 0.219452 
0.206897 0.965517 0.586207 0.222261 
0.241379 0.965517 0.586207 0.205129 
0.275862 0.965517 0.586207 0.222499 
0.310345 0.965517 0.586207 0.217831 
0.344828 0.965517 0.586207 0.224641 
0.37931 0.965517 0.586207 0.21739 
0.413793 0.965517 0.586207 0.2238 
0.448276 0.965517 0.586207 0.218441 
0.482759 0.965517 0.586207 0.219996 
0.517241 0.965517 0.586207 0.221266 
0.551724 0.965517 0.586207 0.218121 
0.586207 0.965517 0.586207 0.216895 
0.62069 0.965517 0.586207 0.218261 
0.655172 0.965517 0.586207 0.220796 
0.689655 0.965517 0.586207 0.215724 
0.724138 0.965517 0.586207 0.219419 
0.758621 0.965517 0.586207 0.211391 
0.793103 0.965517 0.586207 0.215824 
0.827586 0.965517 0.586207 0.223855 
0.862069 0.965517 0.586207 0.223489 
0.896552 0.965517 0.586207 0.218359 
0.931034 0.965517 0.586207 0.213579 
0.965517 0.965517 0.586207 0.2219 
1 0.965517 0.586207 0.222059 
0 1 0.586207 0.221714 
0.0344828 1 0.586207 0.214982 
0.0689655 1 0.586207 0.2183 
0.103448 1 0.586207 0.209285 
0.137931 1 0.586207 0.218328 
0.172414 1 0.586207 0.219585 
0.206897 1 0.586207 0.206713 
0.241379 1 0.586207 0.222286 
0.275862 1 0.586207 0.233824 
0.310345 1 0.586207 0.224124 
0.344828 1 0.586207 0.22178 
0.37931 1 0.586207 0.218219 
0.413793 1 0.586207 0.221384 
0.448276 1 0.586207 0.220768 
0.482759 1 0.586207 0.215994 
0.517241 1 0.586207 0.21636 
0.551724 1 0.586207 0.223777 
0.586207 1 0.586207 0.218621 
0.62069 1 0.586207 0.2225 
0.655172 1 0.586207 0.211761 
0.689655 1 0.586207 0.224036 
0.724138 1 0.586207 0.216662 
0.758621 1 0.586207 0.223495 
0.793103 1 0.586207 0.223655 
0.827586 1 0.586207 0.213713 
0.862069 1 0.586207 0.216182 
0.896552 1 0.586207 0.219092 
0.931034 1 0.586207 0.214541 
0.965517 1 0.586207 0.220546 
1 1 0.586207 0.220353 
0 0 0.62069 0.211099 
0.0344828 0 0.62069 0.211099 
0.0689655 0 0.62069 0.211099 
0.103448 0 0.62069 0.211099 
0.137931 0 0.62069 0.211099 
0.172414 0 0.62069 0.211099 
0.206897 0 0.62069 0.211099 
0.241379 0 0.62069 0.211099 
0.275862 0 0.62069 0.211099 
0.310345 0 0.62069 0.211099 
0.344828 0 0.62069 0.211099 
0.37931 0 0.62069 0.211099 
0.413793 0 0.62069 0.211099 
0.448276 0 0.62069 0.211099 
0.482759 0 0.62069 0.211099 
0.517241 0 0.62069 0.211099 
0.551724 0 0.62069 0.211099 
0.586207 0 0.62069 0.211099 
0.62069 0 0.62069 0.211099 
0.655172 0 0.62069 0.211099 
0.689655 0 0.62069 0.211099 
0.724138 0 0.62069 0.211099 
0.758621 0 0.62069 0.211099 
0.793103 0 0.62069 0.211099 
0.827586 0 0.62069 0.211099 
0.862069 0 0.62069 0.211099 
0.896552 0 0.62069 0.211099 
0.931034 0 0.62069 0.211099 
0.965517 0 0.62069 0.211099 
1 0 0.62069 0.211099 
0 0.0344828 0.62069 0.203338 
0.0344828 0.0344828 0.62069 0.20861 
0.0689655 0.0344828 0.62069 0.204137 
0.103448 0.0344828 0.62069 0.205795 
0.137931 0.0344828 0.62069 0.207111 
0.172414 0.0344828 0.62069 0.211361 
0.206897 0.0344828 0.62069 0.202737 
0.241379 0.0344828 0.62069 0.195589 
0.275862 0.0344828 0.62069 0.203406 
0.310345 0.0344828 0.62069 0.213058 
0.344828 0.0344828 0.62069 0.209206 
0.37931 0.0344828 0.62069 0.205838 
0.413793 0.0344828 0.62069 0.205988 
0.448276 0.0344828 0.62069 0.203284 
0.482759 0.0344828 0.62069 0.206557 
0.517241 0.0344828 0.62069 0.19998 
0.551724 0.0344828 0.62069 0.212042 
0.586207 0.0344828 0.62069 0.218223 
0.62069 0.0344828 0.62069 0.207531 
0.655172 0.0344828 0.62069 0.209075 
0.689655 0.0344828 0.62069 0.20549 
0.724138 0.0344828 0.62069 0.209021 
0.758621 0.0344828 0.62069 0.202324 
0.793103 0.0344828 0.62069 0.208933 
0.827586 0.0344828 0.62069 0.207784 
0.862069 0.0344828 0.62069 0.209696 
0.896552 0.0344828 0.62069 0.21102 
0.931034 0.0344828 0.62069 0.204115 
0.965517 0.0344828 0.62069 0.203252 
1 0.0344828 0.62069 0.213635 
0 0.0689655 0.62069 0.211217 
0.0344828 0.0689655 0.62069 0.18054 
0.0689655 0.0689655 0.62069 0.204648 
0.103448 0.0689655 0.62069 0.205111 
0.137931 0.0689655 0.62069 0.170237 
0.172414 0.0689655 0.62069 0.20218 
0.206897 0.0689655 0.62069 0.210632 
0.241379 0.0689655 0.62069 0.211534 
0.275862 0.0689655 0.62069 0.213494 
0.310345 0.0689655 0.62069 0.207072 
0.344828 0.0689655 0.62069 0.201893 
0.37931 0.0689655 0.62069 0.213415 
0.413793 0.0689655 0.62069 0.192024 
0.448276 0.0689655 0.62069 0.20524 
0.482759 0.0689655 0.62069 0.208213 
0.517241 0.0689655 0.62069 0.206519 
0.551724 0.0689655 0.62069 0.204795 
0.586207 0.0689655 0.62069 0.211611 
0.62069 0.0689655 0.62069 0.200652 
0.655172 0.0689655 0.62069 0.209386 
0.689655 0.0689655 0.62069 0.207795 
0.724138 0.0689655 0.62069 0.187317 
0.758621 0.0689655 0.62069 0.20918 
0.793103 0.0689655 0.62069 0.205032 
0.827586 0.0689655 0.62069 0.203006 
0.862069 0.0689655 0.62069 0.204828 
0.896552 0.0689655 0.62069 0.208469 
0.931034 0.0689655 0.62069 0.209817 
0.965517 0.0689655 0.62069 0.211683 
1 0.0689655 0.62069 0.210029 
0 0.103448 0.62069 0.197355 
0.0344828 0.103448 0.62069 0.209218 
0.0689655 0.103448 0.62069 0.206433 
0.103448 0.103448 0.62069 0.20292 
0.137931 0.103448 0.62069 0.206364 
0.172414 0.103448 0.62069 0.20675 
0.206897 0.103448 0.62069 0.206237 
0.241379 0.103448 0.62069 0.210418 
0.275862 0.103448 0.62069 0.213662 
0.310345 0.103448 0.62069 0.204649 
0.344828 0.103448 0.62069 0.203515 
0.37931 0.103448 0.62069 0.20619 
0.413793 0.103448 0.62069 0.205579 
0.448276 0.103448 0.62069 0.207415 
0.482759 0.103448 0.62069 0.203842 
0.517241 0.103448 0.62069 0.194441 
0.551724 0.103448 0.62069 0.207433 
0.586207 0.103448 0.62069 0.208867 
0.62069 0.103448 0.62069 0.203441 
0.655172 0.103448 0.62069 0.201803 
0.689655 0.103448 0.62069 0.203211 
0.724138 0.103448 0.62069 0.202488 
0.758621 0.103448 0.62069 0.203522 
0.793103 0.103448 0.62069 0.208295 
0.827586 0.103448 0.62069 0.209304 
0.862069 0.103448 0.62069 0.205272 
0.896552 0.103448 0.62069 0.202174 
0.931034 0.103448 0.62069 0.207683 
0.965517 0.103448 0.62069 0.208664 
1 0.103448 0.62069 0.205416 
0 0.137931 0.62069 0.208945 
0.0344828 0.137931 0.62069 0.206383 
0.0689655 0.137931 0.62069 0.205203 
0.103448 0.137931 0.62069 0.202151 
0.137931 0.137931 0.62069 0.209495 
0.172414 0.137931 0.62069 0.20746 
0.206897 0.137931 0.62069 0.207879 
0.241379 0.137931 0.62069 0.20614 
0.275862 0.137931 0.62069 0.208178 
0.310345 0.137931 0.62069 0.207931 
0.344828 0.137931 0.62069 0.198167 
0.37931 0.137931 0.62069 0.207237 
0.413793 0.137931 0.62069 0.201254 
0.448276 0.137931 0.62069 0.211506 
0.482759 0.137931 0.62069 0.207616 
0.517241 0.137931 0.62069 0.202118 
0.551724 0.137931 0.62069 0.208062 
0.586207 0.137931 0.62069 0.203253 
0.62069 0.137931 0.62069 0.202657 
0.655172 0.137931 0.62069 0.178412 
0.689655 0.137931 0.62069 0.202351 
0.724138 0.137931 0.62069 0.20545 
0.758621 0.137931 0.62069 0.20101 
0.793103 0.137931 0.62069 0.208532 
0.827586 0.137931 0.62069 0.204416 
0.862069 0.137931 0.62069 0.206615 
0.896552 0.137931 0.62069 0.206827 
0.931034 0.137931 0.62069 0.21002 
0.965517 0.137931 0.62069 0.20391 
1 0.137931 0.62069 0.20733 
0 0.172414 0.62069 0.201164 
0.0344828 0.172414 0.62069 0.204486 
0.0689655 0.172414 0.62069 0.198374 
0.103448 0.172414 0.62069 0.206848 
0.137931 0.172414 0.62069 0.202427 
0.172414 0.172414 0.62069 0.211221 
0.206897 0.172414 0.62069 0.210298 
0.241379 0.172414 0.62069 0.206321 
0.275862 0.172414 0.62069 0.202261 
0.310345 0.172414 0.62069 0.206648 
0.344828 0.172414 0.62069 0.201771 
0.37931 0.172414 0.62069 0.203324 
0.413793 0.172414 0.62069 0.205661 
0.448276 0.172414 0.62069 0.206036 
0.482759 0.172414 0.62069 0.207842 
0.517241 0.172414 0.62069 0.207376 
0.551724 0.172414 0.62069 0.201875 
0.586207 0.172414 0.62069 0.203259 
0.62069 0.172414 0.62069 0.202585 
0.655172 0.172414 0.62069 0.206261 
0.689655 0.172414 0.62069 0.205705 
0.724138 0.172414 0.62069 0.205029 
0.758621 0.172414 0.62069 0.184321 
0.793103 0.172414 0.62069 0.203277 
0.827586 0.172414 0.62069 0.209244 
0.862069 0.172414 0.62069 0.210584 
0.896552 0.172414 0.62069 0.20142 
0.931034 0.172414 0.62069 0.211454 
0.965517 0.172414 0.62069 0.198226 
1 0.172414 0.62069 0.161068 
0 0.206897 0.62069 0.208459 
0.0344828 0.206897 0.62069 0.203894 
0.0689655 0.206897 0.62069 0.205228 
0.103448 0.206897 0.62069 0.207272 
0.137931 0.206897 0.62069 0.206827 
0.172414 0.206897 0.62069 0.201202 
0.206897 0.206897 0.62069 0.208519 
0.241379 0.206897 0.62069 0.196288 
0.275862 0.206897 0.62069 0.201056 
0.310345 0.206897 0.62069 0.20725 
0.344828 0.206897 0.62069 0.207258 
0.37931 0.206897 0.62069 0.208023 
0.413793 0.206897 0.62069 0.207266 
0.448276 0.206897 0.62069 0.202495 
0.482759 0.206897 0.62069 0.206586 
0.517241 0.206897 0.62069 0.207039 
0.551724 0.206897 0.62069 0.206821 
0.586207 0.206897 0.62069 0.16461 
0.62069 0.206897 0.62069 0.211886 
0.655172 0.206897 0.62069 0.206456 
0.689655 0.206897 0.62069 0.206922 
0.724138 0.206897 0.62069 0.203098 
0.758621 0.206897 0.62069 0.207112 
0.793103 0.206897 0.62069 0.201988 
0.827586 0.206897 0.62069 0.187088 
0.862069 0.206897 0.62069 0.20916 
0.896552 0.206897 0.62069 0.20193 
0.931034 0.206897 0.62069 0.20287 
0.965517 0.206897 0.62069 0.19974 
1 0.206897 0.62069 0.208073 
0 0.241379 0.62069 0.206447 
0.0344828 0.241379 0.62069 0.201775 
0.0689655 0.241379 0.62069 0.201879 
0.103448 0.241379 0.62069 0.204483 
0.137931 0.241379 0.62069 0.206816 
0.172414 0.241379 0.62069 0.177437 
0.206897 0.241379 0.62069 0.166611 
0.241379 0.241379 0.62069 0.20091 
0.275862 0.241379 0.62069 0.175111 
0.310345 0.241379 0.62069 0.198339 
0.344828 0.241379 0.62069 0.205933 
0.37931 0.241379 0.62069 0.203993 
0.413793 0.241379 0.62069 0.20514 
0.448276 0.241379 0.62069 0.202213 
0.482759 0.241379 0.62069 0.209752 
0.517241 0.241379 0.62069 0.206052 
0.551724 0.241379 0.62069 0.204727 
0.586207 0.241379 0.62069 0.205411 
0.62069 0.241379 0.62069 0.186152 
0.655172 0.241379 0.62069 0.201271 
0.689655 0.241379 0.62069 0.203117 
0.724138 0.241379 0.62069 0.206712 
0.758621 0.241379 0.62069 0.207349 
0.793103 0.241379 0.62069 0.205124 
0.827586 0.241379 0.62069 0.196676 
0.862069 0.241379 0.62069 0.209316 
0.896552 0.241379 0.62069 0.191517 
0.931034 0.241379 0.62069 0.198838 
0.965517 0.241379 0.62069 0.210991 
1 0.241379 0.62069 0.205546 
0 0.275862 0.62069 0.196283 
0.0344828 0.275862 0.62069 0.197701 
0.0689655 0.275862 0.62069 0.207358 
0.103448 0.275862 0.62069 0.199794 
0.137931 0.275862 0.62069 0.205404 
0.172414 0.275862 0.62069 0.207443 
0.206897 0.275862 0.62069 0.205048 
0.241379 0.275862 0.62069 0.205498 
0.275862 0.275862 0.62069 0.205508 
0.310345 0.275862 0.62069 0.208606 
0.344828 0.275862 0.62069 0.203088 
0.37931 0.275862 0.62069 0.207499 
0.413793 0.275862 0.62069 0.205778 
0.448276 0.275862 0.62069 0.206275 
0.482759 0.275862 0.62069 0.205432 
0.517241 0.275862 0.62069 0.20037 
0.551724 0.275862 0.62069 0.20535 
0.586207 0.275862 0.62069 0.202522 
0.62069 0.275862 0.62069 0.207177 
0.655172 0.275862 0.62069 0.205698 
0.689655 0.275862 0.62069 0.200447 
0.724138 0.275862 0.62069 0.202695 
0.758621 0.275862 0.62069 0.202165 
0.793103 0.275862 0.62069 0.20515 
0.827586 0.275862 0.62069 0.20641 
0.862069 0.275862 0.62069 0.206702 
0.896552 0.275862 0.62069 0.190499 
0.931034 0.275862 0.62069 0.205696 
0.965517 0.275862 0.62069 0.201372 
1 0.275862 0.62069 0.207219 
0 0.310345 0.62069 0.208534 
0.0344828 0.310345 0.62069 0.20549 
0.0689655 0.310345 0.62069 0.197481 
0.103448 0.310345 0.62069 0.207267 
0.137931 0.310345 0.62069 0.1998 
0.172414 0.310345 0.62069 0.202982 
0.206897 0.310345 0.62069 0.198794 
0.241379 0.310345 0.62069 0.207014 
0.275862 0.310345 0.62069 0.187859 
0.310345 0.310345 0.62069 0.2017 
0.344828 0.310345 0.62069 0.202252 
0.37931 0.310345 0.62069 0.199769 
0.413793 0.310345 0.62069 0.206998 
0.448276 0.310345 0.62069 0.200962 
0.482759 0.310345 0.62069 0.207347 
0.517241 0.310345 0.62069 0.201087 
0.551724 0.310345 0.62069 0.197607 
0.586207 0.310345 0.62069 0.203284 
0.62069 0.310345 0.62069 0.196819 
0.655172 0.310345 0.62069 0.203879 
0.689655 0.310345 0.62069 0.20225 
0.724138 0.310345 0.62069 0.205368 
0.758621 0.310345 0.62069 0.201997 
0.793103 0.310345 0.62069 0.204217 
0.827586 0.310345 0.62069 0.193429 
0.862069 0.310345 0.62069 0.202125 
0.896552 0.310345 0.62069 0.20454 
0.931034 0.310345 0.62069 0.202459 
0.965517 0.310345 0.62069 0.191553 
1 0.310345 0.62069 0.201123 
0 0.344828 0.62069 0.204075 
0.0344828 0.344828 0.62069 0.208968 
0.0689655 0.344828 0.62069 0.210791 
0.103448 0.344828 0.62069 0.206104 
0.137931 0.344828 0.62069 0.204361 
0.172414 0.344828 0.62069 0.206661 
0.206897 0.344828 0.62069 0.204413 
0.241379 0.344828 0.62069 0.208518 
0.275862 0.344828 0.62069 0.203526 
0.310345 0.344828 0.62069 0.202644 
0.344828 0.344828 0.62069 0.201118 
0.37931 0.344828 0.62069 0.206854 
0.413793 0.344828 0.62069 0.196176 
0.448276 0.344828 0.62069 0.209217 
0.482759 0.344828 0.62069 0.191306 
0.517241 0.344828 0.62069 0.20489 
0.551724 0.344828 0.62069 0.201486 
0.586207 0.344828 0.62069 0.202082 
0.62069 0.344828 0.62069 0.206139 
0.655172 0.344828 0.62069 0.203564 
0.689655 0.344828 0.62069 0.205805 
0.724138 0.344828 0.62069 0.206992 
0.758621 0.344828 0.62069 0.206999 
0.793103 0.344828 0.62069 0.200229 
0.827586 0.344828 0.62069 0.204995 
0.862069 0.344828 0.62069 0.164286 
0.896552 0.344828 0.62069 0.202752 
0.931034 0.344828 0.62069 0.184146 
0.965517 0.344828 0.62069 0.199908 
1 0.344828 0.62069 0.200179 
0 0.37931 0.62069 0.202894 
0.0344828 0.37931 0.62069 0.201771 
0.0689655 0.37931 0.62069 0.204774 
0.103448 0.37931 0.62069 0.206169 
0.137931 0.37931 0.62069 0.20593 
0.172414 0.37931 0.62069 0.201522 
0.206897 0.37931 0.62069 0.20767 
0.241379 0.37931 0.62069 0.203905 
0.275862 0.37931 0.62069 0.211603 
0.310345 0.37931 0.62069 0.204255 
0.344828 0.37931 0.62069 0.20484 
0.37931 0.37931 0.62069 0.202005 
0.413793 0.37931 0.62069 0.204825 
0.448276 0.37931 0.62069 0.205577 
0.482759 0.37931 0.62069 0.201853 
0.517241 0.37931 0.62069 0.207868 
0.551724 0.37931 0.62069 0.203314 
0.586207 0.37931 0.62069 0.20864 
0.62069 0.37931 0.62069 0.209038 
0.655172 0.37931 0.62069 0.207294 
0.689655 0.37931 0.62069 0.205586 
0.724138 0.37931 0.62069 0.208186 
0.758621 0.37931 0.62069 0.207018 
0.793103 0.37931 0.62069 0.205223 
0.827586 0.37931 0.62069 0.188017 
0.862069 0.37931 0.62069 0.204407 
0.896552 0.37931 0.62069 0.205105 
0.931034 0.37931 0.62069 0.199459 
0.965517 0.37931 0.62069 0.201833 
1 0.37931 0.62069 0.198581 
0 0.413793 0.62069 0.208576 
0.0344828 0.413793 0.62069 0.204565 
0.0689655 0.413793 0.62069 0.205196 
0.103448 0.413793 0.62069 0.201273 
0.137931 0.413793 0.62069 0.207298 
0.172414 0.413793 0.62069 0.201044 
0.206897 0.413793 0.62069 0.204388 
0.241379 0.413793 0.62069 0.203133 
0.275862 0.413793 0.62069 0.204037 
0.310345 0.413793 0.62069 0.205185 
0.344828 0.413793 0.62069 0.204026 
0.37931 0.413793 0.62069 0.201846 
0.413793 0.413793 0.62069 0.204094 
0.448276 0.413793 0.62069 0.206865 
0.482759 0.413793 0.62069 0.20088 
0.517241 0.413793 0.62069 0.199603 
0.551724 0.413793 0.62069 0.197161 
0.586207 0.413793 0.62069 0.199447 
0.62069 0.413793 0.62069 0.189059 
0.655172 0.413793 0.62069 0.21137 
0.689655 0.413793 0.62069 0.194356 
0.724138 0.413793 0.62069 0.199065 
0.758621 0.413793 0.62069 0.206421 
0.793103 0.413793 0.62069 0.189208 
0.827586 0.413793 0.62069 0.209867 
0.862069 0.413793 0.62069 0.205174 
0.896552 0.413793 0.62069 0.200714 
0.931034 0.413793 0.62069 0.206255 
0.965517 0.413793 0.62069 0.208458 
1 0.413793 0.62069 0.205314 
0 0.448276 0.62069 0.20546 
0.0344828 0.448276 0.62069 0.203424 
0.0689655 0.448276 0.62069 0.199802 
0.103448 0.448276 0.62069 0.204065 
0.137931 0.448276 0.62069 0.204307 
0.172414 0.448276 0.62069 0.204402 
0.206897 0.448276 0.62069 0.205469 
0.241379 0.448276 0.62069 0.200426 
0.275862 0.448276 0.62069 0.212463 
0.310345 0.448276 0.62069 0.203858 
0.344828 0.448276 0.62069 0.20498 
0.37931 0.448276 0.62069 0.201746 
0.413793 0.448276 0.62069 0.1999 
0.448276 0.448276 0.62069 0.197456 
0.482759 0.448276 0.62069 0.202339 
0.517241 0.448276 0.62069 0.196241 
0.551724 0.448276 0.62069 0.194603 
0.586207 0.448276 0.62069 0.20395 
0.62069 0.448276 0.62069 0.200448 
0.655172 0.448276 0.62069 0.19579 
0.689655 0.448276 0.62069 0.204965 
0.724138 0.448276 0.62069 0.198299 
0.758621 0.448276 0.62069 0.193562 
0.793103 0.448276 0.62069 0.198215 
0.827586 0.448276 0.62069 0.204726 
0.862069 0.448276 0.62069 0.205763 
0.896552 0.448276 0.62069 0.204781 
0.931034 0.448276 0.62069 0.19939 
0.965517 0.448276 0.62069 0.199875 
1 0.448276 0.62069 0.203935 
0 0.482759 0.62069 0.197273 
0.0344828 0.482759 0.62069 0.202932 
0.0689655 0.482759 0.62069 0.20023 
0.103448 0.482759 0.62069 0.201162 
0.137931 0.482759 0.62069 0.202939 
0.172414 0.482759 0.62069 0.203717 
0.206897 0.482759 0.62069 0.204446 
0.241379 0.482759 0.62069 0.203236 
0.275862 0.482759 0.62069 0.205937 
0.310345 0.482759 0.62069 0.205472 
0.344828 0.482759 0.62069 0.197442 
0.37931 0.482759 0.62069 0.202287 
0.413793 0.482759 0.62069 0.204703 
0.448276 0.482759 0.62069 0.20467 
0.482759 0.482759 0.62069 0.181549 
0.517241 0.482759 0.62069 0.206173 
0.551724 0.482759 0.62069 0.179014 
0.586207 0.482759 0.62069 0.206328 
0.62069 0.482759 0.62069 0.202122 
0.655172 0.482759 0.62069 0.202618 
0.689655 0.482759 0.62069 0.202481 
0.724138 0.482759 0.62069 0.200257 
0.758621 0.482759 0.62069 0.204769 
0.793103 0.482759 0.62069 0.20243 
0.827586 0.482759 0.62069 0.199916 
0.862069 0.482759 0.62069 0.201976 
0.896552 0.482759 0.62069 0.204073 
0.931034 0.482759 0.62069 0.201522 
0.965517 0.482759 0.62069 0.210062 
1 0.482759 0.62069 0.201356 
0 0.517241 0.62069 0.201539 
0.0344828 0.517241 0.62069 0.199183 
0.0689655 0.517241 0.62069 0.204387 
0.103448 0.517241 0.62069 0.204316 
0.137931 0.517241 0.62069 0.201466 
0.172414 0.517241 0.62069 0.20125 
0.206897 0.517241 0.62069 0.198318 
0.241379 0.517241 0.62069 0.199505 
0.275862 0.517241 0.62069 0.204947 
0.310345 0.517241 0.62069 0.206427 
0.344828 0.517241 0.62069 0.201014 
0.37931 0.517241 0.62069 0.201784 
0.413793 0.517241 0.62069 0.198934 
0.448276 0.517241 0.62069 0.212416 
0.482759 0.517241 0.62069 0.173266 
0.517241 0.517241 0.62069 0.18517 
0.551724 0.517241 0.62069 0.2034 
0.586207 0.517241 0.62069 0.205956 
0.62069 0.517241 0.62069 0.202738 
0.655172 0.517241 0.62069 0.205192 
0.689655 0.517241 0.62069 0.203163 
0.724138 0.517241 0.62069 0.204415 
0.758621 0.517241 0.62069 0.203248 
0.793103 0.517241 0.62069 0.206571 
0.827586 0.517241 0.62069 0.200733 
0.862069 0.517241 0.62069 0.206398 
0.896552 0.517241 0.62069 0.200797 
0.931034 0.517241 0.62069 0.197882 
0.965517 0.517241 0.62069 0.194277 
1 0.517241 0.62069 0.20349 
0 0.551724 0.62069 0.205071 
0.0344828 0.551724 0.62069 0.203406 
0.0689655 0.551724 0.62069 0.203106 
0.103448 0.551724 0.62069 0.194311 
0.137931 0.551724 0.62069 0.209385 
0.172414 0.551724 0.62069 0.203418 
0.206897 0.551724 0.62069 0.204316 
0.241379 0.551724 0.62069 0.203491 
0.275862 0.551724 0.62069 0.205486 
0.310345 0.551724 0.62069 0.19419 
0.344828 0.551724 0.62069 0.188436 
0.37931 0.551724 0.62069 0.200421 
0.413793 0.551724 0.62069 0.194285 
0.448276 0.551724 0.62069 0.20215 
0.482759 0.551724 0.62069 0.203224 
0.517241 0.551724 0.62069 0.200439 
0.551724 0.551724 0.62069 0.194062 
0.586207 0.551724 0.62069 0.204898 
0.62069 0.551724 0.62069 0.201604 
0.655172 0.551724 0.62069 0.196657 
0.689655 0.551724 0.62069 0.2045 
0.724138 0.551724 0.62069 0.200492 
0.758621 0.551724 0.62069 0.199026 
0.793103 0.551724 0.62069 0.200655 
0.827586 0.551724 0.62069 0.196396 
0.862069 0.551724 0.62069 0.197358 
0.896552 0.551724 0.62069 0.201601 
0.931034 0.551724 0.62069 0.207871 
0.965517 0.551724 0.62069 0.203224 
1 0.551724 0.62069 0.199832 
0 0.586207 0.62069 0.204029 
0.0344828 0.586207 0.62069 0.199453 
0.0689655 0.586207 0.62069 0.199353 
0.103448 0.586207 0.62069 0.205431 
0.137931 0.586207 0.62069 0.203771 
0.172414 0.586207 0.62069 0.199469 
0.206897 0.586207 0.62069 0.20413 
0.241379 0.586207 0.62069 0.199628 
0.275862 0.586207 0.62069 0.193877 
0.310345 0.586207 0.62069 0.19879 
0.344828 0.586207 0.62069 0.182842 
0.37931 0.586207 0.62069 0.200345 
0.413793 0.586207 0.62069 0.201871 
0.448276 0.586207 0.62069 0.201934 
0.482759 0.586207 0.62069 0.1977 
0.517241 0.586207 0.62069 0.207931 
0.551724 0.586207 0.62069 0.203804 
0.586207 0.586207 0.62069 0.199086 
0.62069 0.586207 0.62069 0.194099 
0.655172 0.586207 0.62069 0.202142 
0.689655 0.586207 0.62069 0.202062 
0.724138 0.586207 0.62069 0.204113 
0.758621 0.586207 0.62069 0.203636 
0.793103 0.586207 0.62069 0.200092 
0.827586 0.586207 0.62069 0.200464 
0.862069 0.586207 0.62069 0.200852 
0.896552 0.586207 0.62069 0.20412 
0.931034 0.586207 0.62069 0.179457 
0.965517 0.586207 0.62069 0.202273 
1 0.586207 0.62069 0.205102 
0 0.62069 0.62069 0.203355 
0.0344828 0.62069 0.62069 0.162351 
0.0689655 0.62069 0.62069 0.197653 
0.103448 0.62069 0.62069 0.205969 
0.137931 0.62069 0.62069 0.211805 
0.172414 0.62069 0.62069 0.196806 
0.206897 0.62069 0.62069 0.183373 
0.241379 0.62069 0.62069 0.202662 
0.275862 0.62069 0.62069 0.202838 
0.310345 0.62069 0.62069 0.207604 
0.344828 0.62069 0.62069 0.199175 
0.37931 0.62069 0.62069 0.204752 
0.413793 0.62069 0.62069 0.198375 
0.448276 0.62069 0.62069 0.198769 
0.482759 0.62069 0.62069 0.195634 
0.517241 0.62069 0.62069 0.202211 
0.551724 0.62069 0.62069 0.201875 
0.586207 0.62069 0.62069 0.194244 
0.62069 0.62069 0.62069 0.202066 
0.655172 0.62069 0.62069 0.204755 
0.689655 0.62069 0.62069 0.201304 
0.724138 0.62069 0.62069 0.200751 
0.758621 0.62069 0.62069 0.190392 
0.793103 0.62069 0.62069 0.203146 
0.827586 0.62069 0.62069 0.204389 
0.862069 0.62069 0.62069 0.200129 
0.896552 0.62069 0.62069 0.199001 
0.931034 0.62069 0.62069 0.197376 
0.965517 0.62069 0.62069 0.202087 
1 0.62069 0.62069 0.195818 
0 0.655172 0.62069 0.199546 
0.0344828 0.655172 0.62069 0.198896 
0.0689655 0.655172 0.62069 0.192961 
0.103448 0.655172 0.62069 0.198727 
0.137931 0.655172 0.62069 0.20213 
0.172414 0.655172 0.62069 0.200009 
0.206897 0.655172 0.62069 0.203912 
0.241379 0.655172 0.62069 0.205795 
0.275862 0.655172 0.62069 0.197531 
0.310345 0.655172 0.62069 0.201855 
0.344828 0.655172 0.62069 0.203847 
0.37931 0.655172 0.62069 0.197656 
0.413793 0.655172 0.62069 0.201153 
0.448276 0.655172 0.62069 0.205266 
0.482759 0.655172 0.62069 0.196831 
0.517241 0.655172 0.62069 0.206012 
0.551724 0.655172 0.62069 0.199621 
0.586207 0.655172 0.62069 0.200846 
0.62069 0.655172 0.62069 0.204604 
0.655172 0.655172 0.62069 0.19964 
0.689655 0.655172 0.62069 0.201129 
0.724138 0.655172 0.62069 0.203165 
0.758621 0.655172 0.62069 0.199955 
0.793103 0.655172 0.62069 0.198216 
0.827586 0.655172 0.62069 0.194497 
0.862069 0.655172 0.62069 0.201539 
0.896552 0.655172 0.62069 0.20163 
0.931034 0.655172 0.62069 0.205571 
0.965517 0.655172 0.62069 0.203747 
1 0.655172 0.62069 0.199489 
0 0.689655 0.62069 0.199625 
0.0344828 0.689655 0.62069 0.201547 
0.0689655 0.689655 0.62069 0.201924 
0.103448 0.689655 0.62069 0.203304 
0.137931 0.689655 0.62069 0.201791 
0.172414 0.689655 0.62069 0.191275 
0.206897 0.689655 0.62069 0.192499 
0.241379 0.689655 0.62069 0.201192 
0.275862 0.689655 0.62069 0.204362 
0.310345 0.689655 0.62069 0.199664 
0.344828 0.689655 0.62069 0.204419 
0.37931 0.689655 0.62069 0.197275 
0.413793 0.689655 0.62069 0.201012 
0.448276 0.689655 0.62069 0.205155 
0.482759 0.689655 0.62069 0.203206 
0.517241 0.689655 0.62069 0.199953 
0.551724 0.689655 0.62069 0.20523 
0.586207 0.689655 0.62069 0.195047 
0.62069 0.689655 0.62069 0.202765 
0.655172 0.689655 0.62069 0.202845 
0.689655 0.689655 0.62069 0.197955 
0.724138 0.689655 0.62069 0.201605 
0.758621 0.689655 0.62069 0.194333 
0.793103 0.689655 0.62069 0.199299 
0.827586 0.689655 0.62069 0.211362 
0.862069 0.689655 0.62069 0.20707 
0.896552 0.689655 0.62069 0.201597 
0.931034 0.689655 0.62069 0.203261 
0.965517 0.689655 0.62069 0.200264 
1 0.689655 0.62069 0.200483 
0 0.724138 0.62069 0.203323 
0.0344828 0.724138 0.62069 0.19782 
0.0689655 0.724138 0.62069 0.201231 
0.103448 0.724138 0.62069 0.203558 
0.137931 0.724138 0.62069 0.201716 
0.172414 0.724138 0.62069 0.198625 
0.206897 0.724138 0.62069 0.202396 
0.241379 0.724138 0.62069 0.198504 
0.275862 0.724138 0.62069 0.205488 
0.310345 0.724138 0.62069 0.201533 
0.344828 0.724138 0.62069 0.203389 
0.37931 0.724138 0.62069 0.202895 
0.413793 0.724138 0.62069 0.202465 
0.448276 0.724138 0.62069 0.203165 
0.482759 0.724138 0.62069 0.197011 
0.517241 0.724138 0.62069 0.161314 
0.551724 0.724138 0.62069 0.206868 
0.586207 0.724138 0.62069 0.202865 
0.62069 0.724138 0.62069 0.199898 
0.655172 0.724138 0.62069 0.196423 
0.689655 0.724138 0.62069 0.202521 
0.724138 0.724138 0.62069 0.191738 
0.758621 0.724138 0.62069 0.196204 
0.793103 0.724138 0.62069 0.20034 
0.827586 0.724138 0.62069 0.203554 
0.862069 0.724138 0.62069 0.19279 
0.896552 0.724138 0.62069 0.20265 
0.931034 0.724138 0.62069 0.201421 
0.965517 0.724138 0.62069 0.195008 
1 0.724138 0.62069 0.200056 
0 0.758621 0.62069 0.194666 
0.0344828 0.758621 0.62069 0.19962 
0.0689655 0.758621 0.62069 0.202007 
0.103448 0.758621 0.62069 0.200031 
0.137931 0.758621 0.62069 0.195151 
0.172414 0.758621 0.62069 0.204154 
0.206897 0.758621 0.62069 0.195616 
0.241379 0.758621 0.62069 0.203086 
0.275862 0.758621 0.62069 0.203682 
0.310345 0.758621 0.62069 0.204476 
0.344828 0.758621 0.62069 0.20776 
0.37931 0.758621 0.62069 0.190327 
0.413793 0.758621 0.62069 0.200617 
0.448276 0.758621 0.62069 0.197656 
0.482759 0.758621 0.62069 0.200297 
0.517241 0.758621 0.62069 0.201439 
0.551724 0.758621 0.62069 0.196554 
0.586207 0.758621 0.62069 0.20243 
0.62069 0.758621 0.62069 0.20239 
0.655172 0.758621 0.62069 0.207805 
0.689655 0.758621 0.62069 0.201901 
0.724138 0.758621 0.62069 0.19673 
0.758621 0.758621 0.62069 0.191714 
0.793103 0.758621 0.62069 0.200822 
0.827586 0.758621 0.62069 0.199679 
0.862069 0.758621 0.62069 0.197009 
0.896552 0.758621 0.62069 0.201166 
0.931034 0.758621 0.62069 0.203952 
0.965517 0.758621 0.62069 0.20503 
1 0.758621 0.62069 0.200877 
0 0.793103 0.62069 0.202369 
0.0344828 0.793103 0.62069 0.198085 
0.0689655 0.793103 0.62069 0.202687 
0.103448 0.793103 0.62069 0.198516 
0.137931 0.793103 0.62069 0.19273 
0.172414 0.793103 0.62069 0.199374 
0.206897 0.793103 0.62069 0.196192 
0.241379 0.793103 0.62069 0.198807 
0.275862 0.793103 0.62069 0.202793 
0.310345 0.793103 0.62069 0.203916 
0.344828 0.793103 0.62069 0.192327 
0.37931 0.793103 0.62069 0.201574 
0.413793 0.793103 0.62069 0.202605 
0.448276 0.793103 0.62069 0.2015 
0.482759 0.793103 0.62069 0.196468 
0.517241 0.793103 0.62069 0.198597 
0.551724 0.793103 0.62069 0.200362 
0.586207 0.793103 0.62069 0.196001 
0.62069 0.793103 0.62069 0.202367 
0.655172 0.793103 0.62069 0.192028 
0.689655 0.793103 0.62069 0.201859 
0.724138 0.793103 0.62069 0.200238 
0.758621 0.793103 0.62069 0.182674 
0.793103 0.793103 0.62069 0.201606 
0.827586 0.793103 0.62069 0.194417 
0.862069 0.793103 0.62069 0.204083 
0.896552 0.793103 0.62069 0.203694 
0.931034 0.793103 0.62069 0.199112 
0.965517 0.793103 0.62069 0.189755 
1 0.793103 0.62069 0.199631 
0 0.827586 0.62069 0.199994 
0.0344828 0.827586 0.62069 0.200715 
0.0689655 0.827586 0.62069 0.205429 
0.103448 0.827586 0.62069 0.197359 
0.137931 0.827586 0.62069 0.19752 
0.172414 0.827586 0.62069 0.197643 
0.206897 0.827586 0.62069 0.199278 
0.241379 0.827586 0.62069 0.198884 
0.275862 0.827586 0.62069 0.200578 
0.310345 0.827586 0.62069 0.197467 
0.344828 0.827586 0.62069 0.203554 
0.37931 0.827586 0.62069 0.201369 
0.413793 0.827586 0.62069 0.195648 
0.448276 0.827586 0.62069 0.203868 
0.482759 0.827586 0.62069 0.192546 
0.517241 0.827586 0.62069 0.192604 
0.551724 0.827586 0.62069 0.198044 
0.586207 0.827586 0.62069 0.202046 
0.62069 0.827586 0.62069 0.196761 
0.655172 0.827586 0.62069 0.201417 
0.689655 0.827586 0.62069 0.195222 
0.724138 0.827586 0.62069 0.195878 
0.758621 0.827586 0.62069 0.194837 
0.793103 0.827586 0.62069 0.194076 
0.827586 0.827586 0.62069 0.200642 
0.862069 0.827586 0.62069 0.201595 
0.896552 0.827586 0.62069 0.171882 
0.931034 0.827586 0.62069 0.203925 
0.965517 0.827586 0.62069 0.199878 
1 0.827586 0.62069 0.198981 
0 0.862069 0.62069 0.2017 
0.0344828 0.862069 0.62069 0.196459 
0.0689655 0.862069 0.62069 0.201835 
0.103448 0.862069 0.62069 0.204926 
0.137931 0.862069 0.62069 0.197023 
0.172414 0.862069 0.62069 0.19606 
0.206897 0.862069 0.62069 0.199747 
0.241379 0.862069 0.62069 0.199114 
0.275862 0.862069 0.62069 0.197889 
0.310345 0.862069 0.62069 0.203212 
0.344828 0.862069 0.62069 0.199634 
0.37931 0.862069 0.62069 0.203513 
0.413793 0.862069 0.62069 0.204541 
0.448276 0.862069 0.62069 0.198663 
0.482759 0.862069 0.62069 0.199632 
0.517241 0.862069 0.62069 0.197856 
0.551724 0.862069 0.62069 0.196122 
0.586207 0.862069 0.62069 0.197158 
0.62069 0.862069 0.62069 0.200709 
0.655172 0.862069 0.62069 0.20429 
0.689655 0.862069 0.62069 0.202045 
0.724138 0.862069 0.62069 0.196548 
0.758621 0.862069 0.62069 0.203693 
0.793103 0.862069 0.62069 0.192344 
0.827586 0.862069 0.62069 0.196506 
0.862069 0.862069 0.62069 0.20077 
0.896552 0.862069 0.62069 0.180301 
0.931034 0.862069 0.62069 0.194893 
0.965517 0.862069 0.62069 0.199975 
1 0.862069 0.62069 0.191827 
0 0.896552 0.62069 0.195755 
0.0344828 0.896552 0.62069 0.203789 
0.0689655 0.896552 0.62069 0.186875 
0.103448 0.896552 0.62069 0.197252 
0.137931 0.896552 0.62069 0.194972 
0.172414 0.896552 0.62069 0.194761 
0.206897 0.896552 0.62069 0.200358 
0.241379 0.896552 0.62069 0.201043 
0.275862 0.896552 0.62069 0.200841 
0.310345 0.896552 0.62069 0.189815 
0.344828 0.896552 0.62069 0.197141 
0.37931 0.896552 0.62069 0.202165 
0.413793 0.896552 0.62069 0.20221 
0.448276 0.896552 0.62069 0.200614 
0.482759 0.896552 0.62069 0.198899 
0.517241 0.896552 0.62069 0.198076 
0.551724 0.896552 0.62069 0.202169 
0.586207 0.896552 0.62069 0.202575 
0.62069 0.896552 0.62069 0.200747 
0.655172 0.896552 0.62069 0.202426 
0.689655 0.896552 0.62069 0.201797 
0.724138 0.896552 0.62069 0.196811 
0.758621 0.896552 0.62069 0.195157 
0.793103 0.896552 0.62069 0.201336 
0.827586 0.896552 0.62069 0.199782 
0.862069 0.896552 0.62069 0.200294 
0.896552 0.896552 0.62069 0.175536 
0.931034 0.896552 0.62069 0.201317 
0.965517 0.896552 0.62069 0.206149 
1 0.896552 0.62069 0.200938 
0 0.931034 0.62069 0.195911 
0.0344828 0.931034 0.62069 0.200217 
0.0689655 0.931034 0.62069 0.200558 
0.103448 0.931034 0.62069 0.202376 
0.137931 0.931034 0.62069 0.204283 
0.172414 0.931034 0.62069 0.201444 
0.206897 0.931034 0.62069 0.202387 
0.241379 0.931034 0.62069 0.199905 
0.275862 0.931034 0.62069 0.196094 
0.310345 0.931034 0.62069 0.194374 
0.344828 0.931034 0.62069 0.197669 
0.37931 0.931034 0.62069 0.202818 
0.413793 0.931034 0.62069 0.196476 
0.448276 0.931034 0.62069 0.206357 
0.482759 0.931034 0.62069 0.202621 
0.517241 0.931034 0.62069 0.191408 
0.551724 0.931034 0.62069 0.167226 
0.586207 0.931034 0.62069 0.201349 
0.62069 0.931034 0.62069 0.200464 
0.655172 0.931034 0.62069 0.197535 
0.689655 0.931034 0.62069 0.201193 
0.724138 0.931034 0.62069 0.200817 
0.758621 0.931034 0.62069 0.197924 
0.793103 0.931034 0.62069 0.1914 
0.827586 0.931034 0.62069 0.189866 
0.862069 0.931034 0.62069 0.199797 
0.896552 0.931034 0.62069 0.196757 
0.931034 0.931034 0.62069 0.200935 
0.965517 0.931034 0.62069 0.196777 
1 0.931034 0.62069 0.197384 
0 0.965517 0.62069 0.196422 
0.0344828 0.965517 0.62069 0.196926 
0.0689655 0.965517 0.62069 0.201082 
0.103448 0.965517 0.62069 0.201186 
0.137931 0.965517 0.62069 0.200887 
0.172414 0.965517 0.62069 0.198984 
0.206897 0.965517 0.62069 0.200329 
0.241379 0.965517 0.62069 0.191694 
0.275862 0.965517 0.62069 0.197866 
0.310345 0.965517 0.62069 0.199086 
0.344828 0.965517 0.62069 0.193504 
0.37931 0.965517 0.62069 0.194898 
0.413793 0.965517 0.62069 0.201606 
0.448276 0.965517 0.62069 0.197028 
0.482759 0.965517 0.62069 0.194639 
0.517241 0.965517 0.62069 0.201519 
0.551724 0.965517 0.62069 0.198709 
0.586207 0.965517 0.62069 0.198266 
0.62069 0.965517 0.62069 0.198218 
0.655172 0.965517 0.62069 0.201045 
0.689655 0.965517 0.62069 0.19574 
0.724138 0.965517 0.62069 0.201268 
0.758621 0.965517 0.62069 0.196715 
0.793103 0.965517 0.62069 0.198589 
0.827586 0.965517 0.62069 0.199152 
0.862069 0.965517 0.62069 0.198177 
0.896552 0.965517 0.62069 0.194992 
0.931034 0.965517 0.62069 0.199596 
0.965517 0.965517 0.62069 0.19532 
1 0.965517 0.62069 0.200545 
0 1 0.62069 0.194884 
0.0344828 1 0.62069 0.189815 
0.0689655 1 0.62069 0.189596 
0.103448 1 0.62069 0.19994 
0.137931 1 0.62069 0.194338 
0.172414 1 0.62069 0.194678 
0.206897 1 0.62069 0.198585 
0.241379 1 0.62069 0.195102 
0.275862 1 0.62069 0.198164 
0.310345 1 0.62069 0.19619 
0.344828 1 0.62069 0.197132 
0.37931 1 0.62069 0.193234 
0.413793 1 0.62069 0.201857 
0.448276 1 0.62069 0.1988 
0.482759 1 0.62069 0.197479 
0.517241 1 0.62069 0.19866 
0.551724 1 0.62069 0.200484 
0.586207 1 0.62069 0.197733 
0.62069 1 0.62069 0.201573 
0.655172 1 0.62069 0.193854 
0.689655 1 0.62069 0.199009 
0.724138 1 0.62069 0.195569 
0.758621 1 0.62069 0.201042 
0.793103 1 0.62069 0.195215 
0.827586 1 0.62069 0.200595 
0.862069 1 0.62069 0.191379 
0.896552 1 0.62069 0.200703 
0.931034 1 0.62069 0.180198 
0.965517 1 0.62069 0.19648 
1 1 0.62069 0.198885 
0 0 0.655172 0.186305 
0.0344828 0 0.655172 0.186305 
0.0689655 0 0.655172 0.186305 
0.103448 0 0.655172 0.186305 
0.137931 0 0.655172 0.186305 
0.172414 0 0.655172 0.186305 
0.206897 0 0.655172 0.186305 
0.241379 0 0.655172 0.186305 
0.275862 0 0.655172 0.186305 
0.310345 0 0.655172 0.186305 
0.344828 0 0.655172 0.186305 
0.37931 0 0.655172 0.186305 
0.413793 0 0.655172 0.186305 
0.448276 0 0.655172 0.186305 
0.482759 0 0.655172 0.186305 
0.517241 0 0.655172 0.186305 
0.551724 0 0.655172 0.186305 
0.586207 0 0.655172 0.186305 
0.62069 0 0.655172 0.186305 
0.655172 0 0.655172 0.186305 
0.689655 0 0.655172 0.186305 
0.724138 0 0.655172 0.186305 
0.758621 0 0.655172 0.186305 
0.793103 0 0.655172 0.186305 
0.827586 0 0.655172 0.186305 
0.862069 0 0.655172 0.186305 
0.896552 0 0.655172 0.186305 
0.931034 0 0.655172 0.186305 
0.965517 0 0.655172 0.186305 
1 0 0.655172 0.186305 
0 0.0344828 0.655172 0.18113 
0.0344828 0.0344828 0.655172 0.182322 
0.0689655 0.0344828 0.655172 0.183938 
0.103448 0.0344828 0.655172 0.189456 
0.137931 0.0344828 0.655172 0.188646 
0.172414 0.0344828 0.655172 0.18507 
0.206897 0.0344828 0.655172 0.177989 
0.241379 0.0344828 0.655172 0.184825 
0.275862 0.0344828 0.655172 0.184305 
0.310345 0.0344828 0.655172 0.183159 
0.344828 0.0344828 0.655172 0.187941 
0.37931 0.0344828 0.655172 0.192038 
0.413793 0.0344828 0.655172 0.188621 
0.448276 0.0344828 0.655172 0.188975 
0.482759 0.0344828 0.655172 0.188042 
0.517241 0.0344828 0.655172 0.184033 
0.551724 0.0344828 0.655172 0.185705 
0.586207 0.0344828 0.655172 0.195363 
0.62069 0.0344828 0.655172 0.184606 
0.655172 0.0344828 0.655172 0.186234 
0.689655 0.0344828 0.655172 0.186065 
0.724138 0.0344828 0.655172 0.190487 
0.758621 0.0344828 0.655172 0.181579 
0.793103 0.0344828 0.655172 0.184682 
0.827586 0.0344828 0.655172 0.183429 
0.862069 0.0344828 0.655172 0.183498 
0.896552 0.0344828 0.655172 0.189173 
0.931034 0.0344828 0.655172 0.185993 
0.965517 0.0344828 0.655172 0.181891 
1 0.0344828 0.655172 0.185871 
0 0.0689655 0.655172 0.191006 
0.0344828 0.0689655 0.655172 0.167226 
0.0689655 0.0689655 0.655172 0.18108 
0.103448 0.0689655 0.655172 0.190886 
0.137931 0.0689655 0.655172 0.159497 
0.172414 0.0689655 0.655172 0.188886 
0.206897 0.0689655 0.655172 0.191392 
0.241379 0.0689655 0.655172 0.1885 
0.275862 0.0689655 0.655172 0.171011 
0.310345 0.0689655 0.655172 0.178984 
0.344828 0.0689655 0.655172 0.186626 
0.37931 0.0689655 0.655172 0.187242 
0.413793 0.0689655 0.655172 0.171563 
0.448276 0.0689655 0.655172 0.187216 
0.482759 0.0689655 0.655172 0.18687 
0.517241 0.0689655 0.655172 0.186678 
0.551724 0.0689655 0.655172 0.183547 
0.586207 0.0689655 0.655172 0.181401 
0.62069 0.0689655 0.655172 0.181143 
0.655172 0.0689655 0.655172 0.186693 
0.689655 0.0689655 0.655172 0.190206 
0.724138 0.0689655 0.655172 0.191632 
0.758621 0.0689655 0.655172 0.187899 
0.793103 0.0689655 0.655172 0.184508 
0.827586 0.0689655 0.655172 0.181091 
0.862069 0.0689655 0.655172 0.181839 
0.896552 0.0689655 0.655172 0.185601 
0.931034 0.0689655 0.655172 0.187488 
0.965517 0.0689655 0.655172 0.186797 
1 0.0689655 0.655172 0.184649 
0 0.103448 0.655172 0.188011 
0.0344828 0.103448 0.655172 0.183643 
0.0689655 0.103448 0.655172 0.186384 
0.103448 0.103448 0.655172 0.187369 
0.137931 0.103448 0.655172 0.182403 
0.172414 0.103448 0.655172 0.188049 
0.206897 0.103448 0.655172 0.188506 
0.241379 0.103448 0.655172 0.180302 
0.275862 0.103448 0.655172 0.188954 
0.310345 0.103448 0.655172 0.184238 
0.344828 0.103448 0.655172 0.186433 
0.37931 0.103448 0.655172 0.188143 
0.413793 0.103448 0.655172 0.180169 
0.448276 0.103448 0.655172 0.187703 
0.482759 0.103448 0.655172 0.181918 
0.517241 0.103448 0.655172 0.175024 
0.551724 0.103448 0.655172 0.180473 
0.586207 0.103448 0.655172 0.184804 
0.62069 0.103448 0.655172 0.18833 
0.655172 0.103448 0.655172 0.179696 
0.689655 0.103448 0.655172 0.184072 
0.724138 0.103448 0.655172 0.180091 
0.758621 0.103448 0.655172 0.182541 
0.793103 0.103448 0.655172 0.184299 
0.827586 0.103448 0.655172 0.188616 
0.862069 0.103448 0.655172 0.187012 
0.896552 0.103448 0.655172 0.186814 
0.931034 0.103448 0.655172 0.186673 
0.965517 0.103448 0.655172 0.184703 
1 0.103448 0.655172 0.186376 
0 0.137931 0.655172 0.183377 
0.0344828 0.137931 0.655172 0.187853 
0.0689655 0.137931 0.655172 0.185481 
0.103448 0.137931 0.655172 0.18415 
0.137931 0.137931 0.655172 0.189734 
0.172414 0.137931 0.655172 0.184907 
0.206897 0.137931 0.655172 0.173334 
0.241379 0.137931 0.655172 0.185887 
0.275862 0.137931 0.655172 0.184618 
0.310345 0.137931 0.655172 0.184063 
0.344828 0.137931 0.655172 0.183109 
0.37931 0.137931 0.655172 0.187772 
0.413793 0.137931 0.655172 0.183553 
0.448276 0.137931 0.655172 0.18444 
0.482759 0.137931 0.655172 0.181467 
0.517241 0.137931 0.655172 0.181757 
0.551724 0.137931 0.655172 0.182828 
0.586207 0.137931 0.655172 0.175173 
0.62069 0.137931 0.655172 0.185317 
0.655172 0.137931 0.655172 0.16806 
0.689655 0.137931 0.655172 0.184912 
0.724138 0.137931 0.655172 0.176103 
0.758621 0.137931 0.655172 0.18517 
0.793103 0.137931 0.655172 0.185216 
0.827586 0.137931 0.655172 0.172532 
0.862069 0.137931 0.655172 0.181692 
0.896552 0.137931 0.655172 0.183599 
0.931034 0.137931 0.655172 0.186694 
0.965517 0.137931 0.655172 0.178241 
1 0.137931 0.655172 0.184731 
0 0.172414 0.655172 0.184367 
0.0344828 0.172414 0.655172 0.182365 
0.0689655 0.172414 0.655172 0.180632 
0.103448 0.172414 0.655172 0.179755 
0.137931 0.172414 0.655172 0.183139 
0.172414 0.172414 0.655172 0.180548 
0.206897 0.172414 0.655172 0.189472 
0.241379 0.172414 0.655172 0.183626 
0.275862 0.172414 0.655172 0.187664 
0.310345 0.172414 0.655172 0.189141 
0.344828 0.172414 0.655172 0.186989 
0.37931 0.172414 0.655172 0.188244 
0.413793 0.172414 0.655172 0.185568 
0.448276 0.172414 0.655172 0.186225 
0.482759 0.172414 0.655172 0.186925 
0.517241 0.172414 0.655172 0.1831 
0.551724 0.172414 0.655172 0.183881 
0.586207 0.172414 0.655172 0.187005 
0.62069 0.172414 0.655172 0.182953 
0.655172 0.172414 0.655172 0.185857 
0.689655 0.172414 0.655172 0.188082 
0.724138 0.172414 0.655172 0.1868 
0.758621 0.172414 0.655172 0.175572 
0.793103 0.172414 0.655172 0.187547 
0.827586 0.172414 0.655172 0.18444 
0.862069 0.172414 0.655172 0.188682 
0.896552 0.172414 0.655172 0.189387 
0.931034 0.172414 0.655172 0.186888 
0.965517 0.172414 0.655172 0.182237 
1 0.172414 0.655172 0.15694 
0 0.206897 0.655172 0.188798 
0.0344828 0.206897 0.655172 0.183693 
0.0689655 0.206897 0.655172 0.177052 
0.103448 0.206897 0.655172 0.18701 
0.137931 0.206897 0.655172 0.186178 
0.172414 0.206897 0.655172 0.184745 
0.206897 0.206897 0.655172 0.187365 
0.241379 0.206897 0.655172 0.179477 
0.275862 0.206897 0.655172 0.1808 
0.310345 0.206897 0.655172 0.173529 
0.344828 0.206897 0.655172 0.186012 
0.37931 0.206897 0.655172 0.189088 
0.413793 0.206897 0.655172 0.187253 
0.448276 0.206897 0.655172 0.184006 
0.482759 0.206897 0.655172 0.174492 
0.517241 0.206897 0.655172 0.185805 
0.551724 0.206897 0.655172 0.186357 
0.586207 0.206897 0.655172 0.168518 
0.62069 0.206897 0.655172 0.18699 
0.655172 0.206897 0.655172 0.186752 
0.689655 0.206897 0.655172 0.185312 
0.724138 0.206897 0.655172 0.183459 
0.758621 0.206897 0.655172 0.186771 
0.793103 0.206897 0.655172 0.184027 
0.827586 0.206897 0.655172 0.175763 
0.862069 0.206897 0.655172 0.183652 
0.896552 0.206897 0.655172 0.182044 
0.931034 0.206897 0.655172 0.185121 
0.965517 0.206897 0.655172 0.177 
1 0.206897 0.655172 0.173556 
0 0.241379 0.655172 0.184896 
0.0344828 0.241379 0.655172 0.189407 
0.0689655 0.241379 0.655172 0.185099 
0.103448 0.241379 0.655172 0.185516 
0.137931 0.241379 0.655172 0.185599 
0.172414 0.241379 0.655172 0.185093 
0.206897 0.241379 0.655172 0.180805 
0.241379 0.241379 0.655172 0.181407 
0.275862 0.241379 0.655172 0.179825 
0.310345 0.241379 0.655172 0.183308 
0.344828 0.241379 0.655172 0.185323 
0.37931 0.241379 0.655172 0.185981 
0.413793 0.241379 0.655172 0.182021 
0.448276 0.241379 0.655172 0.182649 
0.482759 0.241379 0.655172 0.179882 
0.517241 0.241379 0.655172 0.178041 
0.551724 0.241379 0.655172 0.186056 
0.586207 0.241379 0.655172 0.188879 
0.62069 0.241379 0.655172 0.183302 
0.655172 0.241379 0.655172 0.186474 
0.689655 0.241379 0.655172 0.185756 
0.724138 0.241379 0.655172 0.189713 
0.758621 0.241379 0.655172 0.186246 
0.793103 0.241379 0.655172 0.185927 
0.827586 0.241379 0.655172 0.183542 
0.862069 0.241379 0.655172 0.183148 
0.896552 0.241379 0.655172 0.173055 
0.931034 0.241379 0.655172 0.181322 
0.965517 0.241379 0.655172 0.181468 
1 0.241379 0.655172 0.173866 
0 0.275862 0.655172 0.187883 
0.0344828 0.275862 0.655172 0.185391 
0.0689655 0.275862 0.655172 0.180696 
0.103448 0.275862 0.655172 0.180865 
0.137931 0.275862 0.655172 0.1841 
0.172414 0.275862 0.655172 0.185864 
0.206897 0.275862 0.655172 0.18064 
0.241379 0.275862 0.655172 0.181183 
0.275862 0.275862 0.655172 0.18456 
0.310345 0.275862 0.655172 0.188357 
0.344828 0.275862 0.655172 0.180965 
0.37931 0.275862 0.655172 0.189578 
0.413793 0.275862 0.655172 0.182936 
0.448276 0.275862 0.655172 0.185755 
0.482759 0.275862 0.655172 0.180351 
0.517241 0.275862 0.655172 0.179534 
0.551724 0.275862 0.655172 0.182999 
0.586207 0.275862 0.655172 0.15089 
0.62069 0.275862 0.655172 0.182758 
0.655172 0.275862 0.655172 0.178356 
0.689655 0.275862 0.655172 0.184746 
0.724138 0.275862 0.655172 0.184627 
0.758621 0.275862 0.655172 0.179685 
0.793103 0.275862 0.655172 0.184654 
0.827586 0.275862 0.655172 0.194232 
0.862069 0.275862 0.655172 0.184973 
0.896552 0.275862 0.655172 0.181389 
0.931034 0.275862 0.655172 0.186559 
0.965517 0.275862 0.655172 0.179788 
1 0.275862 0.655172 0.188108 
0 0.310345 0.655172 0.186704 
0.0344828 0.310345 0.655172 0.18418 
0.0689655 0.310345 0.655172 0.185355 
0.103448 0.310345 0.655172 0.186024 
0.137931 0.310345 0.655172 0.180562 
0.172414 0.310345 0.655172 0.178572 
0.206897 0.310345 0.655172 0.185719 
0.241379 0.310345 0.655172 0.184911 
0.275862 0.310345 0.655172 0.181076 
0.310345 0.310345 0.655172 0.186115 
0.344828 0.310345 0.655172 0.184687 
0.37931 0.310345 0.655172 0.18595 
0.413793 0.310345 0.655172 0.185198 
0.448276 0.310345 0.655172 0.184758 
0.482759 0.310345 0.655172 0.184649 
0.517241 0.310345 0.655172 0.184382 
0.551724 0.310345 0.655172 0.18048 
0.586207 0.310345 0.655172 0.184355 
0.62069 0.310345 0.655172 0.184458 
0.655172 0.310345 0.655172 0.186006 
0.689655 0.310345 0.655172 0.189856 
0.724138 0.310345 0.655172 0.183638 
0.758621 0.310345 0.655172 0.18056 
0.793103 0.310345 0.655172 0.186497 
0.827586 0.310345 0.655172 0.151853 
0.862069 0.310345 0.655172 0.181047 
0.896552 0.310345 0.655172 0.17921 
0.931034 0.310345 0.655172 0.183672 
0.965517 0.310345 0.655172 0.17841 
1 0.310345 0.655172 0.180436 
0 0.344828 0.655172 0.183751 
0.0344828 0.344828 0.655172 0.1818 
0.0689655 0.344828 0.655172 0.176823 
0.103448 0.344828 0.655172 0.179964 
0.137931 0.344828 0.655172 0.185112 
0.172414 0.344828 0.655172 0.18526 
0.206897 0.344828 0.655172 0.179998 
0.241379 0.344828 0.655172 0.18489 
0.275862 0.344828 0.655172 0.181165 
0.310345 0.344828 0.655172 0.179147 
0.344828 0.344828 0.655172 0.179992 
0.37931 0.344828 0.655172 0.184444 
0.413793 0.344828 0.655172 0.180931 
0.448276 0.344828 0.655172 0.184701 
0.482759 0.344828 0.655172 0.147193 
0.517241 0.344828 0.655172 0.183634 
0.551724 0.344828 0.655172 0.182138 
0.586207 0.344828 0.655172 0.180541 
0.62069 0.344828 0.655172 0.181006 
0.655172 0.344828 0.655172 0.178777 
0.689655 0.344828 0.655172 0.182874 
0.724138 0.344828 0.655172 0.185409 
0.758621 0.344828 0.655172 0.185478 
0.793103 0.344828 0.655172 0.182339 
0.827586 0.344828 0.655172 0.184031 
0.862069 0.344828 0.655172 0.180206 
0.896552 0.344828 0.655172 0.176052 
0.931034 0.344828 0.655172 0.148482 
0.965517 0.344828 0.655172 0.183306 
1 0.344828 0.655172 0.18243 
0 0.37931 0.655172 0.185357 
0.0344828 0.37931 0.655172 0.17985 
0.0689655 0.37931 0.655172 0.183572 
0.103448 0.37931 0.655172 0.183457 
0.137931 0.37931 0.655172 0.184726 
0.172414 0.37931 0.655172 0.180872 
0.206897 0.37931 0.655172 0.182971 
0.241379 0.37931 0.655172 0.179937 
0.275862 0.37931 0.655172 0.187607 
0.310345 0.37931 0.655172 0.184007 
0.344828 0.37931 0.655172 0.183745 
0.37931 0.37931 0.655172 0.179928 
0.413793 0.37931 0.655172 0.183862 
0.448276 0.37931 0.655172 0.184063 
0.482759 0.37931 0.655172 0.18239 
0.517241 0.37931 0.655172 0.183341 
0.551724 0.37931 0.655172 0.184073 
0.586207 0.37931 0.655172 0.183843 
0.62069 0.37931 0.655172 0.180921 
0.655172 0.37931 0.655172 0.180952 
0.689655 0.37931 0.655172 0.18503 
0.724138 0.37931 0.655172 0.185712 
0.758621 0.37931 0.655172 0.185605 
0.793103 0.37931 0.655172 0.186184 
0.827586 0.37931 0.655172 0.181986 
0.862069 0.37931 0.655172 0.183747 
0.896552 0.37931 0.655172 0.186269 
0.931034 0.37931 0.655172 0.186567 
0.965517 0.37931 0.655172 0.184356 
1 0.37931 0.655172 0.183225 
0 0.413793 0.655172 0.185529 
0.0344828 0.413793 0.655172 0.187006 
0.0689655 0.413793 0.655172 0.182001 
0.103448 0.413793 0.655172 0.185012 
0.137931 0.413793 0.655172 0.182737 
0.172414 0.413793 0.655172 0.183008 
0.206897 0.413793 0.655172 0.18451 
0.241379 0.413793 0.655172 0.186234 
0.275862 0.413793 0.655172 0.183223 
0.310345 0.413793 0.655172 0.18351 
0.344828 0.413793 0.655172 0.186587 
0.37931 0.413793 0.655172 0.185263 
0.413793 0.413793 0.655172 0.18553 
0.448276 0.413793 0.655172 0.190685 
0.482759 0.413793 0.655172 0.180116 
0.517241 0.413793 0.655172 0.180721 
0.551724 0.413793 0.655172 0.175822 
0.586207 0.413793 0.655172 0.179409 
0.62069 0.413793 0.655172 0.184915 
0.655172 0.413793 0.655172 0.179275 
0.689655 0.413793 0.655172 0.184495 
0.724138 0.413793 0.655172 0.182088 
0.758621 0.413793 0.655172 0.182714 
0.793103 0.413793 0.655172 0.180235 
0.827586 0.413793 0.655172 0.184834 
0.862069 0.413793 0.655172 0.176919 
0.896552 0.413793 0.655172 0.18412 
0.931034 0.413793 0.655172 0.188407 
0.965517 0.413793 0.655172 0.191629 
1 0.413793 0.655172 0.184268 
0 0.448276 0.655172 0.182538 
0.0344828 0.448276 0.655172 0.180829 
0.0689655 0.448276 0.655172 0.181286 
0.103448 0.448276 0.655172 0.184612 
0.137931 0.448276 0.655172 0.180199 
0.172414 0.448276 0.655172 0.185242 
0.206897 0.448276 0.655172 0.184944 
0.241379 0.448276 0.655172 0.176135 
0.275862 0.448276 0.655172 0.193787 
0.310345 0.448276 0.655172 0.182464 
0.344828 0.448276 0.655172 0.184813 
0.37931 0.448276 0.655172 0.184977 
0.413793 0.448276 0.655172 0.180685 
0.448276 0.448276 0.655172 0.184995 
0.482759 0.448276 0.655172 0.188285 
0.517241 0.448276 0.655172 0.172493 
0.551724 0.448276 0.655172 0.186055 
0.586207 0.448276 0.655172 0.184185 
0.62069 0.448276 0.655172 0.183519 
0.655172 0.448276 0.655172 0.179643 
0.689655 0.448276 0.655172 0.18578 
0.724138 0.448276 0.655172 0.18483 
0.758621 0.448276 0.655172 0.171772 
0.793103 0.448276 0.655172 0.170573 
0.827586 0.448276 0.655172 0.18498 
0.862069 0.448276 0.655172 0.1815 
0.896552 0.448276 0.655172 0.183477 
0.931034 0.448276 0.655172 0.182099 
0.965517 0.448276 0.655172 0.184967 
1 0.448276 0.655172 0.181829 
0 0.482759 0.655172 0.181076 
0.0344828 0.482759 0.655172 0.184343 
0.0689655 0.482759 0.655172 0.186362 
0.103448 0.482759 0.655172 0.184304 
0.137931 0.482759 0.655172 0.185465 
0.172414 0.482759 0.655172 0.186604 
0.206897 0.482759 0.655172 0.178093 
0.241379 0.482759 0.655172 0.18648 
0.275862 0.482759 0.655172 0.183101 
0.310345 0.482759 0.655172 0.179813 
0.344828 0.482759 0.655172 0.184442 
0.37931 0.482759 0.655172 0.1795 
0.413793 0.482759 0.655172 0.186994 
0.448276 0.482759 0.655172 0.183128 
0.482759 0.482759 0.655172 0.187231 
0.517241 0.482759 0.655172 0.17792 
0.551724 0.482759 0.655172 0.149679 
0.586207 0.482759 0.655172 0.187571 
0.62069 0.482759 0.655172 0.179312 
0.655172 0.482759 0.655172 0.183849 
0.689655 0.482759 0.655172 0.177637 
0.724138 0.482759 0.655172 0.180835 
0.758621 0.482759 0.655172 0.188997 
0.793103 0.482759 0.655172 0.176601 
0.827586 0.482759 0.655172 0.184973 
0.862069 0.482759 0.655172 0.181336 
0.896552 0.482759 0.655172 0.178956 
0.931034 0.482759 0.655172 0.169405 
0.965517 0.482759 0.655172 0.19262 
1 0.482759 0.655172 0.176526 
0 0.517241 0.655172 0.182741 
0.0344828 0.517241 0.655172 0.17937 
0.0689655 0.517241 0.655172 0.185495 
0.103448 0.517241 0.655172 0.184436 
0.137931 0.517241 0.655172 0.183687 
0.172414 0.517241 0.655172 0.179554 
0.206897 0.517241 0.655172 0.182025 
0.241379 0.517241 0.655172 0.185641 
0.275862 0.517241 0.655172 0.183586 
0.310345 0.517241 0.655172 0.177763 
0.344828 0.517241 0.655172 0.181015 
0.37931 0.517241 0.655172 0.186839 
0.413793 0.517241 0.655172 0.184489 
0.448276 0.517241 0.655172 0.19364 
0.482759 0.517241 0.655172 0.152465 
0.517241 0.517241 0.655172 0.171233 
0.551724 0.517241 0.655172 0.178289 
0.586207 0.517241 0.655172 0.188246 
0.62069 0.517241 0.655172 0.183335 
0.655172 0.517241 0.655172 0.187315 
0.689655 0.517241 0.655172 0.182949 
0.724138 0.517241 0.655172 0.185016 
0.758621 0.517241 0.655172 0.179474 
0.793103 0.517241 0.655172 0.181118 
0.827586 0.517241 0.655172 0.183126 
0.862069 0.517241 0.655172 0.183648 
0.896552 0.517241 0.655172 0.177919 
0.931034 0.517241 0.655172 0.179885 
0.965517 0.517241 0.655172 0.179483 
1 0.517241 0.655172 0.179613 
0 0.551724 0.655172 0.185413 
0.0344828 0.551724 0.655172 0.182233 
0.0689655 0.551724 0.655172 0.184151 
0.103448 0.551724 0.655172 0.178031 
0.137931 0.551724 0.655172 0.185861 
0.172414 0.551724 0.655172 0.175865 
0.206897 0.551724 0.655172 0.167742 
0.241379 0.551724 0.655172 0.180841 
0.275862 0.551724 0.655172 0.182114 
0.310345 0.551724 0.655172 0.180108 
0.344828 0.551724 0.655172 0.176905 
0.37931 0.551724 0.655172 0.186592 
0.413793 0.551724 0.655172 0.178224 
0.448276 0.551724 0.655172 0.185761 
0.482759 0.551724 0.655172 0.184175 
0.517241 0.551724 0.655172 0.181153 
0.551724 0.551724 0.655172 0.183099 
0.586207 0.551724 0.655172 0.181491 
0.62069 0.551724 0.655172 0.180126 
0.655172 0.551724 0.655172 0.17745 
0.689655 0.551724 0.655172 0.185272 
0.724138 0.551724 0.655172 0.180887 
0.758621 0.551724 0.655172 0.17537 
0.793103 0.551724 0.655172 0.184071 
0.827586 0.551724 0.655172 0.180825 
0.862069 0.551724 0.655172 0.181209 
0.896552 0.551724 0.655172 0.177032 
0.931034 0.551724 0.655172 0.182057 
0.965517 0.551724 0.655172 0.180557 
1 0.551724 0.655172 0.182399 
0 0.586207 0.655172 0.178981 
0.0344828 0.586207 0.655172 0.182086 
0.0689655 0.586207 0.655172 0.182773 
0.103448 0.586207 0.655172 0.182384 
0.137931 0.586207 0.655172 0.179343 
0.172414 0.586207 0.655172 0.183747 
0.206897 0.586207 0.655172 0.183594 
0.241379 0.586207 0.655172 0.171174 
0.275862 0.586207 0.655172 0.174135 
0.310345 0.586207 0.655172 0.177995 
0.344828 0.586207 0.655172 0.178712 
0.37931 0.586207 0.655172 0.182982 
0.413793 0.586207 0.655172 0.183363 
0.448276 0.586207 0.655172 0.178757 
0.482759 0.586207 0.655172 0.180548 
0.517241 0.586207 0.655172 0.186567 
0.551724 0.586207 0.655172 0.182396 
0.586207 0.586207 0.655172 0.180507 
0.62069 0.586207 0.655172 0.181797 
0.655172 0.586207 0.655172 0.18522 
0.689655 0.586207 0.655172 0.178824 
0.724138 0.586207 0.655172 0.181862 
0.758621 0.586207 0.655172 0.183032 
0.793103 0.586207 0.655172 0.18319 
0.827586 0.586207 0.655172 0.183874 
0.862069 0.586207 0.655172 0.184921 
0.896552 0.586207 0.655172 0.183588 
0.931034 0.586207 0.655172 0.149926 
0.965517 0.586207 0.655172 0.17942 
1 0.586207 0.655172 0.182081 
0 0.62069 0.655172 0.182814 
0.0344828 0.62069 0.655172 0.179924 
0.0689655 0.62069 0.655172 0.174126 
0.103448 0.62069 0.655172 0.184473 
0.137931 0.62069 0.655172 0.181591 
0.172414 0.62069 0.655172 0.17366 
0.206897 0.62069 0.655172 0.181929 
0.241379 0.62069 0.655172 0.175825 
0.275862 0.62069 0.655172 0.183494 
0.310345 0.62069 0.655172 0.186751 
0.344828 0.62069 0.655172 0.179872 
0.37931 0.62069 0.655172 0.178908 
0.413793 0.62069 0.655172 0.180286 
0.448276 0.62069 0.655172 0.169418 
0.482759 0.62069 0.655172 0.176647 
0.517241 0.62069 0.655172 0.180497 
0.551724 0.62069 0.655172 0.18271 
0.586207 0.62069 0.655172 0.178244 
0.62069 0.62069 0.655172 0.181419 
0.655172 0.62069 0.655172 0.177904 
0.689655 0.62069 0.655172 0.183212 
0.724138 0.62069 0.655172 0.18709 
0.758621 0.62069 0.655172 0.173338 
0.793103 0.62069 0.655172 0.181219 
0.827586 0.62069 0.655172 0.182001 
0.862069 0.62069 0.655172 0.178317 
0.896552 0.62069 0.655172 0.176728 
0.931034 0.62069 0.655172 0.180988 
0.965517 0.62069 0.655172 0.17827 
1 0.62069 0.655172 0.179773 
0 0.655172 0.655172 0.183426 
0.0344828 0.655172 0.655172 0.182049 
0.0689655 0.655172 0.655172 0.181472 
0.103448 0.655172 0.655172 0.177994 
0.137931 0.655172 0.655172 0.177868 
0.172414 0.655172 0.655172 0.166203 
0.206897 0.655172 0.655172 0.18682 
0.241379 0.655172 0.655172 0.184301 
0.275862 0.655172 0.655172 0.180677 
0.310345 0.655172 0.655172 0.181274 
0.344828 0.655172 0.655172 0.182969 
0.37931 0.655172 0.655172 0.181508 
0.413793 0.655172 0.655172 0.179735 
0.448276 0.655172 0.655172 0.18183 
0.482759 0.655172 0.655172 0.180487 
0.517241 0.655172 0.655172 0.184851 
0.551724 0.655172 0.655172 0.181308 
0.586207 0.655172 0.655172 0.187413 
0.62069 0.655172 0.655172 0.18562 
0.655172 0.655172 0.655172 0.179659 
0.689655 0.655172 0.655172 0.182611 
0.724138 0.655172 0.655172 0.182288 
0.758621 0.655172 0.655172 0.184273 
0.793103 0.655172 0.655172 0.178929 
0.827586 0.655172 0.655172 0.180111 
0.862069 0.655172 0.655172 0.183308 
0.896552 0.655172 0.655172 0.181844 
0.931034 0.655172 0.655172 0.182664 
0.965517 0.655172 0.655172 0.17998 
1 0.655172 0.655172 0.179511 
0 0.689655 0.655172 0.183246 
0.0344828 0.689655 0.655172 0.181183 
0.0689655 0.689655 0.655172 0.182836 
0.103448 0.689655 0.655172 0.182452 
0.137931 0.689655 0.655172 0.179989 
0.172414 0.689655 0.655172 0.182509 
0.206897 0.689655 0.655172 0.182416 
0.241379 0.689655 0.655172 0.183268 
0.275862 0.689655 0.655172 0.182602 
0.310345 0.689655 0.655172 0.178068 
0.344828 0.689655 0.655172 0.182306 
0.37931 0.689655 0.655172 0.179643 
0.413793 0.689655 0.655172 0.173393 
0.448276 0.689655 0.655172 0.181633 
0.482759 0.689655 0.655172 0.179392 
0.517241 0.689655 0.655172 0.181872 
0.551724 0.689655 0.655172 0.181903 
0.586207 0.689655 0.655172 0.180991 
0.62069 0.689655 0.655172 0.18079 
0.655172 0.689655 0.655172 0.18315 
0.689655 0.689655 0.655172 0.171644 
0.724138 0.689655 0.655172 0.184074 
0.758621 0.689655 0.655172 0.181113 
0.793103 0.689655 0.655172 0.179026 
0.827586 0.689655 0.655172 0.187664 
0.862069 0.689655 0.655172 0.183593 
0.896552 0.689655 0.655172 0.172135 
0.931034 0.689655 0.655172 0.185068 
0.965517 0.689655 0.655172 0.180814 
1 0.689655 0.655172 0.1793 
0 0.724138 0.655172 0.18064 
0.0344828 0.724138 0.655172 0.181964 
0.0689655 0.724138 0.655172 0.177382 
0.103448 0.724138 0.655172 0.179511 
0.137931 0.724138 0.655172 0.177561 
0.172414 0.724138 0.655172 0.177797 
0.206897 0.724138 0.655172 0.18129 
0.241379 0.724138 0.655172 0.176566 
0.275862 0.724138 0.655172 0.184079 
0.310345 0.724138 0.655172 0.177533 
0.344828 0.724138 0.655172 0.175611 
0.37931 0.724138 0.655172 0.182371 
0.413793 0.724138 0.655172 0.181004 
0.448276 0.724138 0.655172 0.180095 
0.482759 0.724138 0.655172 0.180733 
0.517241 0.724138 0.655172 0.16396 
0.551724 0.724138 0.655172 0.180957 
0.586207 0.724138 0.655172 0.174254 
0.62069 0.724138 0.655172 0.18262 
0.655172 0.724138 0.655172 0.180294 
0.689655 0.724138 0.655172 0.177595 
0.724138 0.724138 0.655172 0.181244 
0.758621 0.724138 0.655172 0.181292 
0.793103 0.724138 0.655172 0.181512 
0.827586 0.724138 0.655172 0.176991 
0.862069 0.724138 0.655172 0.176253 
0.896552 0.724138 0.655172 0.181475 
0.931034 0.724138 0.655172 0.181489 
0.965517 0.724138 0.655172 0.186221 
1 0.724138 0.655172 0.180824 
0 0.758621 0.655172 0.181312 
0.0344828 0.758621 0.655172 0.179659 
0.0689655 0.758621 0.655172 0.176794 
0.103448 0.758621 0.655172 0.17551 
0.137931 0.758621 0.655172 0.175159 
0.172414 0.758621 0.655172 0.180296 
0.206897 0.758621 0.655172 0.177297 
0.241379 0.758621 0.655172 0.176857 
0.275862 0.758621 0.655172 0.182358 
0.310345 0.758621 0.655172 0.18575 
0.344828 0.758621 0.655172 0.181638 
0.37931 0.758621 0.655172 0.147721 
0.413793 0.758621 0.655172 0.156332 
0.448276 0.758621 0.655172 0.182219 
0.482759 0.758621 0.655172 0.179205 
0.517241 0.758621 0.655172 0.178996 
0.551724 0.758621 0.655172 0.184406 
0.586207 0.758621 0.655172 0.175079 
0.62069 0.758621 0.655172 0.181583 
0.655172 0.758621 0.655172 0.182258 
0.689655 0.758621 0.655172 0.181693 
0.724138 0.758621 0.655172 0.168104 
0.758621 0.758621 0.655172 0.178928 
0.793103 0.758621 0.655172 0.181646 
0.827586 0.758621 0.655172 0.180126 
0.862069 0.758621 0.655172 0.180293 
0.896552 0.758621 0.655172 0.181204 
0.931034 0.758621 0.655172 0.181512 
0.965517 0.758621 0.655172 0.160668 
1 0.758621 0.655172 0.181958 
0 0.793103 0.655172 0.185727 
0.0344828 0.793103 0.655172 0.177699 
0.0689655 0.793103 0.655172 0.178086 
0.103448 0.793103 0.655172 0.18262 
0.137931 0.793103 0.655172 0.177368 
0.172414 0.793103 0.655172 0.179304 
0.206897 0.793103 0.655172 0.172755 
0.241379 0.793103 0.655172 0.184211 
0.275862 0.793103 0.655172 0.179824 
0.310345 0.793103 0.655172 0.185431 
0.344828 0.793103 0.655172 0.169605 
0.37931 0.793103 0.655172 0.17618 
0.413793 0.793103 0.655172 0.179023 
0.448276 0.793103 0.655172 0.177369 
0.482759 0.793103 0.655172 0.17795 
0.517241 0.793103 0.655172 0.180561 
0.551724 0.793103 0.655172 0.176692 
0.586207 0.793103 0.655172 0.179322 
0.62069 0.793103 0.655172 0.181867 
0.655172 0.793103 0.655172 0.175729 
0.689655 0.793103 0.655172 0.182488 
0.724138 0.793103 0.655172 0.185482 
0.758621 0.793103 0.655172 0.169908 
0.793103 0.793103 0.655172 0.178411 
0.827586 0.793103 0.655172 0.172803 
0.862069 0.793103 0.655172 0.180949 
0.896552 0.793103 0.655172 0.177875 
0.931034 0.793103 0.655172 0.189593 
0.965517 0.793103 0.655172 0.174842 
1 0.793103 0.655172 0.18479 
0 0.827586 0.655172 0.179392 
0.0344828 0.827586 0.655172 0.18164 
0.0689655 0.827586 0.655172 0.178642 
0.103448 0.827586 0.655172 0.179487 
0.137931 0.827586 0.655172 0.177106 
0.172414 0.827586 0.655172 0.176373 
0.206897 0.827586 0.655172 0.176454 
0.241379 0.827586 0.655172 0.181358 
0.275862 0.827586 0.655172 0.181966 
0.310345 0.827586 0.655172 0.176463 
0.344828 0.827586 0.655172 0.181454 
0.37931 0.827586 0.655172 0.180532 
0.413793 0.827586 0.655172 0.176496 
0.448276 0.827586 0.655172 0.180881 
0.482759 0.827586 0.655172 0.176675 
0.517241 0.827586 0.655172 0.176153 
0.551724 0.827586 0.655172 0.180762 
0.586207 0.827586 0.655172 0.181738 
0.62069 0.827586 0.655172 0.180235 
0.655172 0.827586 0.655172 0.183072 
0.689655 0.827586 0.655172 0.175901 
0.724138 0.827586 0.655172 0.18834 
0.758621 0.827586 0.655172 0.179978 
0.793103 0.827586 0.655172 0.180378 
0.827586 0.827586 0.655172 0.182246 
0.862069 0.827586 0.655172 0.180195 
0.896552 0.827586 0.655172 0.169728 
0.931034 0.827586 0.655172 0.180559 
0.965517 0.827586 0.655172 0.190428 
1 0.827586 0.655172 0.183163 
0 0.862069 0.655172 0.177644 
0.0344828 0.862069 0.655172 0.178865 
0.0689655 0.862069 0.655172 0.183527 
0.103448 0.862069 0.655172 0.185923 
0.137931 0.862069 0.655172 0.176068 
0.172414 0.862069 0.655172 0.176857 
0.206897 0.862069 0.655172 0.180484 
0.241379 0.862069 0.655172 0.180578 
0.275862 0.862069 0.655172 0.178615 
0.310345 0.862069 0.655172 0.183116 
0.344828 0.862069 0.655172 0.175771 
0.37931 0.862069 0.655172 0.180131 
0.413793 0.862069 0.655172 0.178476 
0.448276 0.862069 0.655172 0.175946 
0.482759 0.862069 0.655172 0.176674 
0.517241 0.862069 0.655172 0.181092 
0.551724 0.862069 0.655172 0.178538 
0.586207 0.862069 0.655172 0.172442 
0.62069 0.862069 0.655172 0.182166 
0.655172 0.862069 0.655172 0.182499 
0.689655 0.862069 0.655172 0.181126 
0.724138 0.862069 0.655172 0.177514 
0.758621 0.862069 0.655172 0.180104 
0.793103 0.862069 0.655172 0.174991 
0.827586 0.862069 0.655172 0.182173 
0.862069 0.862069 0.655172 0.167148 
0.896552 0.862069 0.655172 0.173664 
0.931034 0.862069 0.655172 0.183488 
0.965517 0.862069 0.655172 0.177581 
1 0.862069 0.655172 0.17454 
0 0.896552 0.655172 0.179537 
0.0344828 0.896552 0.655172 0.180144 
0.0689655 0.896552 0.655172 0.175947 
0.103448 0.896552 0.655172 0.177092 
0.137931 0.896552 0.655172 0.178329 
0.172414 0.896552 0.655172 0.175793 
0.206897 0.896552 0.655172 0.183095 
0.241379 0.896552 0.655172 0.180935 
0.275862 0.896552 0.655172 0.179581 
0.310345 0.896552 0.655172 0.179254 
0.344828 0.896552 0.655172 0.180194 
0.37931 0.896552 0.655172 0.181322 
0.413793 0.896552 0.655172 0.180709 
0.448276 0.896552 0.655172 0.176026 
0.482759 0.896552 0.655172 0.175587 
0.517241 0.896552 0.655172 0.171439 
0.551724 0.896552 0.655172 0.182363 
0.586207 0.896552 0.655172 0.177421 
0.62069 0.896552 0.655172 0.177293 
0.655172 0.896552 0.655172 0.180479 
0.689655 0.896552 0.655172 0.180359 
0.724138 0.896552 0.655172 0.182032 
0.758621 0.896552 0.655172 0.179163 
0.793103 0.896552 0.655172 0.18286 
0.827586 0.896552 0.655172 0.181598 
0.862069 0.896552 0.655172 0.184344 
0.896552 0.896552 0.655172 0.173459 
0.931034 0.896552 0.655172 0.177771 
0.965517 0.896552 0.655172 0.185016 
1 0.896552 0.655172 0.179209 
0 0.931034 0.655172 0.181009 
0.0344828 0.931034 0.655172 0.178082 
0.0689655 0.931034 0.655172 0.181358 
0.103448 0.931034 0.655172 0.180486 
0.137931 0.931034 0.655172 0.179941 
0.172414 0.931034 0.655172 0.181669 
0.206897 0.931034 0.655172 0.178678 
0.241379 0.931034 0.655172 0.177072 
0.275862 0.931034 0.655172 0.177666 
0.310345 0.931034 0.655172 0.172685 
0.344828 0.931034 0.655172 0.177463 
0.37931 0.931034 0.655172 0.179026 
0.413793 0.931034 0.655172 0.179899 
0.448276 0.931034 0.655172 0.178905 
0.482759 0.931034 0.655172 0.178959 
0.517241 0.931034 0.655172 0.16935 
0.551724 0.931034 0.655172 0.183446 
0.586207 0.931034 0.655172 0.182119 
0.62069 0.931034 0.655172 0.181245 
0.655172 0.931034 0.655172 0.183265 
0.689655 0.931034 0.655172 0.180903 
0.724138 0.931034 0.655172 0.179992 
0.758621 0.931034 0.655172 0.176019 
0.793103 0.931034 0.655172 0.14478 
0.827586 0.931034 0.655172 0.179345 
0.862069 0.931034 0.655172 0.179664 
0.896552 0.931034 0.655172 0.171269 
0.931034 0.931034 0.655172 0.173659 
0.965517 0.931034 0.655172 0.176859 
1 0.931034 0.655172 0.17863 
0 0.965517 0.655172 0.175946 
0.0344828 0.965517 0.655172 0.176697 
0.0689655 0.965517 0.655172 0.176379 
0.103448 0.965517 0.655172 0.173119 
0.137931 0.965517 0.655172 0.177623 
0.172414 0.965517 0.655172 0.180169 
0.206897 0.965517 0.655172 0.177062 
0.241379 0.965517 0.655172 0.175182 
0.275862 0.965517 0.655172 0.176972 
0.310345 0.965517 0.655172 0.181713 
0.344828 0.965517 0.655172 0.169055 
0.37931 0.965517 0.655172 0.174395 
0.413793 0.965517 0.655172 0.163137 
0.448276 0.965517 0.655172 0.179574 
0.482759 0.965517 0.655172 0.17634 
0.517241 0.965517 0.655172 0.182083 
0.551724 0.965517 0.655172 0.183133 
0.586207 0.965517 0.655172 0.176904 
0.62069 0.965517 0.655172 0.175805 
0.655172 0.965517 0.655172 0.17946 
0.689655 0.965517 0.655172 0.179262 
0.724138 0.965517 0.655172 0.180473 
0.758621 0.965517 0.655172 0.176109 
0.793103 0.965517 0.655172 0.18332 
0.827586 0.965517 0.655172 0.177264 
0.862069 0.965517 0.655172 0.180072 
0.896552 0.965517 0.655172 0.173695 
0.931034 0.965517 0.655172 0.172984 
0.965517 0.965517 0.655172 0.17588 
1 0.965517 0.655172 0.179608 
0 1 0.655172 0.178968 
0.0344828 1 0.655172 0.177497 
0.0689655 1 0.655172 0.175322 
0.103448 1 0.655172 0.168863 
0.137931 1 0.655172 0.176344 
0.172414 1 0.655172 0.176378 
0.206897 1 0.655172 0.181364 
0.241379 1 0.655172 0.178178 
0.275862 1 0.655172 0.176854 
0.310345 1 0.655172 0.181142 
0.344828 1 0.655172 0.176271 
0.37931 1 0.655172 0.177585 
0.413793 1 0.655172 0.178906 
0.448276 1 0.655172 0.178577 
0.482759 1 0.655172 0.177928 
0.517241 1 0.655172 0.182336 
0.551724 1 0.655172 0.180114 
0.586207 1 0.655172 0.179671 
0.62069 1 0.655172 0.178272 
0.655172 1 0.655172 0.180508 
0.689655 1 0.655172 0.18143 
0.724138 1 0.655172 0.171856 
0.758621 1 0.655172 0.181288 
0.793103 1 0.655172 0.180494 
0.827586 1 0.655172 0.182417 
0.862069 1 0.655172 0.17971 
0.896552 1 0.655172 0.176688 
0.931034 1 0.655172 0.173268 
0.965517 1 0.655172 0.179687 
1 1 0.655172 0.175471 
0 0 0.689655 0.164483 
0.0344828 0 0.689655 0.164483 
0.0689655 0 0.689655 0.164483 
0.103448 0 0.689655 0.164483 
0.137931 0 0.689655 0.164483 
0.172414 0 0.689655 0.164483 
0.206897 0 0.689655 0.164483 
0.241379 0 0.689655 0.164483 
0.275862 0 0.689655 0.164483 
0.310345 0 0.689655 0.164483 
0.344828 0 0.689655 0.164483 
0.37931 0 0.689655 0.164483 
0.413793 0 0.689655 0.164483 
0.448276 0 0.689655 0.164483 
0.482759 0 0.689655 0.164483 
0.517241 0 0.689655 0.164483 
0.551724 0 0.689655 0.164483 
0.586207 0 0.689655 0.164483 
0.62069 0 0.689655 0.164483 
0.655172 0 0.689655 0.164483 
0.689655 0 0.689655 0.164483 
0.724138 0 0.689655 0.164483 
0.758621 0 0.689655 0.164483 
0.793103 0 0.689655 0.164483 
0.827586 0 0.689655 0.164483 
0.862069 0 0.689655 0.164483 
0.896552 0 0.689655 0.164483 
0.931034 0 0.689655 0.164483 
0.965517 0 0.689655 0.164483 
1 0 0.689655 0.164483 
0 0.0344828 0.689655 0.169196 
0.0344828 0.0344828 0.689655 0.169426 
0.0689655 0.0344828 0.689655 0.168583 
0.103448 0.0344828 0.689655 0.169443 
0.137931 0.0344828 0.689655 0.170238 
0.172414 0.0344828 0.689655 0.160662 
0.206897 0.0344828 0.689655 0.164319 
0.241379 0.0344828 0.689655 0.169205 
0.275862 0.0344828 0.689655 0.168704 
0.310345 0.0344828 0.689655 0.151354 
0.344828 0.0344828 0.689655 0.167692 
0.37931 0.0344828 0.689655 0.168179 
0.413793 0.0344828 0.689655 0.168721 
0.448276 0.0344828 0.689655 0.169671 
0.482759 0.0344828 0.689655 0.168612 
0.517241 0.0344828 0.689655 0.16942 
0.551724 0.0344828 0.689655 0.165006 
0.586207 0.0344828 0.689655 0.170522 
0.62069 0.0344828 0.689655 0.165088 
0.655172 0.0344828 0.689655 0.165791 
0.689655 0.0344828 0.689655 0.168087 
0.724138 0.0344828 0.689655 0.17106 
0.758621 0.0344828 0.689655 0.164637 
0.793103 0.0344828 0.689655 0.165657 
0.827586 0.0344828 0.689655 0.169632 
0.862069 0.0344828 0.689655 0.16952 
0.896552 0.0344828 0.689655 0.168831 
0.931034 0.0344828 0.689655 0.172409 
0.965517 0.0344828 0.689655 0.168755 
1 0.0344828 0.689655 0.16471 
0 0.0689655 0.689655 0.167573 
0.0344828 0.0689655 0.689655 0.170726 
0.0689655 0.0689655 0.689655 0.164468 
0.103448 0.0689655 0.689655 0.167297 
0.137931 0.0689655 0.689655 0.170934 
0.172414 0.0689655 0.689655 0.167722 
0.206897 0.0689655 0.689655 0.168272 
0.241379 0.0689655 0.689655 0.170429 
0.275862 0.0689655 0.689655 0.135875 
0.310345 0.0689655 0.689655 0.161181 
0.344828 0.0689655 0.689655 0.164147 
0.37931 0.0689655 0.689655 0.168726 
0.413793 0.0689655 0.689655 0.168006 
0.448276 0.0689655 0.689655 0.168488 
0.482759 0.0689655 0.689655 0.169039 
0.517241 0.0689655 0.689655 0.169654 
0.551724 0.0689655 0.689655 0.164621 
0.586207 0.0689655 0.689655 0.157172 
0.62069 0.0689655 0.689655 0.169276 
0.655172 0.0689655 0.689655 0.168425 
0.689655 0.0689655 0.689655 0.168829 
0.724138 0.0689655 0.689655 0.166891 
0.758621 0.0689655 0.689655 0.168111 
0.793103 0.0689655 0.689655 0.168475 
0.827586 0.0689655 0.689655 0.161 
0.862069 0.0689655 0.689655 0.165332 
0.896552 0.0689655 0.689655 0.167959 
0.931034 0.0689655 0.689655 0.170726 
0.965517 0.0689655 0.689655 0.168009 
1 0.0689655 0.689655 0.168401 
0 0.103448 0.689655 0.167368 
0.0344828 0.103448 0.689655 0.164598 
0.0689655 0.103448 0.689655 0.169519 
0.103448 0.103448 0.689655 0.168896 
0.137931 0.103448 0.689655 0.163035 
0.172414 0.103448 0.689655 0.168004 
0.206897 0.103448 0.689655 0.165845 
0.241379 0.103448 0.689655 0.156974 
0.275862 0.103448 0.689655 0.165311 
0.310345 0.103448 0.689655 0.16617 
0.344828 0.103448 0.689655 0.168767 
0.37931 0.103448 0.689655 0.167671 
0.413793 0.103448 0.689655 0.160673 
0.448276 0.103448 0.689655 0.166715 
0.482759 0.103448 0.689655 0.165757 
0.517241 0.103448 0.689655 0.16653 
0.551724 0.103448 0.689655 0.162363 
0.586207 0.103448 0.689655 0.164553 
0.62069 0.103448 0.689655 0.171646 
0.655172 0.103448 0.689655 0.152987 
0.689655 0.103448 0.689655 0.165685 
0.724138 0.103448 0.689655 0.169694 
0.758621 0.103448 0.689655 0.16909 
0.793103 0.103448 0.689655 0.16468 
0.827586 0.103448 0.689655 0.167077 
0.862069 0.103448 0.689655 0.168533 
0.896552 0.103448 0.689655 0.163112 
0.931034 0.103448 0.689655 0.168641 
0.965517 0.103448 0.689655 0.169041 
1 0.103448 0.689655 0.167477 
0 0.137931 0.689655 0.165826 
0.0344828 0.137931 0.689655 0.16778 
0.0689655 0.137931 0.689655 0.168965 
0.103448 0.137931 0.689655 0.167612 
0.137931 0.137931 0.689655 0.169697 
0.172414 0.137931 0.689655 0.166693 
0.206897 0.137931 0.689655 0.155384 
0.241379 0.137931 0.689655 0.168563 
0.275862 0.137931 0.689655 0.165743 
0.310345 0.137931 0.689655 0.164817 
0.344828 0.137931 0.689655 0.169684 
0.37931 0.137931 0.689655 0.167595 
0.413793 0.137931 0.689655 0.167853 
0.448276 0.137931 0.689655 0.165546 
0.482759 0.137931 0.689655 0.162501 
0.517241 0.137931 0.689655 0.165234 
0.551724 0.137931 0.689655 0.161539 
0.586207 0.137931 0.689655 0.157409 
0.62069 0.137931 0.689655 0.168448 
0.655172 0.137931 0.689655 0.167704 
0.689655 0.137931 0.689655 0.171615 
0.724138 0.137931 0.689655 0.157905 
0.758621 0.137931 0.689655 0.172058 
0.793103 0.137931 0.689655 0.164477 
0.827586 0.137931 0.689655 0.15339 
0.862069 0.137931 0.689655 0.164044 
0.896552 0.137931 0.689655 0.16492 
0.931034 0.137931 0.689655 0.162879 
0.965517 0.137931 0.689655 0.162498 
1 0.137931 0.689655 0.165546 
0 0.172414 0.689655 0.169053 
0.0344828 0.172414 0.689655 0.164099 
0.0689655 0.172414 0.689655 0.165785 
0.103448 0.172414 0.689655 0.164089 
0.137931 0.172414 0.689655 0.165861 
0.172414 0.172414 0.689655 0.160407 
0.206897 0.172414 0.689655 0.170468 
0.241379 0.172414 0.689655 0.165807 
0.275862 0.172414 0.689655 0.16699 
0.310345 0.172414 0.689655 0.168602 
0.344828 0.172414 0.689655 0.168717 
0.37931 0.172414 0.689655 0.161201 
0.413793 0.172414 0.689655 0.167279 
0.448276 0.172414 0.689655 0.166956 
0.482759 0.172414 0.689655 0.168876 
0.517241 0.172414 0.689655 0.165467 
0.551724 0.172414 0.689655 0.169401 
0.586207 0.172414 0.689655 0.152866 
0.62069 0.172414 0.689655 0.164616 
0.655172 0.172414 0.689655 0.167334 
0.689655 0.172414 0.689655 0.16954 
0.724138 0.172414 0.689655 0.166849 
0.758621 0.172414 0.689655 0.170625 
0.793103 0.172414 0.689655 0.170597 
0.827586 0.172414 0.689655 0.164921 
0.862069 0.172414 0.689655 0.167189 
0.896552 0.172414 0.689655 0.166308 
0.931034 0.172414 0.689655 0.161078 
0.965517 0.172414 0.689655 0.170621 
1 0.172414 0.689655 0.169399 
0 0.206897 0.689655 0.14359 
0.0344828 0.206897 0.689655 0.163867 
0.0689655 0.206897 0.689655 0.162847 
0.103448 0.206897 0.689655 0.168976 
0.137931 0.206897 0.689655 0.163655 
0.172414 0.206897 0.689655 0.167586 
0.206897 0.206897 0.689655 0.165891 
0.241379 0.206897 0.689655 0.165731 
0.275862 0.206897 0.689655 0.164898 
0.310345 0.206897 0.689655 0.160681 
0.344828 0.206897 0.689655 0.167807 
0.37931 0.206897 0.689655 0.169244 
0.413793 0.206897 0.689655 0.166166 
0.448276 0.206897 0.689655 0.170161 
0.482759 0.206897 0.689655 0.156495 
0.517241 0.206897 0.689655 0.163071 
0.551724 0.206897 0.689655 0.168344 
0.586207 0.206897 0.689655 0.171142 
0.62069 0.206897 0.689655 0.166764 
0.655172 0.206897 0.689655 0.167617 
0.689655 0.206897 0.689655 0.161745 
0.724138 0.206897 0.689655 0.167804 
0.758621 0.206897 0.689655 0.166617 
0.793103 0.206897 0.689655 0.167983 
0.827586 0.206897 0.689655 0.168206 
0.862069 0.206897 0.689655 0.162122 
0.896552 0.206897 0.689655 0.162261 
0.931034 0.206897 0.689655 0.168853 
0.965517 0.206897 0.689655 0.164186 
1 0.206897 0.689655 0.156493 
0 0.241379 0.689655 0.167427 
0.0344828 0.241379 0.689655 0.173517 
0.0689655 0.241379 0.689655 0.165829 
0.103448 0.241379 0.689655 0.168923 
0.137931 0.241379 0.689655 0.163696 
0.172414 0.241379 0.689655 0.169968 
0.206897 0.241379 0.689655 0.172046 
0.241379 0.241379 0.689655 0.166128 
0.275862 0.241379 0.689655 0.168536 
0.310345 0.241379 0.689655 0.161722 
0.344828 0.241379 0.689655 0.168108 
0.37931 0.241379 0.689655 0.169508 
0.413793 0.241379 0.689655 0.164955 
0.448276 0.241379 0.689655 0.162442 
0.482759 0.241379 0.689655 0.161235 
0.517241 0.241379 0.689655 0.161806 
0.551724 0.241379 0.689655 0.166732 
0.586207 0.241379 0.689655 0.170245 
0.62069 0.241379 0.689655 0.171895 
0.655172 0.241379 0.689655 0.159943 
0.689655 0.241379 0.689655 0.167681 
0.724138 0.241379 0.689655 0.169572 
0.758621 0.241379 0.689655 0.165949 
0.793103 0.241379 0.689655 0.166087 
0.827586 0.241379 0.689655 0.167982 
0.862069 0.241379 0.689655 0.163329 
0.896552 0.241379 0.689655 0.165429 
0.931034 0.241379 0.689655 0.164462 
0.965517 0.241379 0.689655 0.160387 
1 0.241379 0.689655 0.156778 
0 0.275862 0.689655 0.163697 
0.0344828 0.275862 0.689655 0.169073 
0.0689655 0.275862 0.689655 0.166463 
0.103448 0.275862 0.689655 0.165895 
0.137931 0.275862 0.689655 0.163735 
0.172414 0.275862 0.689655 0.157898 
0.206897 0.275862 0.689655 0.165633 
0.241379 0.275862 0.689655 0.159535 
0.275862 0.275862 0.689655 0.166296 
0.310345 0.275862 0.689655 0.168175 
0.344828 0.275862 0.689655 0.16389 
0.37931 0.275862 0.689655 0.169104 
0.413793 0.275862 0.689655 0.166817 
0.448276 0.275862 0.689655 0.168088 
0.482759 0.275862 0.689655 0.155822 
0.517241 0.275862 0.689655 0.165579 
0.551724 0.275862 0.689655 0.16308 
0.586207 0.275862 0.689655 0.150304 
0.62069 0.275862 0.689655 0.160651 
0.655172 0.275862 0.689655 0.163872 
0.689655 0.275862 0.689655 0.168112 
0.724138 0.275862 0.689655 0.162387 
0.758621 0.275862 0.689655 0.171213 
0.793103 0.275862 0.689655 0.16699 
0.827586 0.275862 0.689655 0.167776 
0.862069 0.275862 0.689655 0.171459 
0.896552 0.275862 0.689655 0.165973 
0.931034 0.275862 0.689655 0.164113 
0.965517 0.275862 0.689655 0.164623 
1 0.275862 0.689655 0.159378 
0 0.310345 0.689655 0.16349 
0.0344828 0.310345 0.689655 0.166908 
0.0689655 0.310345 0.689655 0.162926 
0.103448 0.310345 0.689655 0.162052 
0.137931 0.310345 0.689655 0.165177 
0.172414 0.310345 0.689655 0.162193 
0.206897 0.310345 0.689655 0.164527 
0.241379 0.310345 0.689655 0.155875 
0.275862 0.310345 0.689655 0.167704 
0.310345 0.310345 0.689655 0.167606 
0.344828 0.310345 0.689655 0.166916 
0.37931 0.310345 0.689655 0.140491 
0.413793 0.310345 0.689655 0.163226 
0.448276 0.310345 0.689655 0.164658 
0.482759 0.310345 0.689655 0.16766 
0.517241 0.310345 0.689655 0.165187 
0.551724 0.310345 0.689655 0.166033 
0.586207 0.310345 0.689655 0.166361 
0.62069 0.310345 0.689655 0.1651 
0.655172 0.310345 0.689655 0.169375 
0.689655 0.310345 0.689655 0.167128 
0.724138 0.310345 0.689655 0.166659 
0.758621 0.310345 0.689655 0.16311 
0.793103 0.310345 0.689655 0.161614 
0.827586 0.310345 0.689655 0.137055 
0.862069 0.310345 0.689655 0.16298 
0.896552 0.310345 0.689655 0.159861 
0.931034 0.310345 0.689655 0.166597 
0.965517 0.310345 0.689655 0.164049 
1 0.310345 0.689655 0.166251 
0 0.344828 0.689655 0.167273 
0.0344828 0.344828 0.689655 0.154368 
0.0689655 0.344828 0.689655 0.134511 
0.103448 0.344828 0.689655 0.147007 
0.137931 0.344828 0.689655 0.165893 
0.172414 0.344828 0.689655 0.164382 
0.206897 0.344828 0.689655 0.162353 
0.241379 0.344828 0.689655 0.167514 
0.275862 0.344828 0.689655 0.165632 
0.310345 0.344828 0.689655 0.167071 
0.344828 0.344828 0.689655 0.163653 
0.37931 0.344828 0.689655 0.163819 
0.413793 0.344828 0.689655 0.165755 
0.448276 0.344828 0.689655 0.167545 
0.482759 0.344828 0.689655 0.157142 
0.517241 0.344828 0.689655 0.166955 
0.551724 0.344828 0.689655 0.16209 
0.586207 0.344828 0.689655 0.16767 
0.62069 0.344828 0.689655 0.163969 
0.655172 0.344828 0.689655 0.164606 
0.689655 0.344828 0.689655 0.165969 
0.724138 0.344828 0.689655 0.167385 
0.758621 0.344828 0.689655 0.160264 
0.793103 0.344828 0.689655 0.164845 
0.827586 0.344828 0.689655 0.169121 
0.862069 0.344828 0.689655 0.170928 
0.896552 0.344828 0.689655 0.165114 
0.931034 0.344828 0.689655 0.150526 
0.965517 0.344828 0.689655 0.166505 
1 0.344828 0.689655 0.162222 
0 0.37931 0.689655 0.169259 
0.0344828 0.37931 0.689655 0.163397 
0.0689655 0.37931 0.689655 0.166433 
0.103448 0.37931 0.689655 0.162735 
0.137931 0.37931 0.689655 0.16928 
0.172414 0.37931 0.689655 0.166543 
0.206897 0.37931 0.689655 0.165992 
0.241379 0.37931 0.689655 0.165378 
0.275862 0.37931 0.689655 0.175203 
0.310345 0.37931 0.689655 0.162773 
0.344828 0.37931 0.689655 0.162899 
0.37931 0.37931 0.689655 0.162467 
0.413793 0.37931 0.689655 0.162326 
0.448276 0.37931 0.689655 0.166068 
0.482759 0.37931 0.689655 0.166356 
0.517241 0.37931 0.689655 0.149219 
0.551724 0.37931 0.689655 0.165566 
0.586207 0.37931 0.689655 0.168215 
0.62069 0.37931 0.689655 0.166139 
0.655172 0.37931 0.689655 0.163268 
0.689655 0.37931 0.689655 0.167713 
0.724138 0.37931 0.689655 0.161965 
0.758621 0.37931 0.689655 0.163632 
0.793103 0.37931 0.689655 0.167913 
0.827586 0.37931 0.689655 0.167505 
0.862069 0.37931 0.689655 0.164248 
0.896552 0.37931 0.689655 0.170007 
0.931034 0.37931 0.689655 0.165398 
0.965517 0.37931 0.689655 0.163393 
1 0.37931 0.689655 0.166866 
0 0.413793 0.689655 0.165749 
0.0344828 0.413793 0.689655 0.170567 
0.0689655 0.413793 0.689655 0.161958 
0.103448 0.413793 0.689655 0.166264 
0.137931 0.413793 0.689655 0.166923 
0.172414 0.413793 0.689655 0.168058 
0.206897 0.413793 0.689655 0.165482 
0.241379 0.413793 0.689655 0.165784 
0.275862 0.413793 0.689655 0.162024 
0.310345 0.413793 0.689655 0.166055 
0.344828 0.413793 0.689655 0.162478 
0.37931 0.413793 0.689655 0.166484 
0.413793 0.413793 0.689655 0.158855 
0.448276 0.413793 0.689655 0.167162 
0.482759 0.413793 0.689655 0.165403 
0.517241 0.413793 0.689655 0.165487 
0.551724 0.413793 0.689655 0.160933 
0.586207 0.413793 0.689655 0.160787 
0.62069 0.413793 0.689655 0.163551 
0.655172 0.413793 0.689655 0.163799 
0.689655 0.413793 0.689655 0.159263 
0.724138 0.413793 0.689655 0.163105 
0.758621 0.413793 0.689655 0.161662 
0.793103 0.413793 0.689655 0.167745 
0.827586 0.413793 0.689655 0.165682 
0.862069 0.413793 0.689655 0.160516 
0.896552 0.413793 0.689655 0.163379 
0.931034 0.413793 0.689655 0.164247 
0.965517 0.413793 0.689655 0.16473 
1 0.413793 0.689655 0.162883 
0 0.448276 0.689655 0.161595 
0.0344828 0.448276 0.689655 0.162222 
0.0689655 0.448276 0.689655 0.16212 
0.103448 0.448276 0.689655 0.165365 
0.137931 0.448276 0.689655 0.16018 
0.172414 0.448276 0.689655 0.165842 
0.206897 0.448276 0.689655 0.162156 
0.241379 0.448276 0.689655 0.155386 
0.275862 0.448276 0.689655 0.165821 
0.310345 0.448276 0.689655 0.162063 
0.344828 0.448276 0.689655 0.16723 
0.37931 0.448276 0.689655 0.169577 
0.413793 0.448276 0.689655 0.161934 
0.448276 0.448276 0.689655 0.162483 
0.482759 0.448276 0.689655 0.163973 
0.517241 0.448276 0.689655 0.169291 
0.551724 0.448276 0.689655 0.166886 
0.586207 0.448276 0.689655 0.163966 
0.62069 0.448276 0.689655 0.164949 
0.655172 0.448276 0.689655 0.162591 
0.689655 0.448276 0.689655 0.166254 
0.724138 0.448276 0.689655 0.166389 
0.758621 0.448276 0.689655 0.164093 
0.793103 0.448276 0.689655 0.159822 
0.827586 0.448276 0.689655 0.165727 
0.862069 0.448276 0.689655 0.164769 
0.896552 0.448276 0.689655 0.164409 
0.931034 0.448276 0.689655 0.164699 
0.965517 0.448276 0.689655 0.165869 
1 0.448276 0.689655 0.164636 
0 0.482759 0.689655 0.163229 
0.0344828 0.482759 0.689655 0.164447 
0.0689655 0.482759 0.689655 0.165052 
0.103448 0.482759 0.689655 0.165105 
0.137931 0.482759 0.689655 0.166675 
0.172414 0.482759 0.689655 0.166732 
0.206897 0.482759 0.689655 0.159078 
0.241379 0.482759 0.689655 0.167945 
0.275862 0.482759 0.689655 0.161131 
0.310345 0.482759 0.689655 0.162396 
0.344828 0.482759 0.689655 0.162217 
0.37931 0.482759 0.689655 0.162277 
0.413793 0.482759 0.689655 0.165052 
0.448276 0.482759 0.689655 0.161313 
0.482759 0.482759 0.689655 0.160663 
0.517241 0.482759 0.689655 0.150666 
0.551724 0.482759 0.689655 0.159362 
0.586207 0.482759 0.689655 0.16549 
0.62069 0.482759 0.689655 0.165278 
0.655172 0.482759 0.689655 0.161337 
0.689655 0.482759 0.689655 0.158171 
0.724138 0.482759 0.689655 0.165471 
0.758621 0.482759 0.689655 0.166089 
0.793103 0.482759 0.689655 0.154123 
0.827586 0.482759 0.689655 0.169475 
0.862069 0.482759 0.689655 0.168572 
0.896552 0.482759 0.689655 0.16438 
0.931034 0.482759 0.689655 0.159357 
0.965517 0.482759 0.689655 0.168555 
1 0.482759 0.689655 0.160594 
0 0.517241 0.689655 0.166648 
0.0344828 0.517241 0.689655 0.162213 
0.0689655 0.517241 0.689655 0.167774 
0.103448 0.517241 0.689655 0.16643 
0.137931 0.517241 0.689655 0.162431 
0.172414 0.517241 0.689655 0.160559 
0.206897 0.517241 0.689655 0.166602 
0.241379 0.517241 0.689655 0.16377 
0.275862 0.517241 0.689655 0.1652 
0.310345 0.517241 0.689655 0.155613 
0.344828 0.517241 0.689655 0.163858 
0.37931 0.517241 0.689655 0.167536 
0.413793 0.517241 0.689655 0.166972 
0.448276 0.517241 0.689655 0.164293 
0.482759 0.517241 0.689655 0.163788 
0.517241 0.517241 0.689655 0.166818 
0.551724 0.517241 0.689655 0.161622 
0.586207 0.517241 0.689655 0.164755 
0.62069 0.517241 0.689655 0.160597 
0.655172 0.517241 0.689655 0.166058 
0.689655 0.517241 0.689655 0.161432 
0.724138 0.517241 0.689655 0.161918 
0.758621 0.517241 0.689655 0.164854 
0.793103 0.517241 0.689655 0.149872 
0.827586 0.517241 0.689655 0.162181 
0.862069 0.517241 0.689655 0.165182 
0.896552 0.517241 0.689655 0.161622 
0.931034 0.517241 0.689655 0.168631 
0.965517 0.517241 0.689655 0.166801 
1 0.517241 0.689655 0.161514 
0 0.551724 0.689655 0.165284 
0.0344828 0.551724 0.689655 0.166773 
0.0689655 0.551724 0.689655 0.165069 
0.103448 0.551724 0.689655 0.164141 
0.137931 0.551724 0.689655 0.162784 
0.172414 0.551724 0.689655 0.15712 
0.206897 0.551724 0.689655 0.148896 
0.241379 0.551724 0.689655 0.163048 
0.275862 0.551724 0.689655 0.164343 
0.310345 0.551724 0.689655 0.168357 
0.344828 0.551724 0.689655 0.165115 
0.37931 0.551724 0.689655 0.166287 
0.413793 0.551724 0.689655 0.16536 
0.448276 0.551724 0.689655 0.166595 
0.482759 0.551724 0.689655 0.164834 
0.517241 0.551724 0.689655 0.16528 
0.551724 0.551724 0.689655 0.164073 
0.586207 0.551724 0.689655 0.162766 
0.62069 0.551724 0.689655 0.165248 
0.655172 0.551724 0.689655 0.165235 
0.689655 0.551724 0.689655 0.165864 
0.724138 0.551724 0.689655 0.162001 
0.758621 0.551724 0.689655 0.164843 
0.793103 0.551724 0.689655 0.164615 
0.827586 0.551724 0.689655 0.168368 
0.862069 0.551724 0.689655 0.161127 
0.896552 0.551724 0.689655 0.157799 
0.931034 0.551724 0.689655 0.165825 
0.965517 0.551724 0.689655 0.164868 
1 0.551724 0.689655 0.16572 
0 0.586207 0.689655 0.162294 
0.0344828 0.586207 0.689655 0.165831 
0.0689655 0.586207 0.689655 0.165426 
0.103448 0.586207 0.689655 0.160459 
0.137931 0.586207 0.689655 0.164212 
0.172414 0.586207 0.689655 0.163959 
0.206897 0.586207 0.689655 0.163699 
0.241379 0.586207 0.689655 0.154924 
0.275862 0.586207 0.689655 0.161302 
0.310345 0.586207 0.689655 0.160372 
0.344828 0.586207 0.689655 0.152484 
0.37931 0.586207 0.689655 0.165256 
0.413793 0.586207 0.689655 0.1645 
0.448276 0.586207 0.689655 0.158572 
0.482759 0.586207 0.689655 0.163553 
0.517241 0.586207 0.689655 0.165027 
0.551724 0.586207 0.689655 0.163615 
0.586207 0.586207 0.689655 0.16394 
0.62069 0.586207 0.689655 0.164697 
0.655172 0.586207 0.689655 0.168829 
0.689655 0.586207 0.689655 0.161233 
0.724138 0.586207 0.689655 0.165559 
0.758621 0.586207 0.689655 0.164214 
0.793103 0.586207 0.689655 0.165478 
0.827586 0.586207 0.689655 0.164989 
0.862069 0.586207 0.689655 0.16497 
0.896552 0.586207 0.689655 0.163156 
0.931034 0.586207 0.689655 0.164109 
0.965517 0.586207 0.689655 0.164577 
1 0.586207 0.689655 0.160794 
0 0.62069 0.689655 0.160493 
0.0344828 0.62069 0.689655 0.169217 
0.0689655 0.62069 0.689655 0.162242 
0.103448 0.62069 0.689655 0.160795 
0.137931 0.62069 0.689655 0.159877 
0.172414 0.62069 0.689655 0.161192 
0.206897 0.62069 0.689655 0.168518 
0.241379 0.62069 0.689655 0.16238 
0.275862 0.62069 0.689655 0.164353 
0.310345 0.62069 0.689655 0.162693 
0.344828 0.62069 0.689655 0.164256 
0.37931 0.62069 0.689655 0.161569 
0.413793 0.62069 0.689655 0.16437 
0.448276 0.62069 0.689655 0.152644 
0.482759 0.62069 0.689655 0.168212 
0.517241 0.62069 0.689655 0.160961 
0.551724 0.62069 0.689655 0.163308 
0.586207 0.62069 0.689655 0.161077 
0.62069 0.62069 0.689655 0.16617 
0.655172 0.62069 0.689655 0.158031 
0.689655 0.62069 0.689655 0.163963 
0.724138 0.62069 0.689655 0.159467 
0.758621 0.62069 0.689655 0.169042 
0.793103 0.62069 0.689655 0.161463 
0.827586 0.62069 0.689655 0.160092 
0.862069 0.62069 0.689655 0.164961 
0.896552 0.62069 0.689655 0.16418 
0.931034 0.62069 0.689655 0.164032 
0.965517 0.62069 0.689655 0.161073 
1 0.62069 0.689655 0.162461 
0 0.655172 0.689655 0.165448 
0.0344828 0.655172 0.689655 0.168564 
0.0689655 0.655172 0.689655 0.168716 
0.103448 0.655172 0.689655 0.16461 
0.137931 0.655172 0.689655 0.162648 
0.172414 0.655172 0.689655 0.158082 
0.206897 0.655172 0.689655 0.164005 
0.241379 0.655172 0.689655 0.167725 
0.275862 0.655172 0.689655 0.170411 
0.310345 0.655172 0.689655 0.164936 
0.344828 0.655172 0.689655 0.164517 
0.37931 0.655172 0.689655 0.163969 
0.413793 0.655172 0.689655 0.160012 
0.448276 0.655172 0.689655 0.16039 
0.482759 0.655172 0.689655 0.164548 
0.517241 0.655172 0.689655 0.163918 
0.551724 0.655172 0.689655 0.165005 
0.586207 0.655172 0.689655 0.152318 
0.62069 0.655172 0.689655 0.161156 
0.655172 0.655172 0.689655 0.164667 
0.689655 0.655172 0.689655 0.164648 
0.724138 0.655172 0.689655 0.163384 
0.758621 0.655172 0.689655 0.164175 
0.793103 0.655172 0.689655 0.163514 
0.827586 0.655172 0.689655 0.167658 
0.862069 0.655172 0.689655 0.163135 
0.896552 0.655172 0.689655 0.159917 
0.931034 0.655172 0.689655 0.16466 
0.965517 0.655172 0.689655 0.157458 
1 0.655172 0.689655 0.164216 
0 0.689655 0.689655 0.168048 
0.0344828 0.689655 0.689655 0.16025 
0.0689655 0.689655 0.689655 0.161772 
0.103448 0.689655 0.689655 0.163942 
0.137931 0.689655 0.689655 0.164159 
0.172414 0.689655 0.689655 0.16393 
0.206897 0.689655 0.689655 0.161255 
0.241379 0.689655 0.689655 0.164622 
0.275862 0.689655 0.689655 0.166399 
0.310345 0.689655 0.689655 0.161047 
0.344828 0.689655 0.689655 0.162029 
0.37931 0.689655 0.689655 0.164221 
0.413793 0.689655 0.689655 0.160316 
0.448276 0.689655 0.689655 0.152241 
0.482759 0.689655 0.689655 0.160808 
0.517241 0.689655 0.689655 0.164365 
0.551724 0.689655 0.689655 0.163286 
0.586207 0.689655 0.689655 0.163695 
0.62069 0.689655 0.689655 0.162174 
0.655172 0.689655 0.689655 0.163406 
0.689655 0.689655 0.689655 0.153017 
0.724138 0.689655 0.689655 0.164642 
0.758621 0.689655 0.689655 0.163814 
0.793103 0.689655 0.689655 0.164473 
0.827586 0.689655 0.689655 0.163803 
0.862069 0.689655 0.689655 0.159164 
0.896552 0.689655 0.689655 0.153188 
0.931034 0.689655 0.689655 0.168489 
0.965517 0.689655 0.689655 0.163728 
1 0.689655 0.689655 0.164588 
0 0.724138 0.689655 0.159099 
0.0344828 0.724138 0.689655 0.164562 
0.0689655 0.724138 0.689655 0.152798 
0.103448 0.724138 0.689655 0.16171 
0.137931 0.724138 0.689655 0.162809 
0.172414 0.724138 0.689655 0.16303 
0.206897 0.724138 0.689655 0.166065 
0.241379 0.724138 0.689655 0.159519 
0.275862 0.724138 0.689655 0.163185 
0.310345 0.724138 0.689655 0.158537 
0.344828 0.724138 0.689655 0.160914 
0.37931 0.724138 0.689655 0.163989 
0.413793 0.724138 0.689655 0.162553 
0.448276 0.724138 0.689655 0.16015 
0.482759 0.724138 0.689655 0.163498 
0.517241 0.724138 0.689655 0.16247 
0.551724 0.724138 0.689655 0.154871 
0.586207 0.724138 0.689655 0.155802 
0.62069 0.724138 0.689655 0.163168 
0.655172 0.724138 0.689655 0.16218 
0.689655 0.724138 0.689655 0.158472 
0.724138 0.724138 0.689655 0.168192 
0.758621 0.724138 0.689655 0.163777 
0.793103 0.724138 0.689655 0.164492 
0.827586 0.724138 0.689655 0.158952 
0.862069 0.724138 0.689655 0.160812 
0.896552 0.724138 0.689655 0.162806 
0.931034 0.724138 0.689655 0.160764 
0.965517 0.724138 0.689655 0.166553 
1 0.724138 0.689655 0.163107 
0 0.758621 0.689655 0.165517 
0.0344828 0.758621 0.689655 0.163408 
0.0689655 0.758621 0.689655 0.155606 
0.103448 0.758621 0.689655 0.155686 
0.137931 0.758621 0.689655 0.164149 
0.172414 0.758621 0.689655 0.159751 
0.206897 0.758621 0.689655 0.162927 
0.241379 0.758621 0.689655 0.16178 
0.275862 0.758621 0.689655 0.163359 
0.310345 0.758621 0.689655 0.16237 
0.344828 0.758621 0.689655 0.159724 
0.37931 0.758621 0.689655 0.148987 
0.413793 0.758621 0.689655 0.155498 
0.448276 0.758621 0.689655 0.159896 
0.482759 0.758621 0.689655 0.161422 
0.517241 0.758621 0.689655 0.162954 
0.551724 0.758621 0.689655 0.166124 
0.586207 0.758621 0.689655 0.156824 
0.62069 0.758621 0.689655 0.163726 
0.655172 0.758621 0.689655 0.164371 
0.689655 0.758621 0.689655 0.164225 
0.724138 0.758621 0.689655 0.150539 
0.758621 0.758621 0.689655 0.162542 
0.793103 0.758621 0.689655 0.1636 
0.827586 0.758621 0.689655 0.155274 
0.862069 0.758621 0.689655 0.164651 
0.896552 0.758621 0.689655 0.163397 
0.931034 0.758621 0.689655 0.163805 
0.965517 0.758621 0.689655 0.134808 
1 0.758621 0.689655 0.164193 
0 0.793103 0.689655 0.166544 
0.0344828 0.793103 0.689655 0.163199 
0.0689655 0.793103 0.689655 0.154542 
0.103448 0.793103 0.689655 0.162984 
0.137931 0.793103 0.689655 0.162487 
0.172414 0.793103 0.689655 0.160273 
0.206897 0.793103 0.689655 0.159818 
0.241379 0.793103 0.689655 0.163543 
0.275862 0.793103 0.689655 0.155772 
0.310345 0.793103 0.689655 0.164285 
0.344828 0.793103 0.689655 0.157887 
0.37931 0.793103 0.689655 0.150212 
0.413793 0.793103 0.689655 0.162879 
0.448276 0.793103 0.689655 0.161993 
0.482759 0.793103 0.689655 0.16245 
0.517241 0.793103 0.689655 0.160578 
0.551724 0.793103 0.689655 0.162102 
0.586207 0.793103 0.689655 0.16359 
0.62069 0.793103 0.689655 0.163127 
0.655172 0.793103 0.689655 0.161839 
0.689655 0.793103 0.689655 0.163004 
0.724138 0.793103 0.689655 0.164654 
0.758621 0.793103 0.689655 0.16092 
0.793103 0.793103 0.689655 0.160772 
0.827586 0.793103 0.689655 0.157948 
0.862069 0.793103 0.689655 0.156766 
0.896552 0.793103 0.689655 0.161008 
0.931034 0.793103 0.689655 0.15569 
0.965517 0.793103 0.689655 0.16455 
1 0.793103 0.689655 0.163019 
0 0.827586 0.689655 0.15886 
0.0344828 0.827586 0.689655 0.163563 
0.0689655 0.827586 0.689655 0.162593 
0.103448 0.827586 0.689655 0.161899 
0.137931 0.827586 0.689655 0.162901 
0.172414 0.827586 0.689655 0.163119 
0.206897 0.827586 0.689655 0.157012 
0.241379 0.827586 0.689655 0.159537 
0.275862 0.827586 0.689655 0.163492 
0.310345 0.827586 0.689655 0.158391 
0.344828 0.827586 0.689655 0.165006 
0.37931 0.827586 0.689655 0.155158 
0.413793 0.827586 0.689655 0.160053 
0.448276 0.827586 0.689655 0.162853 
0.482759 0.827586 0.689655 0.163501 
0.517241 0.827586 0.689655 0.162808 
0.551724 0.827586 0.689655 0.167478 
0.586207 0.827586 0.689655 0.163675 
0.62069 0.827586 0.689655 0.166348 
0.655172 0.827586 0.689655 0.164759 
0.689655 0.827586 0.689655 0.13799 
0.724138 0.827586 0.689655 0.167326 
0.758621 0.827586 0.689655 0.161176 
0.793103 0.827586 0.689655 0.159668 
0.827586 0.827586 0.689655 0.162307 
0.862069 0.827586 0.689655 0.162609 
0.896552 0.827586 0.689655 0.164368 
0.931034 0.827586 0.689655 0.16318 
0.965517 0.827586 0.689655 0.170187 
1 0.827586 0.689655 0.16208 
0 0.862069 0.689655 0.159013 
0.0344828 0.862069 0.689655 0.163724 
0.0689655 0.862069 0.689655 0.16058 
0.103448 0.862069 0.689655 0.165591 
0.137931 0.862069 0.689655 0.158748 
0.172414 0.862069 0.689655 0.156346 
0.206897 0.862069 0.689655 0.162418 
0.241379 0.862069 0.689655 0.165256 
0.275862 0.862069 0.689655 0.165216 
0.310345 0.862069 0.689655 0.158624 
0.344828 0.862069 0.689655 0.162213 
0.37931 0.862069 0.689655 0.155449 
0.413793 0.862069 0.689655 0.132746 
0.448276 0.862069 0.689655 0.155669 
0.482759 0.862069 0.689655 0.16206 
0.517241 0.862069 0.689655 0.163256 
0.551724 0.862069 0.689655 0.160747 
0.586207 0.862069 0.689655 0.160247 
0.62069 0.862069 0.689655 0.157878 
0.655172 0.862069 0.689655 0.165455 
0.689655 0.862069 0.689655 0.16327 
0.724138 0.862069 0.689655 0.156048 
0.758621 0.862069 0.689655 0.16205 
0.793103 0.862069 0.689655 0.159027 
0.827586 0.862069 0.689655 0.156114 
0.862069 0.862069 0.689655 0.151588 
0.896552 0.862069 0.689655 0.164831 
0.931034 0.862069 0.689655 0.165309 
0.965517 0.862069 0.689655 0.159674 
1 0.862069 0.689655 0.158308 
0 0.896552 0.689655 0.161856 
0.0344828 0.896552 0.689655 0.158072 
0.0689655 0.896552 0.689655 0.167043 
0.103448 0.896552 0.689655 0.162856 
0.137931 0.896552 0.689655 0.166425 
0.172414 0.896552 0.689655 0.159922 
0.206897 0.896552 0.689655 0.165589 
0.241379 0.896552 0.689655 0.162913 
0.275862 0.896552 0.689655 0.162576 
0.310345 0.896552 0.689655 0.163012 
0.344828 0.896552 0.689655 0.161767 
0.37931 0.896552 0.689655 0.158896 
0.413793 0.896552 0.689655 0.162606 
0.448276 0.896552 0.689655 0.160761 
0.482759 0.896552 0.689655 0.158504 
0.517241 0.896552 0.689655 0.157741 
0.551724 0.896552 0.689655 0.163587 
0.586207 0.896552 0.689655 0.158756 
0.62069 0.896552 0.689655 0.15731 
0.655172 0.896552 0.689655 0.156621 
0.689655 0.896552 0.689655 0.162577 
0.724138 0.896552 0.689655 0.162387 
0.758621 0.896552 0.689655 0.162727 
0.793103 0.896552 0.689655 0.159534 
0.827586 0.896552 0.689655 0.163095 
0.862069 0.896552 0.689655 0.162712 
0.896552 0.896552 0.689655 0.164823 
0.931034 0.896552 0.689655 0.161479 
0.965517 0.896552 0.689655 0.162922 
1 0.896552 0.689655 0.160813 
0 0.931034 0.689655 0.163064 
0.0344828 0.931034 0.689655 0.158815 
0.0689655 0.931034 0.689655 0.162754 
0.103448 0.931034 0.689655 0.158406 
0.137931 0.931034 0.689655 0.158923 
0.172414 0.931034 0.689655 0.161231 
0.206897 0.931034 0.689655 0.160587 
0.241379 0.931034 0.689655 0.159143 
0.275862 0.931034 0.689655 0.165752 
0.310345 0.931034 0.689655 0.160421 
0.344828 0.931034 0.689655 0.158225 
0.37931 0.931034 0.689655 0.162566 
0.413793 0.931034 0.689655 0.162766 
0.448276 0.931034 0.689655 0.158919 
0.482759 0.931034 0.689655 0.158115 
0.517241 0.931034 0.689655 0.164555 
0.551724 0.931034 0.689655 0.165957 
0.586207 0.931034 0.689655 0.16033 
0.62069 0.931034 0.689655 0.161031 
0.655172 0.931034 0.689655 0.161108 
0.689655 0.931034 0.689655 0.163591 
0.724138 0.931034 0.689655 0.160025 
0.758621 0.931034 0.689655 0.158423 
0.793103 0.931034 0.689655 0.132938 
0.827586 0.931034 0.689655 0.162695 
0.862069 0.931034 0.689655 0.162194 
0.896552 0.931034 0.689655 0.157939 
0.931034 0.931034 0.689655 0.156495 
0.965517 0.931034 0.689655 0.162154 
1 0.931034 0.689655 0.162608 
0 0.965517 0.689655 0.163938 
0.0344828 0.965517 0.689655 0.161449 
0.0689655 0.965517 0.689655 0.158255 
0.103448 0.965517 0.689655 0.158299 
0.137931 0.965517 0.689655 0.15844 
0.172414 0.965517 0.689655 0.160094 
0.206897 0.965517 0.689655 0.159166 
0.241379 0.965517 0.689655 0.156164 
0.275862 0.965517 0.689655 0.16273 
0.310345 0.965517 0.689655 0.161606 
0.344828 0.965517 0.689655 0.160946 
0.37931 0.965517 0.689655 0.155362 
0.413793 0.965517 0.689655 0.131023 
0.448276 0.965517 0.689655 0.161072 
0.482759 0.965517 0.689655 0.162054 
0.517241 0.965517 0.689655 0.162029 
0.551724 0.965517 0.689655 0.162321 
0.586207 0.965517 0.689655 0.161395 
0.62069 0.965517 0.689655 0.161869 
0.655172 0.965517 0.689655 0.163219 
0.689655 0.965517 0.689655 0.162204 
0.724138 0.965517 0.689655 0.16249 
0.758621 0.965517 0.689655 0.155651 
0.793103 0.965517 0.689655 0.159452 
0.827586 0.965517 0.689655 0.162238 
0.862069 0.965517 0.689655 0.16396 
0.896552 0.965517 0.689655 0.160181 
0.931034 0.965517 0.689655 0.154442 
0.965517 0.965517 0.689655 0.161828 
1 0.965517 0.689655 0.162549 
0 1 0.689655 0.158595 
0.0344828 1 0.689655 0.16195 
0.0689655 1 0.689655 0.152179 
0.103448 1 0.689655 0.153415 
0.137931 1 0.689655 0.157454 
0.172414 1 0.689655 0.164075 
0.206897 1 0.689655 0.161214 
0.241379 1 0.689655 0.161193 
0.275862 1 0.689655 0.162523 
0.310345 1 0.689655 0.16176 
0.344828 1 0.689655 0.158237 
0.37931 1 0.689655 0.162622 
0.413793 1 0.689655 0.157882 
0.448276 1 0.689655 0.162395 
0.482759 1 0.689655 0.157607 
0.517241 1 0.689655 0.162119 
0.551724 1 0.689655 0.162873 
0.586207 1 0.689655 0.161749 
0.62069 1 0.689655 0.153666 
0.655172 1 0.689655 0.15675 
0.689655 1 0.689655 0.165032 
0.724138 1 0.689655 0.159996 
0.758621 1 0.689655 0.159682 
0.793103 1 0.689655 0.148991 
0.827586 1 0.689655 0.162148 
0.862069 1 0.689655 0.162841 
0.896552 1 0.689655 0.159535 
0.931034 1 0.689655 0.162128 
0.965517 1 0.689655 0.159442 
1 1 0.689655 0.159587 
0 0 0.724138 0.150283 
0.0344828 0 0.724138 0.150283 
0.0689655 0 0.724138 0.150283 
0.103448 0 0.724138 0.150283 
0.137931 0 0.724138 0.150283 
0.172414 0 0.724138 0.150283 
0.206897 0 0.724138 0.150283 
0.241379 0 0.724138 0.150283 
0.275862 0 0.724138 0.150283 
0.310345 0 0.724138 0.150283 
0.344828 0 0.724138 0.150283 
0.37931 0 0.724138 0.150283 
0.413793 0 0.724138 0.150283 
0.448276 0 0.724138 0.150283 
0.482759 0 0.724138 0.150283 
0.517241 0 0.724138 0.150283 
0.551724 0 0.724138 0.150283 
0.586207 0 0.724138 0.150283 
0.62069 0 0.724138 0.150283 
0.655172 0 0.724138 0.150283 
0.689655 0 0.724138 0.150283 
0.724138 0 0.724138 0.150283 
0.758621 0 0.724138 0.150283 
0.793103 0 0.724138 0.150283 
0.827586 0 0.724138 0.150283 
0.862069 0 0.724138 0.150283 
0.896552 0 0.724138 0.150283 
0.931034 0 0.724138 0.150283 
0.965517 0 0.724138 0.150283 
1 0 0.724138 0.150283 
0 0.0344828 0.724138 0.155036 
0.0344828 0.0344828 0.724138 0.15091 
0.0689655 0.0344828 0.724138 0.148314 
0.103448 0.0344828 0.724138 0.150312 
0.137931 0.0344828 0.724138 0.152155 
0.172414 0.0344828 0.724138 0.150514 
0.206897 0.0344828 0.724138 0.152195 
0.241379 0.0344828 0.724138 0.152905 
0.275862 0.0344828 0.724138 0.149059 
0.310345 0.0344828 0.724138 0.147929 
0.344828 0.0344828 0.724138 0.149984 
0.37931 0.0344828 0.724138 0.151115 
0.413793 0.0344828 0.724138 0.148931 
0.448276 0.0344828 0.724138 0.148133 
0.482759 0.0344828 0.724138 0.148985 
0.517241 0.0344828 0.724138 0.150754 
0.551724 0.0344828 0.724138 0.140048 
0.586207 0.0344828 0.724138 0.153515 
0.62069 0.0344828 0.724138 0.152053 
0.655172 0.0344828 0.724138 0.14991 
0.689655 0.0344828 0.724138 0.157556 
0.724138 0.0344828 0.724138 0.144802 
0.758621 0.0344828 0.724138 0.150306 
0.793103 0.0344828 0.724138 0.154744 
0.827586 0.0344828 0.724138 0.147924 
0.862069 0.0344828 0.724138 0.149449 
0.896552 0.0344828 0.724138 0.153777 
0.931034 0.0344828 0.724138 0.144698 
0.965517 0.0344828 0.724138 0.150305 
1 0.0344828 0.724138 0.151031 
0 0.0689655 0.724138 0.147947 
0.0344828 0.0689655 0.724138 0.152899 
0.0689655 0.0689655 0.724138 0.152908 
0.103448 0.0689655 0.724138 0.139263 
0.137931 0.0689655 0.724138 0.149882 
0.172414 0.0689655 0.724138 0.145754 
0.206897 0.0689655 0.724138 0.147627 
0.241379 0.0689655 0.724138 0.153423 
0.275862 0.0689655 0.724138 0.144082 
0.310345 0.0689655 0.724138 0.150699 
0.344828 0.0689655 0.724138 0.151422 
0.37931 0.0689655 0.724138 0.152675 
0.413793 0.0689655 0.724138 0.153002 
0.448276 0.0689655 0.724138 0.15368 
0.482759 0.0689655 0.724138 0.155772 
0.517241 0.0689655 0.724138 0.152335 
0.551724 0.0689655 0.724138 0.150859 
0.586207 0.0689655 0.724138 0.151654 
0.62069 0.0689655 0.724138 0.152655 
0.655172 0.0689655 0.724138 0.151607 
0.689655 0.0689655 0.724138 0.151668 
0.724138 0.0689655 0.724138 0.149074 
0.758621 0.0689655 0.724138 0.151692 
0.793103 0.0689655 0.724138 0.151433 
0.827586 0.0689655 0.724138 0.149057 
0.862069 0.0689655 0.724138 0.15187 
0.896552 0.0689655 0.724138 0.150288 
0.931034 0.0689655 0.724138 0.149356 
0.965517 0.0689655 0.724138 0.151482 
1 0.0689655 0.724138 0.155677 
0 0.103448 0.724138 0.152348 
0.0344828 0.103448 0.724138 0.152387 
0.0689655 0.103448 0.724138 0.152403 
0.103448 0.103448 0.724138 0.14853 
0.137931 0.103448 0.724138 0.148929 
0.172414 0.103448 0.724138 0.147456 
0.206897 0.103448 0.724138 0.143571 
0.241379 0.103448 0.724138 0.147282 
0.275862 0.103448 0.724138 0.150669 
0.310345 0.103448 0.724138 0.151883 
0.344828 0.103448 0.724138 0.152124 
0.37931 0.103448 0.724138 0.15175 
0.413793 0.103448 0.724138 0.148403 
0.448276 0.103448 0.724138 0.148961 
0.482759 0.103448 0.724138 0.15158 
0.517241 0.103448 0.724138 0.1491 
0.551724 0.103448 0.724138 0.152627 
0.586207 0.103448 0.724138 0.152174 
0.62069 0.103448 0.724138 0.14941 
0.655172 0.103448 0.724138 0.148949 
0.689655 0.103448 0.724138 0.149907 
0.724138 0.103448 0.724138 0.152019 
0.758621 0.103448 0.724138 0.151894 
0.793103 0.103448 0.724138 0.149584 
0.827586 0.103448 0.724138 0.148942 
0.862069 0.103448 0.724138 0.148541 
0.896552 0.103448 0.724138 0.145095 
0.931034 0.103448 0.724138 0.151489 
0.965517 0.103448 0.724138 0.151127 
1 0.103448 0.724138 0.151928 
0 0.137931 0.724138 0.151686 
0.0344828 0.137931 0.724138 0.152026 
0.0689655 0.137931 0.724138 0.152136 
0.103448 0.137931 0.724138 0.150977 
0.137931 0.137931 0.724138 0.152264 
0.172414 0.137931 0.724138 0.150874 
0.206897 0.137931 0.724138 0.152757 
0.241379 0.137931 0.724138 0.150501 
0.275862 0.137931 0.724138 0.151944 
0.310345 0.137931 0.724138 0.151577 
0.344828 0.137931 0.724138 0.151279 
0.37931 0.137931 0.724138 0.150977 
0.413793 0.137931 0.724138 0.151273 
0.448276 0.137931 0.724138 0.152028 
0.482759 0.137931 0.724138 0.151833 
0.517241 0.137931 0.724138 0.151105 
0.551724 0.137931 0.724138 0.147667 
0.586207 0.137931 0.724138 0.151442 
0.62069 0.137931 0.724138 0.149814 
0.655172 0.137931 0.724138 0.151804 
0.689655 0.137931 0.724138 0.154218 
0.724138 0.137931 0.724138 0.151355 
0.758621 0.137931 0.724138 0.149349 
0.793103 0.137931 0.724138 0.148116 
0.827586 0.137931 0.724138 0.150658 
0.862069 0.137931 0.724138 0.150878 
0.896552 0.137931 0.724138 0.152307 
0.931034 0.137931 0.724138 0.147777 
0.965517 0.137931 0.724138 0.156456 
1 0.137931 0.724138 0.150787 
0 0.172414 0.724138 0.150712 
0.0344828 0.172414 0.724138 0.148027 
0.0689655 0.172414 0.724138 0.15153 
0.103448 0.172414 0.724138 0.151416 
0.137931 0.172414 0.724138 0.152672 
0.172414 0.172414 0.724138 0.148423 
0.206897 0.172414 0.724138 0.148976 
0.241379 0.172414 0.724138 0.15224 
0.275862 0.172414 0.724138 0.151442 
0.310345 0.172414 0.724138 0.148628 
0.344828 0.172414 0.724138 0.147317 
0.37931 0.172414 0.724138 0.138542 
0.413793 0.172414 0.724138 0.151794 
0.448276 0.172414 0.724138 0.146973 
0.482759 0.172414 0.724138 0.151237 
0.517241 0.172414 0.724138 0.151982 
0.551724 0.172414 0.724138 0.152475 
0.586207 0.172414 0.724138 0.133963 
0.62069 0.172414 0.724138 0.148247 
0.655172 0.172414 0.724138 0.148161 
0.689655 0.172414 0.724138 0.15174 
0.724138 0.172414 0.724138 0.149017 
0.758621 0.172414 0.724138 0.151438 
0.793103 0.172414 0.724138 0.147683 
0.827586 0.172414 0.724138 0.149352 
0.862069 0.172414 0.724138 0.151826 
0.896552 0.172414 0.724138 0.150725 
0.931034 0.172414 0.724138 0.144632 
0.965517 0.172414 0.724138 0.151269 
1 0.172414 0.724138 0.148379 
0 0.206897 0.724138 0.127295 
0.0344828 0.206897 0.724138 0.149773 
0.0689655 0.206897 0.724138 0.151721 
0.103448 0.206897 0.724138 0.150436 
0.137931 0.206897 0.724138 0.146088 
0.172414 0.206897 0.724138 0.150805 
0.206897 0.206897 0.724138 0.15193 
0.241379 0.206897 0.724138 0.15031 
0.275862 0.206897 0.724138 0.144875 
0.310345 0.206897 0.724138 0.152999 
0.344828 0.206897 0.724138 0.151354 
0.37931 0.206897 0.724138 0.151944 
0.413793 0.206897 0.724138 0.147088 
0.448276 0.206897 0.724138 0.151182 
0.482759 0.206897 0.724138 0.148754 
0.517241 0.206897 0.724138 0.144184 
0.551724 0.206897 0.724138 0.151363 
0.586207 0.206897 0.724138 0.149389 
0.62069 0.206897 0.724138 0.151897 
0.655172 0.206897 0.724138 0.15085 
0.689655 0.206897 0.724138 0.14338 
0.724138 0.206897 0.724138 0.151878 
0.758621 0.206897 0.724138 0.149787 
0.793103 0.206897 0.724138 0.15045 
0.827586 0.206897 0.724138 0.150937 
0.862069 0.206897 0.724138 0.147664 
0.896552 0.206897 0.724138 0.14657 
0.931034 0.206897 0.724138 0.150679 
0.965517 0.206897 0.724138 0.152336 
1 0.206897 0.724138 0.15223 
0 0.241379 0.724138 0.151745 
0.0344828 0.241379 0.724138 0.152856 
0.0689655 0.241379 0.724138 0.149484 
0.103448 0.241379 0.724138 0.148641 
0.137931 0.241379 0.724138 0.149147 
0.172414 0.241379 0.724138 0.149048 
0.206897 0.241379 0.724138 0.148871 
0.241379 0.241379 0.724138 0.150807 
0.275862 0.241379 0.724138 0.149313 
0.310345 0.241379 0.724138 0.145357 
0.344828 0.241379 0.724138 0.148257 
0.37931 0.241379 0.724138 0.151052 
0.413793 0.241379 0.724138 0.150906 
0.448276 0.241379 0.724138 0.146942 
0.482759 0.241379 0.724138 0.147246 
0.517241 0.241379 0.724138 0.149532 
0.551724 0.241379 0.724138 0.149609 
0.586207 0.241379 0.724138 0.147602 
0.62069 0.241379 0.724138 0.149663 
0.655172 0.241379 0.724138 0.138951 
0.689655 0.241379 0.724138 0.147242 
0.724138 0.241379 0.724138 0.149784 
0.758621 0.241379 0.724138 0.147736 
0.793103 0.241379 0.724138 0.149574 
0.827586 0.241379 0.724138 0.148069 
0.862069 0.241379 0.724138 0.150851 
0.896552 0.241379 0.724138 0.154113 
0.931034 0.241379 0.724138 0.147483 
0.965517 0.241379 0.724138 0.148616 
1 0.241379 0.724138 0.148364 
0 0.275862 0.724138 0.148927 
0.0344828 0.275862 0.724138 0.150875 
0.0689655 0.275862 0.724138 0.150979 
0.103448 0.275862 0.724138 0.150763 
0.137931 0.275862 0.724138 0.1464 
0.172414 0.275862 0.724138 0.139922 
0.206897 0.275862 0.724138 0.148365 
0.241379 0.275862 0.724138 0.146503 
0.275862 0.275862 0.724138 0.148783 
0.310345 0.275862 0.724138 0.150614 
0.344828 0.275862 0.724138 0.146637 
0.37931 0.275862 0.724138 0.152502 
0.413793 0.275862 0.724138 0.15068 
0.448276 0.275862 0.724138 0.149101 
0.482759 0.275862 0.724138 0.14154 
0.517241 0.275862 0.724138 0.151295 
0.551724 0.275862 0.724138 0.147763 
0.586207 0.275862 0.724138 0.156296 
0.62069 0.275862 0.724138 0.143457 
0.655172 0.275862 0.724138 0.152043 
0.689655 0.275862 0.724138 0.150167 
0.724138 0.275862 0.724138 0.143075 
0.758621 0.275862 0.724138 0.156331 
0.793103 0.275862 0.724138 0.151144 
0.827586 0.275862 0.724138 0.143919 
0.862069 0.275862 0.724138 0.153454 
0.896552 0.275862 0.724138 0.14582 
0.931034 0.275862 0.724138 0.145446 
0.965517 0.275862 0.724138 0.150983 
1 0.275862 0.724138 0.138358 
0 0.310345 0.724138 0.150242 
0.0344828 0.310345 0.724138 0.150801 
0.0689655 0.310345 0.724138 0.144546 
0.103448 0.310345 0.724138 0.148282 
0.137931 0.310345 0.724138 0.15075 
0.172414 0.310345 0.724138 0.146326 
0.206897 0.310345 0.724138 0.150941 
0.241379 0.310345 0.724138 0.144607 
0.275862 0.310345 0.724138 0.148904 
0.310345 0.310345 0.724138 0.150483 
0.344828 0.310345 0.724138 0.151803 
0.37931 0.310345 0.724138 0.131034 
0.413793 0.310345 0.724138 0.147961 
0.448276 0.310345 0.724138 0.149487 
0.482759 0.310345 0.724138 0.149442 
0.517241 0.310345 0.724138 0.148422 
0.551724 0.310345 0.724138 0.148348 
0.586207 0.310345 0.724138 0.150554 
0.62069 0.310345 0.724138 0.147624 
0.655172 0.310345 0.724138 0.153437 
0.689655 0.310345 0.724138 0.151971 
0.724138 0.310345 0.724138 0.150294 
0.758621 0.310345 0.724138 0.147583 
0.793103 0.310345 0.724138 0.143237 
0.827586 0.310345 0.724138 0.142498 
0.862069 0.310345 0.724138 0.147186 
0.896552 0.310345 0.724138 0.147082 
0.931034 0.310345 0.724138 0.150921 
0.965517 0.310345 0.724138 0.147293 
1 0.310345 0.724138 0.149877 
0 0.344828 0.724138 0.131615 
0.0344828 0.344828 0.724138 0.148148 
0.0689655 0.344828 0.724138 0.138306 
0.103448 0.344828 0.724138 0.143505 
0.137931 0.344828 0.724138 0.149964 
0.172414 0.344828 0.724138 0.150001 
0.206897 0.344828 0.724138 0.146512 
0.241379 0.344828 0.724138 0.148527 
0.275862 0.344828 0.724138 0.151481 
0.310345 0.344828 0.724138 0.154142 
0.344828 0.344828 0.724138 0.149099 
0.37931 0.344828 0.724138 0.151399 
0.413793 0.344828 0.724138 0.150267 
0.448276 0.344828 0.724138 0.14745 
0.482759 0.344828 0.724138 0.154494 
0.517241 0.344828 0.724138 0.150582 
0.551724 0.344828 0.724138 0.149076 
0.586207 0.344828 0.724138 0.152135 
0.62069 0.344828 0.724138 0.154478 
0.655172 0.344828 0.724138 0.149689 
0.689655 0.344828 0.724138 0.150366 
0.724138 0.344828 0.724138 0.149354 
0.758621 0.344828 0.724138 0.144121 
0.793103 0.344828 0.724138 0.148526 
0.827586 0.344828 0.724138 0.146149 
0.862069 0.344828 0.724138 0.145321 
0.896552 0.344828 0.724138 0.144665 
0.931034 0.344828 0.724138 0.151344 
0.965517 0.344828 0.724138 0.149749 
1 0.344828 0.724138 0.146365 
0 0.37931 0.724138 0.150562 
0.0344828 0.37931 0.724138 0.147626 
0.0689655 0.37931 0.724138 0.140571 
0.103448 0.37931 0.724138 0.145542 
0.137931 0.37931 0.724138 0.14797 
0.172414 0.37931 0.724138 0.148773 
0.206897 0.37931 0.724138 0.15197 
0.241379 0.37931 0.724138 0.150727 
0.275862 0.37931 0.724138 0.153238 
0.310345 0.37931 0.724138 0.149085 
0.344828 0.37931 0.724138 0.147136 
0.37931 0.37931 0.724138 0.148584 
0.413793 0.37931 0.724138 0.148815 
0.448276 0.37931 0.724138 0.149964 
0.482759 0.37931 0.724138 0.151655 
0.517241 0.37931 0.724138 0.139025 
0.551724 0.37931 0.724138 0.147784 
0.586207 0.37931 0.724138 0.151022 
0.62069 0.37931 0.724138 0.149005 
0.655172 0.37931 0.724138 0.149136 
0.689655 0.37931 0.724138 0.15142 
0.724138 0.37931 0.724138 0.14879 
0.758621 0.37931 0.724138 0.147613 
0.793103 0.37931 0.724138 0.148717 
0.827586 0.37931 0.724138 0.150599 
0.862069 0.37931 0.724138 0.146737 
0.896552 0.37931 0.724138 0.151321 
0.931034 0.37931 0.724138 0.147245 
0.965517 0.37931 0.724138 0.146702 
1 0.37931 0.724138 0.148161 
0 0.413793 0.724138 0.150091 
0.0344828 0.413793 0.724138 0.153343 
0.0689655 0.413793 0.724138 0.147966 
0.103448 0.413793 0.724138 0.143685 
0.137931 0.413793 0.724138 0.154872 
0.172414 0.413793 0.724138 0.149507 
0.206897 0.413793 0.724138 0.150596 
0.241379 0.413793 0.724138 0.124674 
0.275862 0.413793 0.724138 0.148486 
0.310345 0.413793 0.724138 0.150975 
0.344828 0.413793 0.724138 0.144657 
0.37931 0.413793 0.724138 0.150691 
0.413793 0.413793 0.724138 0.14443 
0.448276 0.413793 0.724138 0.146632 
0.482759 0.413793 0.724138 0.150942 
0.517241 0.413793 0.724138 0.150302 
0.551724 0.413793 0.724138 0.149644 
0.586207 0.413793 0.724138 0.15024 
0.62069 0.413793 0.724138 0.148208 
0.655172 0.413793 0.724138 0.149621 
0.689655 0.413793 0.724138 0.14553 
0.724138 0.413793 0.724138 0.146637 
0.758621 0.413793 0.724138 0.15008 
0.793103 0.413793 0.724138 0.146165 
0.827586 0.413793 0.724138 0.149261 
0.862069 0.413793 0.724138 0.147544 
0.896552 0.413793 0.724138 0.146212 
0.931034 0.413793 0.724138 0.147435 
0.965517 0.413793 0.724138 0.145523 
1 0.413793 0.724138 0.147678 
0 0.448276 0.724138 0.14598 
0.0344828 0.448276 0.724138 0.148538 
0.0689655 0.448276 0.724138 0.144061 
0.103448 0.448276 0.724138 0.145997 
0.137931 0.448276 0.724138 0.152424 
0.172414 0.448276 0.724138 0.146177 
0.206897 0.448276 0.724138 0.148753 
0.241379 0.448276 0.724138 0.148399 
0.275862 0.448276 0.724138 0.146668 
0.310345 0.448276 0.724138 0.14896 
0.344828 0.448276 0.724138 0.15158 
0.37931 0.448276 0.724138 0.152796 
0.413793 0.448276 0.724138 0.149539 
0.448276 0.448276 0.724138 0.148741 
0.482759 0.448276 0.724138 0.148616 
0.517241 0.448276 0.724138 0.147493 
0.551724 0.448276 0.724138 0.14878 
0.586207 0.448276 0.724138 0.144062 
0.62069 0.448276 0.724138 0.148287 
0.655172 0.448276 0.724138 0.152979 
0.689655 0.448276 0.724138 0.151405 
0.724138 0.448276 0.724138 0.149824 
0.758621 0.448276 0.724138 0.152289 
0.793103 0.448276 0.724138 0.149836 
0.827586 0.448276 0.724138 0.148813 
0.862069 0.448276 0.724138 0.149383 
0.896552 0.448276 0.724138 0.145673 
0.931034 0.448276 0.724138 0.149625 
0.965517 0.448276 0.724138 0.151794 
1 0.448276 0.724138 0.149309 
0 0.482759 0.724138 0.148831 
0.0344828 0.482759 0.724138 0.149589 
0.0689655 0.482759 0.724138 0.146186 
0.103448 0.482759 0.724138 0.148787 
0.137931 0.482759 0.724138 0.149269 
0.172414 0.482759 0.724138 0.146681 
0.206897 0.482759 0.724138 0.149463 
0.241379 0.482759 0.724138 0.145006 
0.275862 0.482759 0.724138 0.147925 
0.310345 0.482759 0.724138 0.150408 
0.344828 0.482759 0.724138 0.148703 
0.37931 0.482759 0.724138 0.146093 
0.413793 0.482759 0.724138 0.148857 
0.448276 0.482759 0.724138 0.143549 
0.482759 0.482759 0.724138 0.147813 
0.517241 0.482759 0.724138 0.143346 
0.551724 0.482759 0.724138 0.146962 
0.586207 0.482759 0.724138 0.148739 
0.62069 0.482759 0.724138 0.149968 
0.655172 0.482759 0.724138 0.148066 
0.689655 0.482759 0.724138 0.144208 
0.724138 0.482759 0.724138 0.146549 
0.758621 0.482759 0.724138 0.139671 
0.793103 0.482759 0.724138 0.14009 
0.827586 0.482759 0.724138 0.153602 
0.862069 0.482759 0.724138 0.12943 
0.896552 0.482759 0.724138 0.14833 
0.931034 0.482759 0.724138 0.151867 
0.965517 0.482759 0.724138 0.144654 
1 0.482759 0.724138 0.148173 
0 0.517241 0.724138 0.148802 
0.0344828 0.517241 0.724138 0.146235 
0.0689655 0.517241 0.724138 0.147377 
0.103448 0.517241 0.724138 0.148372 
0.137931 0.517241 0.724138 0.14236 
0.172414 0.517241 0.724138 0.144345 
0.206897 0.517241 0.724138 0.149175 
0.241379 0.517241 0.724138 0.147174 
0.275862 0.517241 0.724138 0.14903 
0.310345 0.517241 0.724138 0.146123 
0.344828 0.517241 0.724138 0.145421 
0.37931 0.517241 0.724138 0.142353 
0.413793 0.517241 0.724138 0.150109 
0.448276 0.517241 0.724138 0.145674 
0.482759 0.517241 0.724138 0.150387 
0.517241 0.517241 0.724138 0.151141 
0.551724 0.517241 0.724138 0.148809 
0.586207 0.517241 0.724138 0.142992 
0.62069 0.517241 0.724138 0.145402 
0.655172 0.517241 0.724138 0.14389 
0.689655 0.517241 0.724138 0.14955 
0.724138 0.517241 0.724138 0.148486 
0.758621 0.517241 0.724138 0.148747 
0.793103 0.517241 0.724138 0.144425 
0.827586 0.517241 0.724138 0.145228 
0.862069 0.517241 0.724138 0.14833 
0.896552 0.517241 0.724138 0.147728 
0.931034 0.517241 0.724138 0.151052 
0.965517 0.517241 0.724138 0.151578 
1 0.517241 0.724138 0.143676 
0 0.551724 0.724138 0.146207 
0.0344828 0.551724 0.724138 0.152279 
0.0689655 0.551724 0.724138 0.148363 
0.103448 0.551724 0.724138 0.143827 
0.137931 0.551724 0.724138 0.152215 
0.172414 0.551724 0.724138 0.146456 
0.206897 0.551724 0.724138 0.143632 
0.241379 0.551724 0.724138 0.148176 
0.275862 0.551724 0.724138 0.148916 
0.310345 0.551724 0.724138 0.148424 
0.344828 0.551724 0.724138 0.146008 
0.37931 0.551724 0.724138 0.147129 
0.413793 0.551724 0.724138 0.148103 
0.448276 0.551724 0.724138 0.146881 
0.482759 0.551724 0.724138 0.145415 
0.517241 0.551724 0.724138 0.151896 
0.551724 0.551724 0.724138 0.150963 
0.586207 0.551724 0.724138 0.149464 
0.62069 0.551724 0.724138 0.148596 
0.655172 0.551724 0.724138 0.14774 
0.689655 0.551724 0.724138 0.149242 
0.724138 0.551724 0.724138 0.14586 
0.758621 0.551724 0.724138 0.150617 
0.793103 0.551724 0.724138 0.14819 
0.827586 0.551724 0.724138 0.153944 
0.862069 0.551724 0.724138 0.14521 
0.896552 0.551724 0.724138 0.14683 
0.931034 0.551724 0.724138 0.149924 
0.965517 0.551724 0.724138 0.148295 
1 0.551724 0.724138 0.150048 
0 0.586207 0.724138 0.152263 
0.0344828 0.586207 0.724138 0.148696 
0.0689655 0.586207 0.724138 0.148473 
0.103448 0.586207 0.724138 0.14583 
0.137931 0.586207 0.724138 0.148356 
0.172414 0.586207 0.724138 0.144539 
0.206897 0.586207 0.724138 0.147758 
0.241379 0.586207 0.724138 0.147622 
0.275862 0.586207 0.724138 0.14832 
0.310345 0.586207 0.724138 0.145379 
0.344828 0.586207 0.724138 0.120213 
0.37931 0.586207 0.724138 0.145531 
0.413793 0.586207 0.724138 0.146909 
0.448276 0.586207 0.724138 0.148563 
0.482759 0.586207 0.724138 0.145233 
0.517241 0.586207 0.724138 0.149483 
0.551724 0.586207 0.724138 0.147781 
0.586207 0.586207 0.724138 0.14519 
0.62069 0.586207 0.724138 0.145927 
0.655172 0.586207 0.724138 0.148595 
0.689655 0.586207 0.724138 0.148966 
0.724138 0.586207 0.724138 0.148777 
0.758621 0.586207 0.724138 0.145791 
0.793103 0.586207 0.724138 0.149203 
0.827586 0.586207 0.724138 0.14278 
0.862069 0.586207 0.724138 0.14295 
0.896552 0.586207 0.724138 0.145054 
0.931034 0.586207 0.724138 0.153992 
0.965517 0.586207 0.724138 0.147236 
1 0.586207 0.724138 0.151841 
0 0.62069 0.724138 0.14491 
0.0344828 0.62069 0.724138 0.148088 
0.0689655 0.62069 0.724138 0.147793 
0.103448 0.62069 0.724138 0.144443 
0.137931 0.62069 0.724138 0.145142 
0.172414 0.62069 0.724138 0.149409 
0.206897 0.62069 0.724138 0.147533 
0.241379 0.62069 0.724138 0.150308 
0.275862 0.62069 0.724138 0.148901 
0.310345 0.62069 0.724138 0.143829 
0.344828 0.62069 0.724138 0.146461 
0.37931 0.62069 0.724138 0.147853 
0.413793 0.62069 0.724138 0.148362 
0.448276 0.62069 0.724138 0.14524 
0.482759 0.62069 0.724138 0.143937 
0.517241 0.62069 0.724138 0.148441 
0.551724 0.62069 0.724138 0.146212 
0.586207 0.62069 0.724138 0.134618 
0.62069 0.62069 0.724138 0.151849 
0.655172 0.62069 0.724138 0.148906 
0.689655 0.62069 0.724138 0.142529 
0.724138 0.62069 0.724138 0.121668 
0.758621 0.62069 0.724138 0.14922 
0.793103 0.62069 0.724138 0.148565 
0.827586 0.62069 0.724138 0.144921 
0.862069 0.62069 0.724138 0.151107 
0.896552 0.62069 0.724138 0.148594 
0.931034 0.62069 0.724138 0.149152 
0.965517 0.62069 0.724138 0.148651 
1 0.62069 0.724138 0.136949 
0 0.655172 0.724138 0.145712 
0.0344828 0.655172 0.724138 0.145904 
0.0689655 0.655172 0.724138 0.1414 
0.103448 0.655172 0.724138 0.144654 
0.137931 0.655172 0.724138 0.14634 
0.172414 0.655172 0.724138 0.151063 
0.206897 0.655172 0.724138 0.147094 
0.241379 0.655172 0.724138 0.14116 
0.275862 0.655172 0.724138 0.13764 
0.310345 0.655172 0.724138 0.144106 
0.344828 0.655172 0.724138 0.147252 
0.37931 0.655172 0.724138 0.148446 
0.413793 0.655172 0.724138 0.145123 
0.448276 0.655172 0.724138 0.144934 
0.482759 0.655172 0.724138 0.14831 
0.517241 0.655172 0.724138 0.148721 
0.551724 0.655172 0.724138 0.147513 
0.586207 0.655172 0.724138 0.120004 
0.62069 0.655172 0.724138 0.143944 
0.655172 0.655172 0.724138 0.148862 
0.689655 0.655172 0.724138 0.147622 
0.724138 0.655172 0.724138 0.14734 
0.758621 0.655172 0.724138 0.145919 
0.793103 0.655172 0.724138 0.14672 
0.827586 0.655172 0.724138 0.143963 
0.862069 0.655172 0.724138 0.145478 
0.896552 0.655172 0.724138 0.144496 
0.931034 0.655172 0.724138 0.145689 
0.965517 0.655172 0.724138 0.146989 
1 0.655172 0.724138 0.148 
0 0.689655 0.724138 0.149214 
0.0344828 0.689655 0.724138 0.1446 
0.0689655 0.689655 0.724138 0.144874 
0.103448 0.689655 0.724138 0.147786 
0.137931 0.689655 0.724138 0.149189 
0.172414 0.689655 0.724138 0.150351 
0.206897 0.689655 0.724138 0.145149 
0.241379 0.689655 0.724138 0.147677 
0.275862 0.689655 0.724138 0.15096 
0.310345 0.689655 0.724138 0.145739 
0.344828 0.689655 0.724138 0.144031 
0.37931 0.689655 0.724138 0.148463 
0.413793 0.689655 0.724138 0.145484 
0.448276 0.689655 0.724138 0.137748 
0.482759 0.689655 0.724138 0.149535 
0.517241 0.689655 0.724138 0.147594 
0.551724 0.689655 0.724138 0.149064 
0.586207 0.689655 0.724138 0.147922 
0.62069 0.689655 0.724138 0.147639 
0.655172 0.689655 0.724138 0.144933 
0.689655 0.689655 0.724138 0.147758 
0.724138 0.689655 0.724138 0.148008 
0.758621 0.689655 0.724138 0.146476 
0.793103 0.689655 0.724138 0.148484 
0.827586 0.689655 0.724138 0.148771 
0.862069 0.689655 0.724138 0.143636 
0.896552 0.689655 0.724138 0.149344 
0.931034 0.689655 0.724138 0.148989 
0.965517 0.689655 0.724138 0.145591 
1 0.689655 0.724138 0.149471 
0 0.724138 0.724138 0.146944 
0.0344828 0.724138 0.724138 0.145322 
0.0689655 0.724138 0.724138 0.137369 
0.103448 0.724138 0.724138 0.14808 
0.137931 0.724138 0.724138 0.146584 
0.172414 0.724138 0.724138 0.148352 
0.206897 0.724138 0.724138 0.146395 
0.241379 0.724138 0.724138 0.144965 
0.275862 0.724138 0.724138 0.151421 
0.310345 0.724138 0.724138 0.14567 
0.344828 0.724138 0.724138 0.147317 
0.37931 0.724138 0.724138 0.146548 
0.413793 0.724138 0.724138 0.143644 
0.448276 0.724138 0.724138 0.145135 
0.482759 0.724138 0.724138 0.147041 
0.517241 0.724138 0.724138 0.148556 
0.551724 0.724138 0.724138 0.141554 
0.586207 0.724138 0.724138 0.145429 
0.62069 0.724138 0.724138 0.144251 
0.655172 0.724138 0.724138 0.14357 
0.689655 0.724138 0.724138 0.144278 
0.724138 0.724138 0.724138 0.147598 
0.758621 0.724138 0.724138 0.147321 
0.793103 0.724138 0.724138 0.148286 
0.827586 0.724138 0.724138 0.147146 
0.862069 0.724138 0.724138 0.140739 
0.896552 0.724138 0.724138 0.147656 
0.931034 0.724138 0.724138 0.145435 
0.965517 0.724138 0.724138 0.146632 
1 0.724138 0.724138 0.151206 
0 0.758621 0.724138 0.148561 
0.0344828 0.758621 0.724138 0.148514 
0.0689655 0.758621 0.724138 0.145722 
0.103448 0.758621 0.724138 0.146186 
0.137931 0.758621 0.724138 0.14881 
0.172414 0.758621 0.724138 0.146357 
0.206897 0.758621 0.724138 0.146985 
0.241379 0.758621 0.724138 0.146748 
0.275862 0.758621 0.724138 0.14731 
0.310345 0.758621 0.724138 0.145668 
0.344828 0.758621 0.724138 0.145055 
0.37931 0.758621 0.724138 0.150852 
0.413793 0.758621 0.724138 0.151928 
0.448276 0.758621 0.724138 0.140923 
0.482759 0.758621 0.724138 0.146299 
0.517241 0.758621 0.724138 0.148982 
0.551724 0.758621 0.724138 0.146857 
0.586207 0.758621 0.724138 0.145768 
0.62069 0.758621 0.724138 0.146697 
0.655172 0.758621 0.724138 0.14923 
0.689655 0.758621 0.724138 0.148091 
0.724138 0.758621 0.724138 0.142037 
0.758621 0.758621 0.724138 0.144456 
0.793103 0.758621 0.724138 0.147708 
0.827586 0.758621 0.724138 0.13382 
0.862069 0.758621 0.724138 0.148101 
0.896552 0.758621 0.724138 0.150754 
0.931034 0.758621 0.724138 0.14685 
0.965517 0.758621 0.724138 0.146756 
1 0.758621 0.724138 0.147242 
0 0.793103 0.724138 0.146926 
0.0344828 0.793103 0.724138 0.147611 
0.0689655 0.793103 0.724138 0.144593 
0.103448 0.793103 0.724138 0.1427 
0.137931 0.793103 0.724138 0.147512 
0.172414 0.793103 0.724138 0.146383 
0.206897 0.793103 0.724138 0.144264 
0.241379 0.793103 0.724138 0.146517 
0.275862 0.793103 0.724138 0.145024 
0.310345 0.793103 0.724138 0.145874 
0.344828 0.793103 0.724138 0.145271 
0.37931 0.793103 0.724138 0.138975 
0.413793 0.793103 0.724138 0.143337 
0.448276 0.793103 0.724138 0.148335 
0.482759 0.793103 0.724138 0.146013 
0.517241 0.793103 0.724138 0.143299 
0.551724 0.793103 0.724138 0.146055 
0.586207 0.793103 0.724138 0.146261 
0.62069 0.793103 0.724138 0.14744 
0.655172 0.793103 0.724138 0.146582 
0.689655 0.793103 0.724138 0.148024 
0.724138 0.793103 0.724138 0.143713 
0.758621 0.793103 0.724138 0.146513 
0.793103 0.793103 0.724138 0.148131 
0.827586 0.793103 0.724138 0.14593 
0.862069 0.793103 0.724138 0.141157 
0.896552 0.793103 0.724138 0.147609 
0.931034 0.793103 0.724138 0.119528 
0.965517 0.793103 0.724138 0.143719 
1 0.793103 0.724138 0.147666 
0 0.827586 0.724138 0.143678 
0.0344828 0.827586 0.724138 0.147315 
0.0689655 0.827586 0.724138 0.146644 
0.103448 0.827586 0.724138 0.140966 
0.137931 0.827586 0.724138 0.147366 
0.172414 0.827586 0.724138 0.144931 
0.206897 0.827586 0.724138 0.145776 
0.241379 0.827586 0.724138 0.146372 
0.275862 0.827586 0.724138 0.14035 
0.310345 0.827586 0.724138 0.14861 
0.344828 0.827586 0.724138 0.146681 
0.37931 0.827586 0.724138 0.146276 
0.413793 0.827586 0.724138 0.147101 
0.448276 0.827586 0.724138 0.145888 
0.482759 0.827586 0.724138 0.148552 
0.517241 0.827586 0.724138 0.148402 
0.551724 0.827586 0.724138 0.146914 
0.586207 0.827586 0.724138 0.149797 
0.62069 0.827586 0.724138 0.149216 
0.655172 0.827586 0.724138 0.146194 
0.689655 0.827586 0.724138 0.12277 
0.724138 0.827586 0.724138 0.14564 
0.758621 0.827586 0.724138 0.145863 
0.793103 0.827586 0.724138 0.147585 
0.827586 0.827586 0.724138 0.147002 
0.862069 0.827586 0.724138 0.145889 
0.896552 0.827586 0.724138 0.142575 
0.931034 0.827586 0.724138 0.143326 
0.965517 0.827586 0.724138 0.14185 
1 0.827586 0.724138 0.142617 
0 0.862069 0.724138 0.143637 
0.0344828 0.862069 0.724138 0.147057 
0.0689655 0.862069 0.724138 0.142507 
0.103448 0.862069 0.724138 0.146077 
0.137931 0.862069 0.724138 0.142772 
0.172414 0.862069 0.724138 0.150231 
0.206897 0.862069 0.724138 0.145905 
0.241379 0.862069 0.724138 0.144794 
0.275862 0.862069 0.724138 0.146525 
0.310345 0.862069 0.724138 0.144892 
0.344828 0.862069 0.724138 0.147845 
0.37931 0.862069 0.724138 0.144952 
0.413793 0.862069 0.724138 0.131226 
0.448276 0.862069 0.724138 0.146252 
0.482759 0.862069 0.724138 0.146582 
0.517241 0.862069 0.724138 0.143986 
0.551724 0.862069 0.724138 0.145852 
0.586207 0.862069 0.724138 0.148403 
0.62069 0.862069 0.724138 0.143466 
0.655172 0.862069 0.724138 0.14892 
0.689655 0.862069 0.724138 0.145558 
0.724138 0.862069 0.724138 0.146642 
0.758621 0.862069 0.724138 0.141753 
0.793103 0.862069 0.724138 0.146292 
0.827586 0.862069 0.724138 0.137876 
0.862069 0.862069 0.724138 0.144652 
0.896552 0.862069 0.724138 0.142406 
0.931034 0.862069 0.724138 0.14668 
0.965517 0.862069 0.724138 0.147685 
1 0.862069 0.724138 0.140188 
0 0.896552 0.724138 0.143534 
0.0344828 0.896552 0.724138 0.144702 
0.0689655 0.896552 0.724138 0.145688 
0.103448 0.896552 0.724138 0.146309 
0.137931 0.896552 0.724138 0.147995 
0.172414 0.896552 0.724138 0.143207 
0.206897 0.896552 0.724138 0.146129 
0.241379 0.896552 0.724138 0.149655 
0.275862 0.896552 0.724138 0.149757 
0.310345 0.896552 0.724138 0.142793 
0.344828 0.896552 0.724138 0.146225 
0.37931 0.896552 0.724138 0.146964 
0.413793 0.896552 0.724138 0.145999 
0.448276 0.896552 0.724138 0.148714 
0.482759 0.896552 0.724138 0.145612 
0.517241 0.896552 0.724138 0.143762 
0.551724 0.896552 0.724138 0.143952 
0.586207 0.896552 0.724138 0.147986 
0.62069 0.896552 0.724138 0.146106 
0.655172 0.896552 0.724138 0.142147 
0.689655 0.896552 0.724138 0.147145 
0.724138 0.896552 0.724138 0.147277 
0.758621 0.896552 0.724138 0.146631 
0.793103 0.896552 0.724138 0.145758 
0.827586 0.896552 0.724138 0.146114 
0.862069 0.896552 0.724138 0.145518 
0.896552 0.896552 0.724138 0.146122 
0.931034 0.896552 0.724138 0.146081 
0.965517 0.896552 0.724138 0.146584 
1 0.896552 0.724138 0.146563 
0 0.931034 0.724138 0.145597 
0.0344828 0.931034 0.724138 0.142662 
0.0689655 0.931034 0.724138 0.14621 
0.103448 0.931034 0.724138 0.14041 
0.137931 0.931034 0.724138 0.147366 
0.172414 0.931034 0.724138 0.143508 
0.206897 0.931034 0.724138 0.146986 
0.241379 0.931034 0.724138 0.147099 
0.275862 0.931034 0.724138 0.150007 
0.310345 0.931034 0.724138 0.144175 
0.344828 0.931034 0.724138 0.14594 
0.37931 0.931034 0.724138 0.146716 
0.413793 0.931034 0.724138 0.146603 
0.448276 0.931034 0.724138 0.146672 
0.482759 0.931034 0.724138 0.142615 
0.517241 0.931034 0.724138 0.150129 
0.551724 0.931034 0.724138 0.144065 
0.586207 0.931034 0.724138 0.148751 
0.62069 0.931034 0.724138 0.145077 
0.655172 0.931034 0.724138 0.145378 
0.689655 0.931034 0.724138 0.145104 
0.724138 0.931034 0.724138 0.146223 
0.758621 0.931034 0.724138 0.14574 
0.793103 0.931034 0.724138 0.137721 
0.827586 0.931034 0.724138 0.147916 
0.862069 0.931034 0.724138 0.146324 
0.896552 0.931034 0.724138 0.144312 
0.931034 0.931034 0.724138 0.14445 
0.965517 0.931034 0.724138 0.148256 
1 0.931034 0.724138 0.147982 
0 0.965517 0.724138 0.148346 
0.0344828 0.965517 0.724138 0.147787 
0.0689655 0.965517 0.724138 0.144911 
0.103448 0.965517 0.724138 0.145514 
0.137931 0.965517 0.724138 0.144862 
0.172414 0.965517 0.724138 0.142804 
0.206897 0.965517 0.724138 0.146128 
0.241379 0.965517 0.724138 0.143318 
0.275862 0.965517 0.724138 0.143256 
0.310345 0.965517 0.724138 0.141991 
0.344828 0.965517 0.724138 0.144983 
0.37931 0.965517 0.724138 0.142777 
0.413793 0.965517 0.724138 0.141466 
0.448276 0.965517 0.724138 0.133792 
0.482759 0.965517 0.724138 0.146831 
0.517241 0.965517 0.724138 0.141902 
0.551724 0.965517 0.724138 0.144944 
0.586207 0.965517 0.724138 0.144135 
0.62069 0.965517 0.724138 0.146629 
0.655172 0.965517 0.724138 0.141623 
0.689655 0.965517 0.724138 0.147133 
0.724138 0.965517 0.724138 0.144592 
0.758621 0.965517 0.724138 0.138841 
0.793103 0.965517 0.724138 0.147551 
0.827586 0.965517 0.724138 0.147426 
0.862069 0.965517 0.724138 0.148358 
0.896552 0.965517 0.724138 0.147364 
0.931034 0.965517 0.724138 0.14342 
0.965517 0.965517 0.724138 0.144576 
1 0.965517 0.724138 0.144508 
0 1 0.724138 0.143551 
0.0344828 1 0.724138 0.145837 
0.0689655 1 0.724138 0.138208 
0.103448 1 0.724138 0.143648 
0.137931 1 0.724138 0.139788 
0.172414 1 0.724138 0.148769 
0.206897 1 0.724138 0.145773 
0.241379 1 0.724138 0.142086 
0.275862 1 0.724138 0.143147 
0.310345 1 0.724138 0.13863 
0.344828 1 0.724138 0.141471 
0.37931 1 0.724138 0.145677 
0.413793 1 0.724138 0.145495 
0.448276 1 0.724138 0.146438 
0.482759 1 0.724138 0.144284 
0.517241 1 0.724138 0.145317 
0.551724 1 0.724138 0.146728 
0.586207 1 0.724138 0.145566 
0.62069 1 0.724138 0.14296 
0.655172 1 0.724138 0.136445 
0.689655 1 0.724138 0.149762 
0.724138 1 0.724138 0.149208 
0.758621 1 0.724138 0.14215 
0.793103 1 0.724138 0.135418 
0.827586 1 0.724138 0.145847 
0.862069 1 0.724138 0.140937 
0.896552 1 0.724138 0.144022 
0.931034 1 0.724138 0.144609 
0.965517 1 0.724138 0.14295 
1 1 0.724138 0.146322 
0 0 0.758621 0.138458 
0.0344828 0 0.758621 0.138458 
0.0689655 0 0.758621 0.138458 
0.103448 0 0.758621 0.138458 
0.137931 0 0.758621 0.138458 
0.172414 0 0.758621 0.138458 
0.206897 0 0.758621 0.138458 
0.241379 0 0.758621 0.138458 
0.275862 0 0.758621 0.138458 
0.310345 0 0.758621 0.138458 
0.344828 0 0.758621 0.138458 
0.37931 0 0.758621 0.138458 
0.413793 0 0.758621 0.138458 
0.448276 0 0.758621 0.138458 
0.482759 0 0.758621 0.138458 
0.517241 0 0.758621 0.138458 
0.551724 0 0.758621 0.138458 
0.586207 0 0.758621 0.138458 
0.62069 0 0.758621 0.138458 
0.655172 0 0.758621 0.138458 
0.689655 0 0.758621 0.138458 
0.724138 0 0.758621 0.138458 
0.758621 0 0.758621 0.138458 
0.793103 0 0.758621 0.138458 
0.827586 0 0.758621 0.138458 
0.862069 0 0.758621 0.138458 
0.896552 0 0.758621 0.138458 
0.931034 0 0.758621 0.138458 
0.965517 0 0.758621 0.138458 
1 0 0.758621 0.138458 
0 0.0344828 0.758621 0.137026 
0.0344828 0.0344828 0.758621 0.136154 
0.0689655 0.0344828 0.758621 0.135538 
0.103448 0.0344828 0.758621 0.138049 
0.137931 0.0344828 0.758621 0.136791 
0.172414 0.0344828 0.758621 0.138767 
0.206897 0.0344828 0.758621 0.133961 
0.241379 0.0344828 0.758621 0.137559 
0.275862 0.0344828 0.758621 0.134935 
0.310345 0.0344828 0.758621 0.139916 
0.344828 0.0344828 0.758621 0.136057 
0.37931 0.0344828 0.758621 0.137595 
0.413793 0.0344828 0.758621 0.134394 
0.448276 0.0344828 0.758621 0.135898 
0.482759 0.0344828 0.758621 0.135884 
0.517241 0.0344828 0.758621 0.135257 
0.551724 0.0344828 0.758621 0.127922 
0.586207 0.0344828 0.758621 0.139015 
0.62069 0.0344828 0.758621 0.139244 
0.655172 0.0344828 0.758621 0.132866 
0.689655 0.0344828 0.758621 0.138834 
0.724138 0.0344828 0.758621 0.129864 
0.758621 0.0344828 0.758621 0.135382 
0.793103 0.0344828 0.758621 0.138432 
0.827586 0.0344828 0.758621 0.133569 
0.862069 0.0344828 0.758621 0.13453 
0.896552 0.0344828 0.758621 0.138559 
0.931034 0.0344828 0.758621 0.128528 
0.965517 0.0344828 0.758621 0.134914 
1 0.0344828 0.758621 0.136622 
0 0.0689655 0.758621 0.137289 
0.0344828 0.0689655 0.758621 0.134602 
0.0689655 0.0689655 0.758621 0.13855 
0.103448 0.0689655 0.758621 0.132828 
0.137931 0.0689655 0.758621 0.136303 
0.172414 0.0689655 0.758621 0.136247 
0.206897 0.0689655 0.758621 0.13542 
0.241379 0.0689655 0.758621 0.133121 
0.275862 0.0689655 0.758621 0.138704 
0.310345 0.0689655 0.758621 0.13755 
0.344828 0.0689655 0.758621 0.136039 
0.37931 0.0689655 0.758621 0.13556 
0.413793 0.0689655 0.758621 0.135139 
0.448276 0.0689655 0.758621 0.137896 
0.482759 0.0689655 0.758621 0.134199 
0.517241 0.0689655 0.758621 0.134711 
0.551724 0.0689655 0.758621 0.137693 
0.586207 0.0689655 0.758621 0.132235 
0.62069 0.0689655 0.758621 0.137202 
0.655172 0.0689655 0.758621 0.125384 
0.689655 0.0689655 0.758621 0.137397 
0.724138 0.0689655 0.758621 0.134916 
0.758621 0.0689655 0.758621 0.136863 
0.793103 0.0689655 0.758621 0.136811 
0.827586 0.0689655 0.758621 0.137089 
0.862069 0.0689655 0.758621 0.13775 
0.896552 0.0689655 0.758621 0.131296 
0.931034 0.0689655 0.758621 0.135486 
0.965517 0.0689655 0.758621 0.138231 
1 0.0689655 0.758621 0.121027 
0 0.103448 0.758621 0.137184 
0.0344828 0.103448 0.758621 0.136988 
0.0689655 0.103448 0.758621 0.131679 
0.103448 0.103448 0.758621 0.13329 
0.137931 0.103448 0.758621 0.11362 
0.172414 0.103448 0.758621 0.132203 
0.206897 0.103448 0.758621 0.135085 
0.241379 0.103448 0.758621 0.139804 
0.275862 0.103448 0.758621 0.139554 
0.310345 0.103448 0.758621 0.134845 
0.344828 0.103448 0.758621 0.135523 
0.37931 0.103448 0.758621 0.137246 
0.413793 0.103448 0.758621 0.136116 
0.448276 0.103448 0.758621 0.13647 
0.482759 0.103448 0.758621 0.137755 
0.517241 0.103448 0.758621 0.130271 
0.551724 0.103448 0.758621 0.132764 
0.586207 0.103448 0.758621 0.137819 
0.62069 0.103448 0.758621 0.135938 
0.655172 0.103448 0.758621 0.135533 
0.689655 0.103448 0.758621 0.136076 
0.724138 0.103448 0.758621 0.13677 
0.758621 0.103448 0.758621 0.137044 
0.793103 0.103448 0.758621 0.12736 
0.827586 0.103448 0.758621 0.127892 
0.862069 0.103448 0.758621 0.131414 
0.896552 0.103448 0.758621 0.134595 
0.931034 0.103448 0.758621 0.13719 
0.965517 0.103448 0.758621 0.139307 
1 0.103448 0.758621 0.137847 
0 0.137931 0.758621 0.132759 
0.0344828 0.137931 0.758621 0.138013 
0.0689655 0.137931 0.758621 0.136822 
0.103448 0.137931 0.758621 0.137512 
0.137931 0.137931 0.758621 0.137276 
0.172414 0.137931 0.758621 0.133692 
0.206897 0.137931 0.758621 0.135685 
0.241379 0.137931 0.758621 0.131138 
0.275862 0.137931 0.758621 0.136038 
0.310345 0.137931 0.758621 0.136718 
0.344828 0.137931 0.758621 0.135138 
0.37931 0.137931 0.758621 0.136015 
0.413793 0.137931 0.758621 0.136674 
0.448276 0.137931 0.758621 0.135844 
0.482759 0.137931 0.758621 0.131656 
0.517241 0.137931 0.758621 0.132388 
0.551724 0.137931 0.758621 0.136971 
0.586207 0.137931 0.758621 0.13406 
0.62069 0.137931 0.758621 0.13414 
0.655172 0.137931 0.758621 0.139368 
0.689655 0.137931 0.758621 0.136506 
0.724138 0.137931 0.758621 0.132773 
0.758621 0.137931 0.758621 0.131955 
0.793103 0.137931 0.758621 0.136687 
0.827586 0.137931 0.758621 0.138648 
0.862069 0.137931 0.758621 0.136905 
0.896552 0.137931 0.758621 0.126901 
0.931034 0.137931 0.758621 0.13767 
0.965517 0.137931 0.758621 0.136577 
1 0.137931 0.758621 0.139151 
0 0.172414 0.758621 0.133131 
0.0344828 0.172414 0.758621 0.135094 
0.0689655 0.172414 0.758621 0.13678 
0.103448 0.172414 0.758621 0.13093 
0.137931 0.172414 0.758621 0.136393 
0.172414 0.172414 0.758621 0.134826 
0.206897 0.172414 0.758621 0.124624 
0.241379 0.172414 0.758621 0.136898 
0.275862 0.172414 0.758621 0.136948 
0.310345 0.172414 0.758621 0.136345 
0.344828 0.172414 0.758621 0.133502 
0.37931 0.172414 0.758621 0.137678 
0.413793 0.172414 0.758621 0.137862 
0.448276 0.172414 0.758621 0.128268 
0.482759 0.172414 0.758621 0.134014 
0.517241 0.172414 0.758621 0.135994 
0.551724 0.172414 0.758621 0.136743 
0.586207 0.172414 0.758621 0.136962 
0.62069 0.172414 0.758621 0.136236 
0.655172 0.172414 0.758621 0.136838 
0.689655 0.172414 0.758621 0.133966 
0.724138 0.172414 0.758621 0.137186 
0.758621 0.172414 0.758621 0.13808 
0.793103 0.172414 0.758621 0.132539 
0.827586 0.172414 0.758621 0.135638 
0.862069 0.172414 0.758621 0.136758 
0.896552 0.172414 0.758621 0.133677 
0.931034 0.172414 0.758621 0.13542 
0.965517 0.172414 0.758621 0.134043 
1 0.172414 0.758621 0.132659 
0 0.206897 0.758621 0.134117 
0.0344828 0.206897 0.758621 0.138057 
0.0689655 0.206897 0.758621 0.136806 
0.103448 0.206897 0.758621 0.133496 
0.137931 0.206897 0.758621 0.137368 
0.172414 0.206897 0.758621 0.137173 
0.206897 0.206897 0.758621 0.135619 
0.241379 0.206897 0.758621 0.133577 
0.275862 0.206897 0.758621 0.12646 
0.310345 0.206897 0.758621 0.134877 
0.344828 0.206897 0.758621 0.13371 
0.37931 0.206897 0.758621 0.137059 
0.413793 0.206897 0.758621 0.133267 
0.448276 0.206897 0.758621 0.130577 
0.482759 0.206897 0.758621 0.135973 
0.517241 0.206897 0.758621 0.133307 
0.551724 0.206897 0.758621 0.135153 
0.586207 0.206897 0.758621 0.130456 
0.62069 0.206897 0.758621 0.136974 
0.655172 0.206897 0.758621 0.137115 
0.689655 0.206897 0.758621 0.132307 
0.724138 0.206897 0.758621 0.136068 
0.758621 0.206897 0.758621 0.139482 
0.793103 0.206897 0.758621 0.135919 
0.827586 0.206897 0.758621 0.135711 
0.862069 0.206897 0.758621 0.135239 
0.896552 0.206897 0.758621 0.13617 
0.931034 0.206897 0.758621 0.136451 
0.965517 0.206897 0.758621 0.134668 
1 0.206897 0.758621 0.136562 
0 0.241379 0.758621 0.135419 
0.0344828 0.241379 0.758621 0.133029 
0.0689655 0.241379 0.758621 0.136388 
0.103448 0.241379 0.758621 0.131056 
0.137931 0.241379 0.758621 0.139801 
0.172414 0.241379 0.758621 0.137057 
0.206897 0.241379 0.758621 0.133018 
0.241379 0.241379 0.758621 0.13657 
0.275862 0.241379 0.758621 0.136815 
0.310345 0.241379 0.758621 0.136183 
0.344828 0.241379 0.758621 0.129942 
0.37931 0.241379 0.758621 0.133662 
0.413793 0.241379 0.758621 0.136448 
0.448276 0.241379 0.758621 0.136308 
0.482759 0.241379 0.758621 0.131692 
0.517241 0.241379 0.758621 0.136053 
0.551724 0.241379 0.758621 0.136634 
0.586207 0.241379 0.758621 0.124195 
0.62069 0.241379 0.758621 0.136058 
0.655172 0.241379 0.758621 0.133893 
0.689655 0.241379 0.758621 0.130993 
0.724138 0.241379 0.758621 0.134418 
0.758621 0.241379 0.758621 0.13358 
0.793103 0.241379 0.758621 0.137999 
0.827586 0.241379 0.758621 0.133187 
0.862069 0.241379 0.758621 0.136695 
0.896552 0.241379 0.758621 0.13426 
0.931034 0.241379 0.758621 0.135175 
0.965517 0.241379 0.758621 0.136252 
1 0.241379 0.758621 0.135906 
0 0.275862 0.758621 0.135857 
0.0344828 0.275862 0.758621 0.135184 
0.0689655 0.275862 0.758621 0.135956 
0.103448 0.275862 0.758621 0.134288 
0.137931 0.275862 0.758621 0.133453 
0.172414 0.275862 0.758621 0.130716 
0.206897 0.275862 0.758621 0.134028 
0.241379 0.275862 0.758621 0.137145 
0.275862 0.275862 0.758621 0.133032 
0.310345 0.275862 0.758621 0.136427 
0.344828 0.275862 0.758621 0.129441 
0.37931 0.275862 0.758621 0.1387 
0.413793 0.275862 0.758621 0.1347 
0.448276 0.275862 0.758621 0.132394 
0.482759 0.275862 0.758621 0.134831 
0.517241 0.275862 0.758621 0.13534 
0.551724 0.275862 0.758621 0.136365 
0.586207 0.275862 0.758621 0.135547 
0.62069 0.275862 0.758621 0.133314 
0.655172 0.275862 0.758621 0.136273 
0.689655 0.275862 0.758621 0.136282 
0.724138 0.275862 0.758621 0.132586 
0.758621 0.275862 0.758621 0.132592 
0.793103 0.275862 0.758621 0.136303 
0.827586 0.275862 0.758621 0.134191 
0.862069 0.275862 0.758621 0.130238 
0.896552 0.275862 0.758621 0.132932 
0.931034 0.275862 0.758621 0.135589 
0.965517 0.275862 0.758621 0.134543 
1 0.275862 0.758621 0.135847 
0 0.310345 0.758621 0.133043 
0.0344828 0.310345 0.758621 0.135322 
0.0689655 0.310345 0.758621 0.134233 
0.103448 0.310345 0.758621 0.136506 
0.137931 0.310345 0.758621 0.135581 
0.172414 0.310345 0.758621 0.133615 
0.206897 0.310345 0.758621 0.124484 
0.241379 0.310345 0.758621 0.137531 
0.275862 0.310345 0.758621 0.133886 
0.310345 0.310345 0.758621 0.13569 
0.344828 0.310345 0.758621 0.137631 
0.37931 0.310345 0.758621 0.139162 
0.413793 0.310345 0.758621 0.135491 
0.448276 0.310345 0.758621 0.137531 
0.482759 0.310345 0.758621 0.133111 
0.517241 0.310345 0.758621 0.136005 
0.551724 0.310345 0.758621 0.133257 
0.586207 0.310345 0.758621 0.135617 
0.62069 0.310345 0.758621 0.134123 
0.655172 0.310345 0.758621 0.135649 
0.689655 0.310345 0.758621 0.138025 
0.724138 0.310345 0.758621 0.133928 
0.758621 0.310345 0.758621 0.133389 
0.793103 0.310345 0.758621 0.133272 
0.827586 0.310345 0.758621 0.13554 
0.862069 0.310345 0.758621 0.132373 
0.896552 0.310345 0.758621 0.136352 
0.931034 0.310345 0.758621 0.136509 
0.965517 0.310345 0.758621 0.133793 
1 0.310345 0.758621 0.129908 
0 0.344828 0.758621 0.125094 
0.0344828 0.344828 0.758621 0.139518 
0.0689655 0.344828 0.758621 0.138263 
0.103448 0.344828 0.758621 0.137948 
0.137931 0.344828 0.758621 0.136258 
0.172414 0.344828 0.758621 0.134781 
0.206897 0.344828 0.758621 0.131874 
0.241379 0.344828 0.758621 0.131945 
0.275862 0.344828 0.758621 0.133883 
0.310345 0.344828 0.758621 0.137922 
0.344828 0.344828 0.758621 0.135023 
0.37931 0.344828 0.758621 0.13838 
0.413793 0.344828 0.758621 0.13509 
0.448276 0.344828 0.758621 0.129933 
0.482759 0.344828 0.758621 0.133805 
0.517241 0.344828 0.758621 0.135569 
0.551724 0.344828 0.758621 0.135901 
0.586207 0.344828 0.758621 0.135322 
0.62069 0.344828 0.758621 0.130029 
0.655172 0.344828 0.758621 0.133587 
0.689655 0.344828 0.758621 0.135704 
0.724138 0.344828 0.758621 0.132183 
0.758621 0.344828 0.758621 0.136277 
0.793103 0.344828 0.758621 0.132856 
0.827586 0.344828 0.758621 0.122225 
0.862069 0.344828 0.758621 0.130691 
0.896552 0.344828 0.758621 0.121109 
0.931034 0.344828 0.758621 0.132088 
0.965517 0.344828 0.758621 0.136248 
1 0.344828 0.758621 0.135988 
0 0.37931 0.758621 0.135849 
0.0344828 0.37931 0.758621 0.134742 
0.0689655 0.37931 0.758621 0.132741 
0.103448 0.37931 0.758621 0.135173 
0.137931 0.37931 0.758621 0.131293 
0.172414 0.37931 0.758621 0.133936 
0.206897 0.37931 0.758621 0.136378 
0.241379 0.37931 0.758621 0.134237 
0.275862 0.37931 0.758621 0.134012 
0.310345 0.37931 0.758621 0.135023 
0.344828 0.37931 0.758621 0.134663 
0.37931 0.37931 0.758621 0.135939 
0.413793 0.37931 0.758621 0.134296 
0.448276 0.37931 0.758621 0.136033 
0.482759 0.37931 0.758621 0.133188 
0.517241 0.37931 0.758621 0.135605 
0.551724 0.37931 0.758621 0.132881 
0.586207 0.37931 0.758621 0.134971 
0.62069 0.37931 0.758621 0.133279 
0.655172 0.37931 0.758621 0.132991 
0.689655 0.37931 0.758621 0.13543 
0.724138 0.37931 0.758621 0.12728 
0.758621 0.37931 0.758621 0.135582 
0.793103 0.37931 0.758621 0.137393 
0.827586 0.37931 0.758621 0.135671 
0.862069 0.37931 0.758621 0.133234 
0.896552 0.37931 0.758621 0.134 
0.931034 0.37931 0.758621 0.135696 
0.965517 0.37931 0.758621 0.13596 
1 0.37931 0.758621 0.132681 
0 0.413793 0.758621 0.135346 
0.0344828 0.413793 0.758621 0.137187 
0.0689655 0.413793 0.758621 0.135954 
0.103448 0.413793 0.758621 0.133429 
0.137931 0.413793 0.758621 0.116749 
0.172414 0.413793 0.758621 0.135968 
0.206897 0.413793 0.758621 0.13271 
0.241379 0.413793 0.758621 0.120977 
0.275862 0.413793 0.758621 0.135298 
0.310345 0.413793 0.758621 0.136334 
0.344828 0.413793 0.758621 0.128696 
0.37931 0.413793 0.758621 0.133633 
0.413793 0.413793 0.758621 0.132335 
0.448276 0.413793 0.758621 0.133403 
0.482759 0.413793 0.758621 0.132059 
0.517241 0.413793 0.758621 0.135417 
0.551724 0.413793 0.758621 0.132713 
0.586207 0.413793 0.758621 0.138069 
0.62069 0.413793 0.758621 0.136905 
0.655172 0.413793 0.758621 0.134016 
0.689655 0.413793 0.758621 0.130872 
0.724138 0.413793 0.758621 0.132837 
0.758621 0.413793 0.758621 0.137057 
0.793103 0.413793 0.758621 0.129723 
0.827586 0.413793 0.758621 0.134732 
0.862069 0.413793 0.758621 0.135321 
0.896552 0.413793 0.758621 0.132278 
0.931034 0.413793 0.758621 0.134019 
0.965517 0.413793 0.758621 0.133168 
1 0.413793 0.758621 0.135533 
0 0.448276 0.758621 0.130556 
0.0344828 0.448276 0.758621 0.134473 
0.0689655 0.448276 0.758621 0.133281 
0.103448 0.448276 0.758621 0.129988 
0.137931 0.448276 0.758621 0.133547 
0.172414 0.448276 0.758621 0.134239 
0.206897 0.448276 0.758621 0.135695 
0.241379 0.448276 0.758621 0.134604 
0.275862 0.448276 0.758621 0.133583 
0.310345 0.448276 0.758621 0.13546 
0.344828 0.448276 0.758621 0.135013 
0.37931 0.448276 0.758621 0.133996 
0.413793 0.448276 0.758621 0.136569 
0.448276 0.448276 0.758621 0.135331 
0.482759 0.448276 0.758621 0.136527 
0.517241 0.448276 0.758621 0.12977 
0.551724 0.448276 0.758621 0.138226 
0.586207 0.448276 0.758621 0.131179 
0.62069 0.448276 0.758621 0.135068 
0.655172 0.448276 0.758621 0.124098 
0.689655 0.448276 0.758621 0.138562 
0.724138 0.448276 0.758621 0.135137 
0.758621 0.448276 0.758621 0.135519 
0.793103 0.448276 0.758621 0.133533 
0.827586 0.448276 0.758621 0.134611 
0.862069 0.448276 0.758621 0.13351 
0.896552 0.448276 0.758621 0.130841 
0.931034 0.448276 0.758621 0.134717 
0.965517 0.448276 0.758621 0.126016 
1 0.448276 0.758621 0.135065 
0 0.482759 0.758621 0.134794 
0.0344828 0.482759 0.758621 0.135961 
0.0689655 0.482759 0.758621 0.127961 
0.103448 0.482759 0.758621 0.135615 
0.137931 0.482759 0.758621 0.136286 
0.172414 0.482759 0.758621 0.133986 
0.206897 0.482759 0.758621 0.132736 
0.241379 0.482759 0.758621 0.132736 
0.275862 0.482759 0.758621 0.136755 
0.310345 0.482759 0.758621 0.114131 
0.344828 0.482759 0.758621 0.138745 
0.37931 0.482759 0.758621 0.133031 
0.413793 0.482759 0.758621 0.137045 
0.448276 0.482759 0.758621 0.131775 
0.482759 0.482759 0.758621 0.135182 
0.517241 0.482759 0.758621 0.132757 
0.551724 0.482759 0.758621 0.134558 
0.586207 0.482759 0.758621 0.137107 
0.62069 0.482759 0.758621 0.134081 
0.655172 0.482759 0.758621 0.134171 
0.689655 0.482759 0.758621 0.133006 
0.724138 0.482759 0.758621 0.132633 
0.758621 0.482759 0.758621 0.126882 
0.793103 0.482759 0.758621 0.131559 
0.827586 0.482759 0.758621 0.135817 
0.862069 0.482759 0.758621 0.113919 
0.896552 0.482759 0.758621 0.132193 
0.931034 0.482759 0.758621 0.135773 
0.965517 0.482759 0.758621 0.130623 
1 0.482759 0.758621 0.135223 
0 0.517241 0.758621 0.131394 
0.0344828 0.517241 0.758621 0.134022 
0.0689655 0.517241 0.758621 0.126893 
0.103448 0.517241 0.758621 0.131545 
0.137931 0.517241 0.758621 0.133715 
0.172414 0.517241 0.758621 0.134099 
0.206897 0.517241 0.758621 0.131491 
0.241379 0.517241 0.758621 0.132128 
0.275862 0.517241 0.758621 0.131758 
0.310345 0.517241 0.758621 0.135529 
0.344828 0.517241 0.758621 0.134537 
0.37931 0.517241 0.758621 0.132425 
0.413793 0.517241 0.758621 0.114108 
0.448276 0.517241 0.758621 0.132235 
0.482759 0.517241 0.758621 0.132983 
0.517241 0.517241 0.758621 0.126829 
0.551724 0.517241 0.758621 0.132128 
0.586207 0.517241 0.758621 0.131619 
0.62069 0.517241 0.758621 0.131416 
0.655172 0.517241 0.758621 0.129294 
0.689655 0.517241 0.758621 0.135379 
0.724138 0.517241 0.758621 0.135863 
0.758621 0.517241 0.758621 0.13696 
0.793103 0.517241 0.758621 0.133223 
0.827586 0.517241 0.758621 0.13275 
0.862069 0.517241 0.758621 0.134209 
0.896552 0.517241 0.758621 0.136701 
0.931034 0.517241 0.758621 0.132896 
0.965517 0.517241 0.758621 0.132031 
1 0.517241 0.758621 0.128496 
0 0.551724 0.758621 0.128751 
0.0344828 0.551724 0.758621 0.136112 
0.0689655 0.551724 0.758621 0.13467 
0.103448 0.551724 0.758621 0.122778 
0.137931 0.551724 0.758621 0.136139 
0.172414 0.551724 0.758621 0.134636 
0.206897 0.551724 0.758621 0.128772 
0.241379 0.551724 0.758621 0.129174 
0.275862 0.551724 0.758621 0.129126 
0.310345 0.551724 0.758621 0.129219 
0.344828 0.551724 0.758621 0.132921 
0.37931 0.551724 0.758621 0.133536 
0.413793 0.551724 0.758621 0.134924 
0.448276 0.551724 0.758621 0.131822 
0.482759 0.551724 0.758621 0.131017 
0.517241 0.551724 0.758621 0.135535 
0.551724 0.551724 0.758621 0.133259 
0.586207 0.551724 0.758621 0.12475 
0.62069 0.551724 0.758621 0.131411 
0.655172 0.551724 0.758621 0.133093 
0.689655 0.551724 0.758621 0.131758 
0.724138 0.551724 0.758621 0.132666 
0.758621 0.551724 0.758621 0.134452 
0.793103 0.551724 0.758621 0.133644 
0.827586 0.551724 0.758621 0.12017 
0.862069 0.551724 0.758621 0.131272 
0.896552 0.551724 0.758621 0.134988 
0.931034 0.551724 0.758621 0.134089 
0.965517 0.551724 0.758621 0.134921 
1 0.551724 0.758621 0.132392 
0 0.586207 0.758621 0.134517 
0.0344828 0.586207 0.758621 0.131865 
0.0689655 0.586207 0.758621 0.134103 
0.103448 0.586207 0.758621 0.134038 
0.137931 0.586207 0.758621 0.128745 
0.172414 0.586207 0.758621 0.131445 
0.206897 0.586207 0.758621 0.134989 
0.241379 0.586207 0.758621 0.136955 
0.275862 0.586207 0.758621 0.132413 
0.310345 0.586207 0.758621 0.134485 
0.344828 0.586207 0.758621 0.129883 
0.37931 0.586207 0.758621 0.131998 
0.413793 0.586207 0.758621 0.13416 
0.448276 0.586207 0.758621 0.133788 
0.482759 0.586207 0.758621 0.134128 
0.517241 0.586207 0.758621 0.131222 
0.551724 0.586207 0.758621 0.134771 
0.586207 0.586207 0.758621 0.130539 
0.62069 0.586207 0.758621 0.134185 
0.655172 0.586207 0.758621 0.135163 
0.689655 0.586207 0.758621 0.134282 
0.724138 0.586207 0.758621 0.131846 
0.758621 0.586207 0.758621 0.131828 
0.793103 0.586207 0.758621 0.13489 
0.827586 0.586207 0.758621 0.12879 
0.862069 0.586207 0.758621 0.129997 
0.896552 0.586207 0.758621 0.137907 
0.931034 0.586207 0.758621 0.133867 
0.965517 0.586207 0.758621 0.131784 
1 0.586207 0.758621 0.119356 
0 0.62069 0.758621 0.132209 
0.0344828 0.62069 0.758621 0.136027 
0.0689655 0.62069 0.758621 0.13033 
0.103448 0.62069 0.758621 0.131809 
0.137931 0.62069 0.758621 0.131509 
0.172414 0.62069 0.758621 0.134259 
0.206897 0.62069 0.758621 0.134248 
0.241379 0.62069 0.758621 0.133242 
0.275862 0.62069 0.758621 0.134617 
0.310345 0.62069 0.758621 0.128083 
0.344828 0.62069 0.758621 0.133869 
0.37931 0.62069 0.758621 0.133798 
0.413793 0.62069 0.758621 0.134259 
0.448276 0.62069 0.758621 0.130814 
0.482759 0.62069 0.758621 0.108951 
0.517241 0.62069 0.758621 0.132032 
0.551724 0.62069 0.758621 0.133398 
0.586207 0.62069 0.758621 0.128282 
0.62069 0.62069 0.758621 0.131325 
0.655172 0.62069 0.758621 0.132728 
0.689655 0.62069 0.758621 0.131284 
0.724138 0.62069 0.758621 0.122905 
0.758621 0.62069 0.758621 0.133615 
0.793103 0.62069 0.758621 0.132905 
0.827586 0.62069 0.758621 0.133103 
0.862069 0.62069 0.758621 0.134969 
0.896552 0.62069 0.758621 0.130727 
0.931034 0.62069 0.758621 0.130266 
0.965517 0.62069 0.758621 0.135008 
1 0.62069 0.758621 0.131502 
0 0.655172 0.758621 0.131967 
0.0344828 0.655172 0.758621 0.130841 
0.0689655 0.655172 0.758621 0.123352 
0.103448 0.655172 0.758621 0.128689 
0.137931 0.655172 0.758621 0.13126 
0.172414 0.655172 0.758621 0.133173 
0.206897 0.655172 0.758621 0.13395 
0.241379 0.655172 0.758621 0.118283 
0.275862 0.655172 0.758621 0.109148 
0.310345 0.655172 0.758621 0.125293 
0.344828 0.655172 0.758621 0.130913 
0.37931 0.655172 0.758621 0.133961 
0.413793 0.655172 0.758621 0.133696 
0.448276 0.655172 0.758621 0.13422 
0.482759 0.655172 0.758621 0.135621 
0.517241 0.655172 0.758621 0.13149 
0.551724 0.655172 0.758621 0.131286 
0.586207 0.655172 0.758621 0.127116 
0.62069 0.655172 0.758621 0.133595 
0.655172 0.655172 0.758621 0.134775 
0.689655 0.655172 0.758621 0.129235 
0.724138 0.655172 0.758621 0.134071 
0.758621 0.655172 0.758621 0.128573 
0.793103 0.655172 0.758621 0.131572 
0.827586 0.655172 0.758621 0.129957 
0.862069 0.655172 0.758621 0.133205 
0.896552 0.655172 0.758621 0.132544 
0.931034 0.655172 0.758621 0.132372 
0.965517 0.655172 0.758621 0.134779 
1 0.655172 0.758621 0.13236 
0 0.689655 0.758621 0.13282 
0.0344828 0.689655 0.758621 0.129193 
0.0689655 0.689655 0.758621 0.132268 
0.103448 0.689655 0.758621 0.133229 
0.137931 0.689655 0.758621 0.132714 
0.172414 0.689655 0.758621 0.133718 
0.206897 0.689655 0.758621 0.133067 
0.241379 0.689655 0.758621 0.134435 
0.275862 0.689655 0.758621 0.132133 
0.310345 0.689655 0.758621 0.130446 
0.344828 0.689655 0.758621 0.130789 
0.37931 0.689655 0.758621 0.13242 
0.413793 0.689655 0.758621 0.125449 
0.448276 0.689655 0.758621 0.135042 
0.482759 0.689655 0.758621 0.140346 
0.517241 0.689655 0.758621 0.131886 
0.551724 0.689655 0.758621 0.134153 
0.586207 0.689655 0.758621 0.12805 
0.62069 0.689655 0.758621 0.133543 
0.655172 0.689655 0.758621 0.130991 
0.689655 0.689655 0.758621 0.134675 
0.724138 0.689655 0.758621 0.136481 
0.758621 0.689655 0.758621 0.133989 
0.793103 0.689655 0.758621 0.134079 
0.827586 0.689655 0.758621 0.13565 
0.862069 0.689655 0.758621 0.134601 
0.896552 0.689655 0.758621 0.129775 
0.931034 0.689655 0.758621 0.130903 
0.965517 0.689655 0.758621 0.129033 
1 0.689655 0.758621 0.132627 
0 0.724138 0.758621 0.134567 
0.0344828 0.724138 0.758621 0.131284 
0.0689655 0.724138 0.758621 0.121751 
0.103448 0.724138 0.758621 0.132447 
0.137931 0.724138 0.758621 0.125246 
0.172414 0.724138 0.758621 0.134019 
0.206897 0.724138 0.758621 0.130783 
0.241379 0.724138 0.758621 0.130776 
0.275862 0.724138 0.758621 0.133787 
0.310345 0.724138 0.758621 0.129915 
0.344828 0.724138 0.758621 0.130873 
0.37931 0.724138 0.758621 0.131089 
0.413793 0.724138 0.758621 0.12809 
0.448276 0.724138 0.758621 0.128882 
0.482759 0.724138 0.758621 0.133304 
0.517241 0.724138 0.758621 0.135584 
0.551724 0.724138 0.758621 0.133701 
0.586207 0.724138 0.758621 0.133044 
0.62069 0.724138 0.758621 0.128259 
0.655172 0.724138 0.758621 0.134119 
0.689655 0.724138 0.758621 0.132416 
0.724138 0.724138 0.758621 0.132959 
0.758621 0.724138 0.758621 0.133579 
0.793103 0.724138 0.758621 0.130384 
0.827586 0.724138 0.758621 0.133696 
0.862069 0.724138 0.758621 0.130133 
0.896552 0.724138 0.758621 0.133526 
0.931034 0.724138 0.758621 0.130821 
0.965517 0.724138 0.758621 0.135635 
1 0.724138 0.758621 0.132228 
0 0.758621 0.758621 0.131666 
0.0344828 0.758621 0.758621 0.126103 
0.0689655 0.758621 0.758621 0.135984 
0.103448 0.758621 0.758621 0.134248 
0.137931 0.758621 0.758621 0.130217 
0.172414 0.758621 0.758621 0.132177 
0.206897 0.758621 0.758621 0.131469 
0.241379 0.758621 0.758621 0.132537 
0.275862 0.758621 0.758621 0.133471 
0.310345 0.758621 0.758621 0.132866 
0.344828 0.758621 0.758621 0.133417 
0.37931 0.758621 0.758621 0.13365 
0.413793 0.758621 0.758621 0.13295 
0.448276 0.758621 0.758621 0.130393 
0.482759 0.758621 0.758621 0.134147 
0.517241 0.758621 0.758621 0.133313 
0.551724 0.758621 0.758621 0.133188 
0.586207 0.758621 0.758621 0.133456 
0.62069 0.758621 0.758621 0.131145 
0.655172 0.758621 0.758621 0.13185 
0.689655 0.758621 0.758621 0.133959 
0.724138 0.758621 0.758621 0.132513 
0.758621 0.758621 0.758621 0.134882 
0.793103 0.758621 0.758621 0.133244 
0.827586 0.758621 0.758621 0.130331 
0.862069 0.758621 0.758621 0.132812 
0.896552 0.758621 0.758621 0.133017 
0.931034 0.758621 0.758621 0.130207 
0.965517 0.758621 0.758621 0.135569 
1 0.758621 0.758621 0.132859 
0 0.793103 0.758621 0.131003 
0.0344828 0.793103 0.758621 0.13351 
0.0689655 0.793103 0.758621 0.135292 
0.103448 0.793103 0.758621 0.125813 
0.137931 0.793103 0.758621 0.130851 
0.172414 0.793103 0.758621 0.133146 
0.206897 0.793103 0.758621 0.131317 
0.241379 0.793103 0.758621 0.133311 
0.275862 0.793103 0.758621 0.132855 
0.310345 0.793103 0.758621 0.13006 
0.344828 0.793103 0.758621 0.133298 
0.37931 0.793103 0.758621 0.13011 
0.413793 0.793103 0.758621 0.125886 
0.448276 0.793103 0.758621 0.132999 
0.482759 0.793103 0.758621 0.129995 
0.517241 0.793103 0.758621 0.129798 
0.551724 0.793103 0.758621 0.129755 
0.586207 0.793103 0.758621 0.129902 
0.62069 0.793103 0.758621 0.130554 
0.655172 0.793103 0.758621 0.131993 
0.689655 0.793103 0.758621 0.135435 
0.724138 0.793103 0.758621 0.130414 
0.758621 0.793103 0.758621 0.132986 
0.793103 0.793103 0.758621 0.13364 
0.827586 0.793103 0.758621 0.129996 
0.862069 0.793103 0.758621 0.13262 
0.896552 0.793103 0.758621 0.131533 
0.931034 0.793103 0.758621 0.123537 
0.965517 0.793103 0.758621 0.1226 
1 0.793103 0.758621 0.133378 
0 0.827586 0.758621 0.132736 
0.0344828 0.827586 0.758621 0.132624 
0.0689655 0.827586 0.758621 0.132759 
0.103448 0.827586 0.758621 0.130043 
0.137931 0.827586 0.758621 0.133135 
0.172414 0.827586 0.758621 0.1332 
0.206897 0.827586 0.758621 0.133133 
0.241379 0.827586 0.758621 0.133643 
0.275862 0.827586 0.758621 0.130479 
0.310345 0.827586 0.758621 0.135083 
0.344828 0.827586 0.758621 0.130196 
0.37931 0.827586 0.758621 0.128589 
0.413793 0.827586 0.758621 0.13061 
0.448276 0.827586 0.758621 0.13158 
0.482759 0.827586 0.758621 0.132023 
0.517241 0.827586 0.758621 0.1322 
0.551724 0.827586 0.758621 0.129404 
0.586207 0.827586 0.758621 0.133043 
0.62069 0.827586 0.758621 0.132156 
0.655172 0.827586 0.758621 0.130324 
0.689655 0.827586 0.758621 0.133352 
0.724138 0.827586 0.758621 0.132932 
0.758621 0.827586 0.758621 0.136867 
0.793103 0.827586 0.758621 0.133194 
0.827586 0.827586 0.758621 0.13581 
0.862069 0.827586 0.758621 0.129944 
0.896552 0.827586 0.758621 0.133919 
0.931034 0.827586 0.758621 0.125732 
0.965517 0.827586 0.758621 0.13154 
1 0.827586 0.758621 0.129387 
0 0.862069 0.758621 0.130496 
0.0344828 0.862069 0.758621 0.129759 
0.0689655 0.862069 0.758621 0.132432 
0.103448 0.862069 0.758621 0.132498 
0.137931 0.862069 0.758621 0.131577 
0.172414 0.862069 0.758621 0.131534 
0.206897 0.862069 0.758621 0.128179 
0.241379 0.862069 0.758621 0.128757 
0.275862 0.862069 0.758621 0.133457 
0.310345 0.862069 0.758621 0.133264 
0.344828 0.862069 0.758621 0.131805 
0.37931 0.862069 0.758621 0.133161 
0.413793 0.862069 0.758621 0.136436 
0.448276 0.862069 0.758621 0.136189 
0.482759 0.862069 0.758621 0.133666 
0.517241 0.862069 0.758621 0.130007 
0.551724 0.862069 0.758621 0.132634 
0.586207 0.862069 0.758621 0.130717 
0.62069 0.862069 0.758621 0.133376 
0.655172 0.862069 0.758621 0.129659 
0.689655 0.862069 0.758621 0.129995 
0.724138 0.862069 0.758621 0.132351 
0.758621 0.862069 0.758621 0.123602 
0.793103 0.862069 0.758621 0.135347 
0.827586 0.862069 0.758621 0.133086 
0.862069 0.862069 0.758621 0.129129 
0.896552 0.862069 0.758621 0.126167 
0.931034 0.862069 0.758621 0.132772 
0.965517 0.862069 0.758621 0.138089 
1 0.862069 0.758621 0.129154 
0 0.896552 0.758621 0.132181 
0.0344828 0.896552 0.758621 0.132039 
0.0689655 0.896552 0.758621 0.133015 
0.103448 0.896552 0.758621 0.13088 
0.137931 0.896552 0.758621 0.121409 
0.172414 0.896552 0.758621 0.133052 
0.206897 0.896552 0.758621 0.132642 
0.241379 0.896552 0.758621 0.133589 
0.275862 0.896552 0.758621 0.123541 
0.310345 0.896552 0.758621 0.12996 
0.344828 0.896552 0.758621 0.13307 
0.37931 0.896552 0.758621 0.133518 
0.413793 0.896552 0.758621 0.131745 
0.448276 0.896552 0.758621 0.135377 
0.482759 0.896552 0.758621 0.132728 
0.517241 0.896552 0.758621 0.130663 
0.551724 0.896552 0.758621 0.129905 
0.586207 0.896552 0.758621 0.133503 
0.62069 0.896552 0.758621 0.135809 
0.655172 0.896552 0.758621 0.133641 
0.689655 0.896552 0.758621 0.130857 
0.724138 0.896552 0.758621 0.13277 
0.758621 0.896552 0.758621 0.132371 
0.793103 0.896552 0.758621 0.134467 
0.827586 0.896552 0.758621 0.131029 
0.862069 0.896552 0.758621 0.134907 
0.896552 0.896552 0.758621 0.132631 
0.931034 0.896552 0.758621 0.126554 
0.965517 0.896552 0.758621 0.132628 
1 0.896552 0.758621 0.132142 
0 0.931034 0.758621 0.132804 
0.0344828 0.931034 0.758621 0.130396 
0.0689655 0.931034 0.758621 0.132286 
0.103448 0.931034 0.758621 0.132359 
0.137931 0.931034 0.758621 0.133706 
0.172414 0.931034 0.758621 0.131657 
0.206897 0.931034 0.758621 0.133997 
0.241379 0.931034 0.758621 0.12706 
0.275862 0.931034 0.758621 0.132963 
0.310345 0.931034 0.758621 0.129688 
0.344828 0.931034 0.758621 0.130342 
0.37931 0.931034 0.758621 0.133348 
0.413793 0.931034 0.758621 0.132999 
0.448276 0.931034 0.758621 0.13137 
0.482759 0.931034 0.758621 0.127159 
0.517241 0.931034 0.758621 0.132218 
0.551724 0.931034 0.758621 0.129761 
0.586207 0.931034 0.758621 0.134289 
0.62069 0.931034 0.758621 0.132541 
0.655172 0.931034 0.758621 0.134006 
0.689655 0.931034 0.758621 0.128831 
0.724138 0.931034 0.758621 0.129773 
0.758621 0.931034 0.758621 0.132577 
0.793103 0.931034 0.758621 0.132845 
0.827586 0.931034 0.758621 0.126541 
0.862069 0.931034 0.758621 0.13216 
0.896552 0.931034 0.758621 0.126307 
0.931034 0.931034 0.758621 0.129744 
0.965517 0.931034 0.758621 0.131929 
1 0.931034 0.758621 0.132124 
0 0.965517 0.758621 0.131268 
0.0344828 0.965517 0.758621 0.132902 
0.0689655 0.965517 0.758621 0.131776 
0.103448 0.965517 0.758621 0.125776 
0.137931 0.965517 0.758621 0.132104 
0.172414 0.965517 0.758621 0.131877 
0.206897 0.965517 0.758621 0.130307 
0.241379 0.965517 0.758621 0.129351 
0.275862 0.965517 0.758621 0.124576 
0.310345 0.965517 0.758621 0.129974 
0.344828 0.965517 0.758621 0.131053 
0.37931 0.965517 0.758621 0.126965 
0.413793 0.965517 0.758621 0.126087 
0.448276 0.965517 0.758621 0.125199 
0.482759 0.965517 0.758621 0.130829 
0.517241 0.965517 0.758621 0.125253 
0.551724 0.965517 0.758621 0.131699 
0.586207 0.965517 0.758621 0.128591 
0.62069 0.965517 0.758621 0.125022 
0.655172 0.965517 0.758621 0.128116 
0.689655 0.965517 0.758621 0.131557 
0.724138 0.965517 0.758621 0.130309 
0.758621 0.965517 0.758621 0.1276 
0.793103 0.965517 0.758621 0.125949 
0.827586 0.965517 0.758621 0.132344 
0.862069 0.965517 0.758621 0.131111 
0.896552 0.965517 0.758621 0.129197 
0.931034 0.965517 0.758621 0.132458 
0.965517 0.965517 0.758621 0.126873 
1 0.965517 0.758621 0.127066 
0 1 0.758621 0.132537 
0.0344828 1 0.758621 0.131861 
0.0689655 1 0.758621 0.132419 
0.103448 1 0.758621 0.128063 
0.137931 1 0.758621 0.128485 
0.172414 1 0.758621 0.128215 
0.206897 1 0.758621 0.132045 
0.241379 1 0.758621 0.129968 
0.275862 1 0.758621 0.128349 
0.310345 1 0.758621 0.126387 
0.344828 1 0.758621 0.127833 
0.37931 1 0.758621 0.131707 
0.413793 1 0.758621 0.132799 
0.448276 1 0.758621 0.131815 
0.482759 1 0.758621 0.132615 
0.517241 1 0.758621 0.128703 
0.551724 1 0.758621 0.128002 
0.586207 1 0.758621 0.131877 
0.62069 1 0.758621 0.133088 
0.655172 1 0.758621 0.125322 
0.689655 1 0.758621 0.128899 
0.724138 1 0.758621 0.13308 
0.758621 1 0.758621 0.128702 
0.793103 1 0.758621 0.130818 
0.827586 1 0.758621 0.131781 
0.862069 1 0.758621 0.126013 
0.896552 1 0.758621 0.129177 
0.931034 1 0.758621 0.128698 
0.965517 1 0.758621 0.131889 
1 1 0.758621 0.131448 
0 0 0.793103 0.124651 
0.0344828 0 0.793103 0.124651 
0.0689655 0 0.793103 0.124651 
0.103448 0 0.793103 0.124651 
0.137931 0 0.793103 0.124651 
0.172414 0 0.793103 0.124651 
0.206897 0 0.793103 0.124651 
0.241379 0 0.793103 0.124651 
0.275862 0 0.793103 0.124651 
0.310345 0 0.793103 0.124651 
0.344828 0 0.793103 0.124651 
0.37931 0 0.793103 0.124651 
0.413793 0 0.793103 0.124651 
0.448276 0 0.793103 0.124651 
0.482759 0 0.793103 0.124651 
0.517241 0 0.793103 0.124651 
0.551724 0 0.793103 0.124651 
0.586207 0 0.793103 0.124651 
0.62069 0 0.793103 0.124651 
0.655172 0 0.793103 0.124651 
0.689655 0 0.793103 0.124651 
0.724138 0 0.793103 0.124651 
0.758621 0 0.793103 0.124651 
0.793103 0 0.793103 0.124651 
0.827586 0 0.793103 0.124651 
0.862069 0 0.793103 0.124651 
0.896552 0 0.793103 0.124651 
0.931034 0 0.793103 0.124651 
0.965517 0 0.793103 0.124651 
1 0 0.793103 0.124651 
0 0.0344828 0.793103 0.122321 
0.0344828 0.0344828 0.793103 0.123973 
0.0689655 0.0344828 0.793103 0.125651 
0.103448 0.0344828 0.793103 0.126811 
0.137931 0.0344828 0.793103 0.122145 
0.172414 0.0344828 0.793103 0.124106 
0.206897 0.0344828 0.793103 0.119554 
0.241379 0.0344828 0.793103 0.124302 
0.275862 0.0344828 0.793103 0.125417 
0.310345 0.0344828 0.793103 0.123892 
0.344828 0.0344828 0.793103 0.124848 
0.37931 0.0344828 0.793103 0.124257 
0.413793 0.0344828 0.793103 0.123417 
0.448276 0.0344828 0.793103 0.122723 
0.482759 0.0344828 0.793103 0.123784 
0.517241 0.0344828 0.793103 0.123317 
0.551724 0.0344828 0.793103 0.122394 
0.586207 0.0344828 0.793103 0.122758 
0.62069 0.0344828 0.793103 0.123183 
0.655172 0.0344828 0.793103 0.119578 
0.689655 0.0344828 0.793103 0.116571 
0.724138 0.0344828 0.793103 0.122759 
0.758621 0.0344828 0.793103 0.12328 
0.793103 0.0344828 0.793103 0.120865 
0.827586 0.0344828 0.793103 0.121007 
0.862069 0.0344828 0.793103 0.124203 
0.896552 0.0344828 0.793103 0.124498 
0.931034 0.0344828 0.793103 0.122632 
0.965517 0.0344828 0.793103 0.123115 
1 0.0344828 0.793103 0.12299 
0 0.0689655 0.793103 0.1122 
0.0344828 0.0689655 0.793103 0.122921 
0.0689655 0.0689655 0.793103 0.124275 
0.103448 0.0689655 0.793103 0.127877 
0.137931 0.0689655 0.793103 0.127512 
0.172414 0.0689655 0.793103 0.124806 
0.206897 0.0689655 0.793103 0.125275 
0.241379 0.0689655 0.793103 0.118863 
0.275862 0.0689655 0.793103 0.122964 
0.310345 0.0689655 0.793103 0.123347 
0.344828 0.0689655 0.793103 0.122424 
0.37931 0.0689655 0.793103 0.122143 
0.413793 0.0689655 0.793103 0.124128 
0.448276 0.0689655 0.793103 0.123191 
0.482759 0.0689655 0.793103 0.118921 
0.517241 0.0689655 0.793103 0.123234 
0.551724 0.0689655 0.793103 0.124265 
0.586207 0.0689655 0.793103 0.117398 
0.62069 0.0689655 0.793103 0.12399 
0.655172 0.0689655 0.793103 0.113211 
0.689655 0.0689655 0.793103 0.122583 
0.724138 0.0689655 0.793103 0.122658 
0.758621 0.0689655 0.793103 0.124289 
0.793103 0.0689655 0.793103 0.123576 
0.827586 0.0689655 0.793103 0.123196 
0.862069 0.0689655 0.793103 0.123238 
0.896552 0.0689655 0.793103 0.116508 
0.931034 0.0689655 0.793103 0.124343 
0.965517 0.0689655 0.793103 0.12595 
1 0.0689655 0.793103 0.103667 
0 0.103448 0.793103 0.119887 
0.0344828 0.103448 0.793103 0.123204 
0.0689655 0.103448 0.793103 0.12172 
0.103448 0.103448 0.793103 0.12095 
0.137931 0.103448 0.793103 0.108638 
0.172414 0.103448 0.793103 0.122484 
0.206897 0.103448 0.793103 0.126741 
0.241379 0.103448 0.793103 0.111745 
0.275862 0.103448 0.793103 0.124911 
0.310345 0.103448 0.793103 0.12068 
0.344828 0.103448 0.793103 0.120976 
0.37931 0.103448 0.793103 0.123916 
0.413793 0.103448 0.793103 0.124322 
0.448276 0.103448 0.793103 0.122833 
0.482759 0.103448 0.793103 0.121365 
0.517241 0.103448 0.793103 0.117328 
0.551724 0.103448 0.793103 0.119244 
0.586207 0.103448 0.793103 0.123244 
0.62069 0.103448 0.793103 0.123464 
0.655172 0.103448 0.793103 0.120347 
0.689655 0.103448 0.793103 0.123505 
0.724138 0.103448 0.793103 0.124158 
0.758621 0.103448 0.793103 0.124274 
0.793103 0.103448 0.793103 0.117061 
0.827586 0.103448 0.793103 0.117663 
0.862069 0.103448 0.793103 0.119155 
0.896552 0.103448 0.793103 0.124086 
0.931034 0.103448 0.793103 0.123956 
0.965517 0.103448 0.793103 0.124655 
1 0.103448 0.793103 0.124088 
0 0.137931 0.793103 0.121846 
0.0344828 0.137931 0.793103 0.117218 
0.0689655 0.137931 0.793103 0.123652 
0.103448 0.137931 0.793103 0.122585 
0.137931 0.137931 0.793103 0.123866 
0.172414 0.137931 0.793103 0.123441 
0.206897 0.137931 0.793103 0.119976 
0.241379 0.137931 0.793103 0.121426 
0.275862 0.137931 0.793103 0.124478 
0.310345 0.137931 0.793103 0.121756 
0.344828 0.137931 0.793103 0.123105 
0.37931 0.137931 0.793103 0.123831 
0.413793 0.137931 0.793103 0.123922 
0.448276 0.137931 0.793103 0.122744 
0.482759 0.137931 0.793103 0.120246 
0.517241 0.137931 0.793103 0.121839 
0.551724 0.137931 0.793103 0.121982 
0.586207 0.137931 0.793103 0.11961 
0.62069 0.137931 0.793103 0.120018 
0.655172 0.137931 0.793103 0.125391 
0.689655 0.137931 0.793103 0.123674 
0.724138 0.137931 0.793103 0.120365 
0.758621 0.137931 0.793103 0.123198 
0.793103 0.137931 0.793103 0.120552 
0.827586 0.137931 0.793103 0.120595 
0.862069 0.137931 0.793103 0.122605 
0.896552 0.137931 0.793103 0.108028 
0.931034 0.137931 0.793103 0.123514 
0.965517 0.137931 0.793103 0.120792 
1 0.137931 0.793103 0.125117 
0 0.172414 0.793103 0.122606 
0.0344828 0.172414 0.793103 0.122221 
0.0689655 0.172414 0.793103 0.121598 
0.103448 0.172414 0.793103 0.116161 
0.137931 0.172414 0.793103 0.104089 
0.172414 0.172414 0.793103 0.122644 
0.206897 0.172414 0.793103 0.119814 
0.241379 0.172414 0.793103 0.122441 
0.275862 0.172414 0.793103 0.124383 
0.310345 0.172414 0.793103 0.124678 
0.344828 0.172414 0.793103 0.120882 
0.37931 0.172414 0.793103 0.129252 
0.413793 0.172414 0.793103 0.124232 
0.448276 0.172414 0.793103 0.120384 
0.482759 0.172414 0.793103 0.119972 
0.517241 0.172414 0.793103 0.119333 
0.551724 0.172414 0.793103 0.124062 
0.586207 0.172414 0.793103 0.124854 
0.62069 0.172414 0.793103 0.123543 
0.655172 0.172414 0.793103 0.121204 
0.689655 0.172414 0.793103 0.122258 
0.724138 0.172414 0.793103 0.120899 
0.758621 0.172414 0.793103 0.123373 
0.793103 0.172414 0.793103 0.122816 
0.827586 0.172414 0.793103 0.122843 
0.862069 0.172414 0.793103 0.123613 
0.896552 0.172414 0.793103 0.123569 
0.931034 0.172414 0.793103 0.123089 
0.965517 0.172414 0.793103 0.120462 
1 0.172414 0.793103 0.122449 
0 0.206897 0.793103 0.114227 
0.0344828 0.206897 0.793103 0.121141 
0.0689655 0.206897 0.793103 0.122587 
0.103448 0.206897 0.793103 0.122764 
0.137931 0.206897 0.793103 0.126636 
0.172414 0.206897 0.793103 0.122659 
0.206897 0.206897 0.793103 0.115063 
0.241379 0.206897 0.793103 0.118528 
0.275862 0.206897 0.793103 0.123248 
0.310345 0.206897 0.793103 0.122636 
0.344828 0.206897 0.793103 0.118538 
0.37931 0.206897 0.793103 0.118592 
0.413793 0.206897 0.793103 0.120845 
0.448276 0.206897 0.793103 0.118991 
0.482759 0.206897 0.793103 0.120837 
0.517241 0.206897 0.793103 0.122898 
0.551724 0.206897 0.793103 0.12283 
0.586207 0.206897 0.793103 0.121594 
0.62069 0.206897 0.793103 0.11669 
0.655172 0.206897 0.793103 0.120438 
0.689655 0.206897 0.793103 0.122108 
0.724138 0.206897 0.793103 0.124064 
0.758621 0.206897 0.793103 0.124445 
0.793103 0.206897 0.793103 0.123059 
0.827586 0.206897 0.793103 0.122318 
0.862069 0.206897 0.793103 0.124075 
0.896552 0.206897 0.793103 0.123459 
0.931034 0.206897 0.793103 0.119955 
0.965517 0.206897 0.793103 0.120266 
1 0.206897 0.793103 0.123376 
0 0.241379 0.793103 0.120417 
0.0344828 0.241379 0.793103 0.119052 
0.0689655 0.241379 0.793103 0.12315 
0.103448 0.241379 0.793103 0.120857 
0.137931 0.241379 0.793103 0.125112 
0.172414 0.241379 0.793103 0.124966 
0.206897 0.241379 0.793103 0.122842 
0.241379 0.241379 0.793103 0.123974 
0.275862 0.241379 0.793103 0.123263 
0.310345 0.241379 0.793103 0.123149 
0.344828 0.241379 0.793103 0.122158 
0.37931 0.241379 0.793103 0.122532 
0.413793 0.241379 0.793103 0.123206 
0.448276 0.241379 0.793103 0.124358 
0.482759 0.241379 0.793103 0.122699 
0.517241 0.241379 0.793103 0.123016 
0.551724 0.241379 0.793103 0.120553 
0.586207 0.241379 0.793103 0.120662 
0.62069 0.241379 0.793103 0.122791 
0.655172 0.241379 0.793103 0.124261 
0.689655 0.241379 0.793103 0.117266 
0.724138 0.241379 0.793103 0.120453 
0.758621 0.241379 0.793103 0.12297 
0.793103 0.241379 0.793103 0.123734 
0.827586 0.241379 0.793103 0.120417 
0.862069 0.241379 0.793103 0.121408 
0.896552 0.241379 0.793103 0.122681 
0.931034 0.241379 0.793103 0.120937 
0.965517 0.241379 0.793103 0.123705 
1 0.241379 0.793103 0.123296 
0 0.275862 0.793103 0.119817 
0.0344828 0.275862 0.793103 0.122345 
0.0689655 0.275862 0.793103 0.124906 
0.103448 0.275862 0.793103 0.120198 
0.137931 0.275862 0.793103 0.122692 
0.172414 0.275862 0.793103 0.121784 
0.206897 0.275862 0.793103 0.120304 
0.241379 0.275862 0.793103 0.124533 
0.275862 0.275862 0.793103 0.119926 
0.310345 0.275862 0.793103 0.123061 
0.344828 0.275862 0.793103 0.116936 
0.37931 0.275862 0.793103 0.121191 
0.413793 0.275862 0.793103 0.123095 
0.448276 0.275862 0.793103 0.122958 
0.482759 0.275862 0.793103 0.122976 
0.517241 0.275862 0.793103 0.122536 
0.551724 0.275862 0.793103 0.12563 
0.586207 0.275862 0.793103 0.118756 
0.62069 0.275862 0.793103 0.125812 
0.655172 0.275862 0.793103 0.122272 
0.689655 0.275862 0.793103 0.123609 
0.724138 0.275862 0.793103 0.125039 
0.758621 0.275862 0.793103 0.121134 
0.793103 0.275862 0.793103 0.122699 
0.827586 0.275862 0.793103 0.120947 
0.862069 0.275862 0.793103 0.121791 
0.896552 0.275862 0.793103 0.122601 
0.931034 0.275862 0.793103 0.123731 
0.965517 0.275862 0.793103 0.11979 
1 0.275862 0.793103 0.125049 
0 0.310345 0.793103 0.117922 
0.0344828 0.310345 0.793103 0.122252 
0.0689655 0.310345 0.793103 0.123657 
0.103448 0.310345 0.793103 0.122596 
0.137931 0.310345 0.793103 0.12119 
0.172414 0.310345 0.793103 0.123412 
0.206897 0.310345 0.793103 0.0997012 
0.241379 0.310345 0.793103 0.122554 
0.275862 0.310345 0.793103 0.122957 
0.310345 0.310345 0.793103 0.122469 
0.344828 0.310345 0.793103 0.12291 
0.37931 0.310345 0.793103 0.123145 
0.413793 0.310345 0.793103 0.120193 
0.448276 0.310345 0.793103 0.122875 
0.482759 0.310345 0.793103 0.123921 
0.517241 0.310345 0.793103 0.123402 
0.551724 0.310345 0.793103 0.123941 
0.586207 0.310345 0.793103 0.119993 
0.62069 0.310345 0.793103 0.118814 
0.655172 0.310345 0.793103 0.120008 
0.689655 0.310345 0.793103 0.115016 
0.724138 0.310345 0.793103 0.120104 
0.758621 0.310345 0.793103 0.123432 
0.793103 0.310345 0.793103 0.122892 
0.827586 0.310345 0.793103 0.101812 
0.862069 0.310345 0.793103 0.118933 
0.896552 0.310345 0.793103 0.123127 
0.931034 0.310345 0.793103 0.12128 
0.965517 0.310345 0.793103 0.121041 
1 0.310345 0.793103 0.119357 
0 0.344828 0.793103 0.124025 
0.0344828 0.344828 0.793103 0.124376 
0.0689655 0.344828 0.793103 0.122692 
0.103448 0.344828 0.793103 0.121446 
0.137931 0.344828 0.793103 0.122319 
0.172414 0.344828 0.793103 0.119891 
0.206897 0.344828 0.793103 0.12042 
0.241379 0.344828 0.793103 0.119796 
0.275862 0.344828 0.793103 0.117721 
0.310345 0.344828 0.793103 0.122589 
0.344828 0.344828 0.793103 0.122058 
0.37931 0.344828 0.793103 0.122359 
0.413793 0.344828 0.793103 0.122304 
0.448276 0.344828 0.793103 0.120594 
0.482759 0.344828 0.793103 0.119987 
0.517241 0.344828 0.793103 0.121752 
0.551724 0.344828 0.793103 0.119012 
0.586207 0.344828 0.793103 0.122793 
0.62069 0.344828 0.793103 0.0993123 
0.655172 0.344828 0.793103 0.122406 
0.689655 0.344828 0.793103 0.12366 
0.724138 0.344828 0.793103 0.120312 
0.758621 0.344828 0.793103 0.125501 
0.793103 0.344828 0.793103 0.117691 
0.827586 0.344828 0.793103 0.113006 
0.862069 0.344828 0.793103 0.124915 
0.896552 0.344828 0.793103 0.118098 
0.931034 0.344828 0.793103 0.120464 
0.965517 0.344828 0.793103 0.124385 
1 0.344828 0.793103 0.121069 
0 0.37931 0.793103 0.122578 
0.0344828 0.37931 0.793103 0.121313 
0.0689655 0.37931 0.793103 0.127141 
0.103448 0.37931 0.793103 0.123274 
0.137931 0.37931 0.793103 0.119202 
0.172414 0.37931 0.793103 0.122946 
0.206897 0.37931 0.793103 0.122946 
0.241379 0.37931 0.793103 0.120318 
0.275862 0.37931 0.793103 0.118311 
0.310345 0.37931 0.793103 0.118758 
0.344828 0.37931 0.793103 0.123663 
0.37931 0.37931 0.793103 0.12173 
0.413793 0.37931 0.793103 0.11808 
0.448276 0.37931 0.793103 0.122238 
0.482759 0.37931 0.793103 0.117413 
0.517241 0.37931 0.793103 0.122701 
0.551724 0.37931 0.793103 0.12111 
0.586207 0.37931 0.793103 0.123081 
0.62069 0.37931 0.793103 0.122253 
0.655172 0.37931 0.793103 0.118032 
0.689655 0.37931 0.793103 0.120827 
0.724138 0.37931 0.793103 0.100231 
0.758621 0.37931 0.793103 0.122533 
0.793103 0.37931 0.793103 0.123657 
0.827586 0.37931 0.793103 0.12195 
0.862069 0.37931 0.793103 0.122661 
0.896552 0.37931 0.793103 0.122894 
0.931034 0.37931 0.793103 0.122339 
0.965517 0.37931 0.793103 0.122953 
1 0.37931 0.793103 0.124658 
0 0.413793 0.793103 0.121263 
0.0344828 0.413793 0.793103 0.11695 
0.0689655 0.413793 0.793103 0.116385 
0.103448 0.413793 0.793103 0.122334 
0.137931 0.413793 0.793103 0.104472 
0.172414 0.413793 0.793103 0.120453 
0.206897 0.413793 0.793103 0.120372 
0.241379 0.413793 0.793103 0.125457 
0.275862 0.413793 0.793103 0.122246 
0.310345 0.413793 0.793103 0.120462 
0.344828 0.413793 0.793103 0.115986 
0.37931 0.413793 0.793103 0.118766 
0.413793 0.413793 0.793103 0.119178 
0.448276 0.413793 0.793103 0.121864 
0.482759 0.413793 0.793103 0.117595 
0.517241 0.413793 0.793103 0.122196 
0.551724 0.413793 0.793103 0.116717 
0.586207 0.413793 0.793103 0.122107 
0.62069 0.413793 0.793103 0.123095 
0.655172 0.413793 0.793103 0.12064 
0.689655 0.413793 0.793103 0.113587 
0.724138 0.413793 0.793103 0.120767 
0.758621 0.413793 0.793103 0.11999 
0.793103 0.413793 0.793103 0.121095 
0.827586 0.413793 0.793103 0.122711 
0.862069 0.413793 0.793103 0.123843 
0.896552 0.413793 0.793103 0.118943 
0.931034 0.413793 0.793103 0.116965 
0.965517 0.413793 0.793103 0.119921 
1 0.413793 0.793103 0.121459 
0 0.448276 0.793103 0.120628 
0.0344828 0.448276 0.793103 0.121598 
0.0689655 0.448276 0.793103 0.122638 
0.103448 0.448276 0.793103 0.117806 
0.137931 0.448276 0.793103 0.118435 
0.172414 0.448276 0.793103 0.121024 
0.206897 0.448276 0.793103 0.120938 
0.241379 0.448276 0.793103 0.11819 
0.275862 0.448276 0.793103 0.122188 
0.310345 0.448276 0.793103 0.1209 
0.344828 0.448276 0.793103 0.119021 
0.37931 0.448276 0.793103 0.120136 
0.413793 0.448276 0.793103 0.121453 
0.448276 0.448276 0.793103 0.121431 
0.482759 0.448276 0.793103 0.120406 
0.517241 0.448276 0.793103 0.119684 
0.551724 0.448276 0.793103 0.116237 
0.586207 0.448276 0.793103 0.120107 
0.62069 0.448276 0.793103 0.122776 
0.655172 0.448276 0.793103 0.0995586 
0.689655 0.448276 0.793103 0.124884 
0.724138 0.448276 0.793103 0.121857 
0.758621 0.448276 0.793103 0.119996 
0.793103 0.448276 0.793103 0.117728 
0.827586 0.448276 0.793103 0.122113 
0.862069 0.448276 0.793103 0.119363 
0.896552 0.448276 0.793103 0.120805 
0.931034 0.448276 0.793103 0.119593 
0.965517 0.448276 0.793103 0.0988108 
1 0.448276 0.793103 0.121936 
0 0.482759 0.793103 0.119868 
0.0344828 0.482759 0.793103 0.121557 
0.0689655 0.482759 0.793103 0.122789 
0.103448 0.482759 0.793103 0.114923 
0.137931 0.482759 0.793103 0.115211 
0.172414 0.482759 0.793103 0.122479 
0.206897 0.482759 0.793103 0.120558 
0.241379 0.482759 0.793103 0.121709 
0.275862 0.482759 0.793103 0.123978 
0.310345 0.482759 0.793103 0.106107 
0.344828 0.482759 0.793103 0.123107 
0.37931 0.482759 0.793103 0.11829 
0.413793 0.482759 0.793103 0.116561 
0.448276 0.482759 0.793103 0.122674 
0.482759 0.482759 0.793103 0.121787 
0.517241 0.482759 0.793103 0.120296 
0.551724 0.482759 0.793103 0.123956 
0.586207 0.482759 0.793103 0.122447 
0.62069 0.482759 0.793103 0.120895 
0.655172 0.482759 0.793103 0.118865 
0.689655 0.482759 0.793103 0.121679 
0.724138 0.482759 0.793103 0.122673 
0.758621 0.482759 0.793103 0.12092 
0.793103 0.482759 0.793103 0.121702 
0.827586 0.482759 0.793103 0.120029 
0.862069 0.482759 0.793103 0.124002 
0.896552 0.482759 0.793103 0.119871 
0.931034 0.482759 0.793103 0.118895 
0.965517 0.482759 0.793103 0.122368 
1 0.482759 0.793103 0.121272 
0 0.517241 0.793103 0.121017 
0.0344828 0.517241 0.793103 0.123506 
0.0689655 0.517241 0.793103 0.118882 
0.103448 0.517241 0.793103 0.118063 
0.137931 0.517241 0.793103 0.118481 
0.172414 0.517241 0.793103 0.122339 
0.206897 0.517241 0.793103 0.119191 
0.241379 0.517241 0.793103 0.121332 
0.275862 0.517241 0.793103 0.120329 
0.310345 0.517241 0.793103 0.124013 
0.344828 0.517241 0.793103 0.120704 
0.37931 0.517241 0.793103 0.12247 
0.413793 0.517241 0.793103 0.105992 
0.448276 0.517241 0.793103 0.121399 
0.482759 0.517241 0.793103 0.115712 
0.517241 0.517241 0.793103 0.112204 
0.551724 0.517241 0.793103 0.120019 
0.586207 0.517241 0.793103 0.121164 
0.62069 0.517241 0.793103 0.119824 
0.655172 0.517241 0.793103 0.120091 
0.689655 0.517241 0.793103 0.120401 
0.724138 0.517241 0.793103 0.121256 
0.758621 0.517241 0.793103 0.123631 
0.793103 0.517241 0.793103 0.116371 
0.827586 0.517241 0.793103 0.121931 
0.862069 0.517241 0.793103 0.12116 
0.896552 0.517241 0.793103 0.121885 
0.931034 0.517241 0.793103 0.120496 
0.965517 0.517241 0.793103 0.117004 
1 0.517241 0.793103 0.117205 
0 0.551724 0.793103 0.121121 
0.0344828 0.551724 0.793103 0.12394 
0.0689655 0.551724 0.793103 0.12079 
0.103448 0.551724 0.793103 0.114333 
0.137931 0.551724 0.793103 0.0848728 
0.172414 0.551724 0.793103 0.121765 
0.206897 0.551724 0.793103 0.12107 
0.241379 0.551724 0.793103 0.117254 
0.275862 0.551724 0.793103 0.115553 
0.310345 0.551724 0.793103 0.117794 
0.344828 0.551724 0.793103 0.122697 
0.37931 0.551724 0.793103 0.121018 
0.413793 0.551724 0.793103 0.115827 
0.448276 0.551724 0.793103 0.119316 
0.482759 0.551724 0.793103 0.119621 
0.517241 0.551724 0.793103 0.121339 
0.551724 0.551724 0.793103 0.117994 
0.586207 0.551724 0.793103 0.111386 
0.62069 0.551724 0.793103 0.119588 
0.655172 0.551724 0.793103 0.121873 
0.689655 0.551724 0.793103 0.119183 
0.724138 0.551724 0.793103 0.121184 
0.758621 0.551724 0.793103 0.119782 
0.793103 0.551724 0.793103 0.122197 
0.827586 0.551724 0.793103 0.0998446 
0.862069 0.551724 0.793103 0.119349 
0.896552 0.551724 0.793103 0.118644 
0.931034 0.551724 0.793103 0.121279 
0.965517 0.551724 0.793103 0.119819 
1 0.551724 0.793103 0.117477 
0 0.586207 0.793103 0.110753 
0.0344828 0.586207 0.793103 0.119349 
0.0689655 0.586207 0.793103 0.121837 
0.103448 0.586207 0.793103 0.118781 
0.137931 0.586207 0.793103 0.120121 
0.172414 0.586207 0.793103 0.118924 
0.206897 0.586207 0.793103 0.122315 
0.241379 0.586207 0.793103 0.119858 
0.275862 0.586207 0.793103 0.119111 
0.310345 0.586207 0.793103 0.119898 
0.344828 0.586207 0.793103 0.125499 
0.37931 0.586207 0.793103 0.116291 
0.413793 0.586207 0.793103 0.121428 
0.448276 0.586207 0.793103 0.119815 
0.482759 0.586207 0.793103 0.120092 
0.517241 0.586207 0.793103 0.119152 
0.551724 0.586207 0.793103 0.120562 
0.586207 0.586207 0.793103 0.120178 
0.62069 0.586207 0.793103 0.122114 
0.655172 0.586207 0.793103 0.122506 
0.689655 0.586207 0.793103 0.121437 
0.724138 0.586207 0.793103 0.119255 
0.758621 0.586207 0.793103 0.120125 
0.793103 0.586207 0.793103 0.121843 
0.827586 0.586207 0.793103 0.119759 
0.862069 0.586207 0.793103 0.121029 
0.896552 0.586207 0.793103 0.114422 
0.931034 0.586207 0.793103 0.118522 
0.965517 0.586207 0.793103 0.118739 
1 0.586207 0.793103 0.0968971 
0 0.62069 0.793103 0.118169 
0.0344828 0.62069 0.793103 0.12444 
0.0689655 0.62069 0.793103 0.118378 
0.103448 0.62069 0.793103 0.11844 
0.137931 0.62069 0.793103 0.120649 
0.172414 0.62069 0.793103 0.12142 
0.206897 0.62069 0.793103 0.121446 
0.241379 0.62069 0.793103 0.121931 
0.275862 0.62069 0.793103 0.116266 
0.310345 0.62069 0.793103 0.117591 
0.344828 0.62069 0.793103 0.123949 
0.37931 0.62069 0.793103 0.118444 
0.413793 0.62069 0.793103 0.119293 
0.448276 0.62069 0.793103 0.118937 
0.482759 0.62069 0.793103 0.110222 
0.517241 0.62069 0.793103 0.117264 
0.551724 0.62069 0.793103 0.121313 
0.586207 0.62069 0.793103 0.120799 
0.62069 0.62069 0.793103 0.118062 
0.655172 0.62069 0.793103 0.119697 
0.689655 0.62069 0.793103 0.121506 
0.724138 0.62069 0.793103 0.121687 
0.758621 0.62069 0.793103 0.119776 
0.793103 0.62069 0.793103 0.118532 
0.827586 0.62069 0.793103 0.121532 
0.862069 0.62069 0.793103 0.121358 
0.896552 0.62069 0.793103 0.115528 
0.931034 0.62069 0.793103 0.116352 
0.965517 0.62069 0.793103 0.121836 
1 0.62069 0.793103 0.114435 
0 0.655172 0.793103 0.121041 
0.0344828 0.655172 0.793103 0.117129 
0.0689655 0.655172 0.793103 0.121257 
0.103448 0.655172 0.793103 0.122468 
0.137931 0.655172 0.793103 0.120599 
0.172414 0.655172 0.793103 0.117211 
0.206897 0.655172 0.793103 0.118043 
0.241379 0.655172 0.793103 0.116702 
0.275862 0.655172 0.793103 0.118232 
0.310345 0.655172 0.793103 0.122162 
0.344828 0.655172 0.793103 0.117794 
0.37931 0.655172 0.793103 0.11142 
0.413793 0.655172 0.793103 0.121422 
0.448276 0.655172 0.793103 0.12124 
0.482759 0.655172 0.793103 0.120833 
0.517241 0.655172 0.793103 0.119756 
0.551724 0.655172 0.793103 0.11796 
0.586207 0.655172 0.793103 0.122074 
0.62069 0.655172 0.793103 0.121206 
0.655172 0.655172 0.793103 0.119584 
0.689655 0.655172 0.793103 0.115265 
0.724138 0.655172 0.793103 0.119645 
0.758621 0.655172 0.793103 0.117999 
0.793103 0.655172 0.793103 0.118865 
0.827586 0.655172 0.793103 0.119502 
0.862069 0.655172 0.793103 0.121256 
0.896552 0.655172 0.793103 0.12283 
0.931034 0.655172 0.793103 0.119304 
0.965517 0.655172 0.793103 0.121203 
1 0.655172 0.793103 0.120717 
0 0.689655 0.793103 0.121335 
0.0344828 0.689655 0.793103 0.115827 
0.0689655 0.689655 0.793103 0.120177 
0.103448 0.689655 0.793103 0.118545 
0.137931 0.689655 0.793103 0.118087 
0.172414 0.689655 0.793103 0.113068 
0.206897 0.689655 0.793103 0.119129 
0.241379 0.689655 0.793103 0.122396 
0.275862 0.689655 0.793103 0.115157 
0.310345 0.689655 0.793103 0.117091 
0.344828 0.689655 0.793103 0.120204 
0.37931 0.689655 0.793103 0.117557 
0.413793 0.689655 0.793103 0.119117 
0.448276 0.689655 0.793103 0.121217 
0.482759 0.689655 0.793103 0.121883 
0.517241 0.689655 0.793103 0.113027 
0.551724 0.689655 0.793103 0.121487 
0.586207 0.689655 0.793103 0.116771 
0.62069 0.689655 0.793103 0.118846 
0.655172 0.689655 0.793103 0.116105 
0.689655 0.689655 0.793103 0.119411 
0.724138 0.689655 0.793103 0.121796 
0.758621 0.689655 0.793103 0.119677 
0.793103 0.689655 0.793103 0.120387 
0.827586 0.689655 0.793103 0.122099 
0.862069 0.689655 0.793103 0.120603 
0.896552 0.689655 0.793103 0.117675 
0.931034 0.689655 0.793103 0.119064 
0.965517 0.689655 0.793103 0.117324 
1 0.689655 0.793103 0.118496 
0 0.724138 0.793103 0.119567 
0.0344828 0.724138 0.793103 0.12062 
0.0689655 0.724138 0.793103 0.11186 
0.103448 0.724138 0.793103 0.119132 
0.137931 0.724138 0.793103 0.110411 
0.172414 0.724138 0.793103 0.120126 
0.206897 0.724138 0.793103 0.120106 
0.241379 0.724138 0.793103 0.117461 
0.275862 0.724138 0.793103 0.109971 
0.310345 0.724138 0.793103 0.110158 
0.344828 0.724138 0.793103 0.118023 
0.37931 0.724138 0.793103 0.12009 
0.413793 0.724138 0.793103 0.120041 
0.448276 0.724138 0.793103 0.112164 
0.482759 0.724138 0.793103 0.119658 
0.517241 0.724138 0.793103 0.11735 
0.551724 0.724138 0.793103 0.113442 
0.586207 0.724138 0.793103 0.120536 
0.62069 0.724138 0.793103 0.117967 
0.655172 0.724138 0.793103 0.120938 
0.689655 0.724138 0.793103 0.118527 
0.724138 0.724138 0.793103 0.121997 
0.758621 0.724138 0.793103 0.120568 
0.793103 0.724138 0.793103 0.119269 
0.827586 0.724138 0.793103 0.12119 
0.862069 0.724138 0.793103 0.121959 
0.896552 0.724138 0.793103 0.119002 
0.931034 0.724138 0.793103 0.119455 
0.965517 0.724138 0.793103 0.121105 
1 0.724138 0.793103 0.116729 
0 0.758621 0.793103 0.118913 
0.0344828 0.758621 0.793103 0.113811 
0.0689655 0.758621 0.793103 0.122391 
0.103448 0.758621 0.793103 0.120117 
0.137931 0.758621 0.793103 0.115863 
0.172414 0.758621 0.793103 0.118015 
0.206897 0.758621 0.793103 0.119039 
0.241379 0.758621 0.793103 0.119437 
0.275862 0.758621 0.793103 0.121045 
0.310345 0.758621 0.793103 0.120253 
0.344828 0.758621 0.793103 0.120716 
0.37931 0.758621 0.793103 0.116461 
0.413793 0.758621 0.793103 0.119553 
0.448276 0.758621 0.793103 0.120002 
0.482759 0.758621 0.793103 0.123572 
0.517241 0.758621 0.793103 0.11791 
0.551724 0.758621 0.793103 0.120322 
0.586207 0.758621 0.793103 0.120735 
0.62069 0.758621 0.793103 0.119889 
0.655172 0.758621 0.793103 0.118036 
0.689655 0.758621 0.793103 0.121254 
0.724138 0.758621 0.793103 0.121392 
0.758621 0.758621 0.793103 0.117675 
0.793103 0.758621 0.793103 0.121372 
0.827586 0.758621 0.793103 0.116427 
0.862069 0.758621 0.793103 0.118581 
0.896552 0.758621 0.793103 0.116936 
0.931034 0.758621 0.793103 0.117336 
0.965517 0.758621 0.793103 0.117838 
1 0.758621 0.793103 0.120496 
0 0.793103 0.793103 0.115996 
0.0344828 0.793103 0.793103 0.118312 
0.0689655 0.793103 0.793103 0.12116 
0.103448 0.793103 0.793103 0.113476 
0.137931 0.793103 0.793103 0.118768 
0.172414 0.793103 0.793103 0.119758 
0.206897 0.793103 0.793103 0.120632 
0.241379 0.793103 0.793103 0.118438 
0.275862 0.793103 0.793103 0.116958 
0.310345 0.793103 0.793103 0.117691 
0.344828 0.793103 0.793103 0.121414 
0.37931 0.793103 0.793103 0.116751 
0.413793 0.793103 0.793103 0.115962 
0.448276 0.793103 0.793103 0.118972 
0.482759 0.793103 0.793103 0.117615 
0.517241 0.793103 0.793103 0.1186 
0.551724 0.793103 0.793103 0.120312 
0.586207 0.793103 0.793103 0.117587 
0.62069 0.793103 0.793103 0.114951 
0.655172 0.793103 0.793103 0.120293 
0.689655 0.793103 0.793103 0.118426 
0.724138 0.793103 0.793103 0.120128 
0.758621 0.793103 0.793103 0.118606 
0.793103 0.793103 0.793103 0.115733 
0.827586 0.793103 0.793103 0.114541 
0.862069 0.793103 0.793103 0.118495 
0.896552 0.793103 0.793103 0.119313 
0.931034 0.793103 0.793103 0.122494 
0.965517 0.793103 0.793103 0.11564 
1 0.793103 0.793103 0.120106 
0 0.827586 0.793103 0.120932 
0.0344828 0.827586 0.793103 0.120465 
0.0689655 0.827586 0.793103 0.120135 
0.103448 0.827586 0.793103 0.118063 
0.137931 0.827586 0.793103 0.120322 
0.172414 0.827586 0.793103 0.121984 
0.206897 0.827586 0.793103 0.120326 
0.241379 0.827586 0.793103 0.120015 
0.275862 0.827586 0.793103 0.119492 
0.310345 0.827586 0.793103 0.11923 
0.344828 0.827586 0.793103 0.116925 
0.37931 0.827586 0.793103 0.109141 
0.413793 0.827586 0.793103 0.113831 
0.448276 0.827586 0.793103 0.120296 
0.482759 0.827586 0.793103 0.117948 
0.517241 0.827586 0.793103 0.117626 
0.551724 0.827586 0.793103 0.121642 
0.586207 0.827586 0.793103 0.114322 
0.62069 0.827586 0.793103 0.119844 
0.655172 0.827586 0.793103 0.119782 
0.689655 0.827586 0.793103 0.119723 
0.724138 0.827586 0.793103 0.117508 
0.758621 0.827586 0.793103 0.117237 
0.793103 0.827586 0.793103 0.120128 
0.827586 0.827586 0.793103 0.119132 
0.862069 0.827586 0.793103 0.119658 
0.896552 0.827586 0.793103 0.121835 
0.931034 0.827586 0.793103 0.118157 
0.965517 0.827586 0.793103 0.121575 
1 0.827586 0.793103 0.117404 
0 0.862069 0.793103 0.119473 
0.0344828 0.862069 0.793103 0.118543 
0.0689655 0.862069 0.793103 0.118532 
0.103448 0.862069 0.793103 0.121121 
0.137931 0.862069 0.793103 0.119476 
0.172414 0.862069 0.793103 0.117567 
0.206897 0.862069 0.793103 0.114503 
0.241379 0.862069 0.793103 0.118801 
0.275862 0.862069 0.793103 0.120158 
0.310345 0.862069 0.793103 0.118225 
0.344828 0.862069 0.793103 0.118058 
0.37931 0.862069 0.793103 0.119674 
0.413793 0.862069 0.793103 0.118326 
0.448276 0.862069 0.793103 0.118758 
0.482759 0.862069 0.793103 0.122002 
0.517241 0.862069 0.793103 0.119633 
0.551724 0.862069 0.793103 0.119996 
0.586207 0.862069 0.793103 0.114675 
0.62069 0.862069 0.793103 0.117007 
0.655172 0.862069 0.793103 0.117346 
0.689655 0.862069 0.793103 0.119714 
0.724138 0.862069 0.793103 0.0989868 
0.758621 0.862069 0.793103 0.119375 
0.793103 0.862069 0.793103 0.120025 
0.827586 0.862069 0.793103 0.115363 
0.862069 0.862069 0.793103 0.116567 
0.896552 0.862069 0.793103 0.118903 
0.931034 0.862069 0.793103 0.119806 
0.965517 0.862069 0.793103 0.121977 
1 0.862069 0.793103 0.122229 
0 0.896552 0.793103 0.119645 
0.0344828 0.896552 0.793103 0.120066 
0.0689655 0.896552 0.793103 0.119317 
0.103448 0.896552 0.793103 0.119085 
0.137931 0.896552 0.793103 0.114684 
0.172414 0.896552 0.793103 0.118741 
0.206897 0.896552 0.793103 0.117903 
0.241379 0.896552 0.793103 0.117479 
0.275862 0.896552 0.793103 0.110665 
0.310345 0.896552 0.793103 0.116976 
0.344828 0.896552 0.793103 0.118407 
0.37931 0.896552 0.793103 0.105944 
0.413793 0.896552 0.793103 0.11886 
0.448276 0.896552 0.793103 0.12238 
0.482759 0.896552 0.793103 0.120439 
0.517241 0.896552 0.793103 0.120319 
0.551724 0.896552 0.793103 0.120458 
0.586207 0.896552 0.793103 0.114201 
0.62069 0.896552 0.793103 0.120076 
0.655172 0.896552 0.793103 0.12094 
0.689655 0.896552 0.793103 0.116563 
0.724138 0.896552 0.793103 0.114294 
0.758621 0.896552 0.793103 0.117732 
0.793103 0.896552 0.793103 0.111181 
0.827586 0.896552 0.793103 0.117338 
0.862069 0.896552 0.793103 0.117544 
0.896552 0.896552 0.793103 0.115056 
0.931034 0.896552 0.793103 0.118283 
0.965517 0.896552 0.793103 0.115274 
1 0.896552 0.793103 0.120196 
0 0.931034 0.793103 0.119698 
0.0344828 0.931034 0.793103 0.118946 
0.0689655 0.931034 0.793103 0.119736 
0.103448 0.931034 0.793103 0.112479 
0.137931 0.931034 0.793103 0.115598 
0.172414 0.931034 0.793103 0.119353 
0.206897 0.931034 0.793103 0.120877 
0.241379 0.931034 0.793103 0.116733 
0.275862 0.931034 0.793103 0.119885 
0.310345 0.931034 0.793103 0.117259 
0.344828 0.931034 0.793103 0.116905 
0.37931 0.931034 0.793103 0.116625 
0.413793 0.931034 0.793103 0.119578 
0.448276 0.931034 0.793103 0.117797 
0.482759 0.931034 0.793103 0.114915 
0.517241 0.931034 0.793103 0.119395 
0.551724 0.931034 0.793103 0.119188 
0.586207 0.931034 0.793103 0.115633 
0.62069 0.931034 0.793103 0.119626 
0.655172 0.931034 0.793103 0.119428 
0.689655 0.931034 0.793103 0.116776 
0.724138 0.931034 0.793103 0.111104 
0.758621 0.931034 0.793103 0.117101 
0.793103 0.931034 0.793103 0.117008 
0.827586 0.931034 0.793103 0.0982343 
0.862069 0.931034 0.793103 0.119137 
0.896552 0.931034 0.793103 0.117194 
0.931034 0.931034 0.793103 0.119963 
0.965517 0.931034 0.793103 0.119819 
1 0.931034 0.793103 0.119419 
0 0.965517 0.793103 0.11956 
0.0344828 0.965517 0.793103 0.117849 
0.0689655 0.965517 0.793103 0.119627 
0.103448 0.965517 0.793103 0.116625 
0.137931 0.965517 0.793103 0.118503 
0.172414 0.965517 0.793103 0.119712 
0.206897 0.965517 0.793103 0.118732 
0.241379 0.965517 0.793103 0.114253 
0.275862 0.965517 0.793103 0.11662 
0.310345 0.965517 0.793103 0.122287 
0.344828 0.965517 0.793103 0.119745 
0.37931 0.965517 0.793103 0.116052 
0.413793 0.965517 0.793103 0.10973 
0.448276 0.965517 0.793103 0.121817 
0.482759 0.965517 0.793103 0.116778 
0.517241 0.965517 0.793103 0.115323 
0.551724 0.965517 0.793103 0.119445 
0.586207 0.965517 0.793103 0.116844 
0.62069 0.965517 0.793103 0.109325 
0.655172 0.965517 0.793103 0.122371 
0.689655 0.965517 0.793103 0.117011 
0.724138 0.965517 0.793103 0.119595 
0.758621 0.965517 0.793103 0.118781 
0.793103 0.965517 0.793103 0.0978589 
0.827586 0.965517 0.793103 0.11965 
0.862069 0.965517 0.793103 0.113553 
0.896552 0.965517 0.793103 0.112167 
0.931034 0.965517 0.793103 0.120786 
0.965517 0.965517 0.793103 0.117452 
1 0.965517 0.793103 0.118936 
0 1 0.793103 0.119046 
0.0344828 1 0.793103 0.118749 
0.0689655 1 0.793103 0.1171 
0.103448 1 0.793103 0.11628 
0.137931 1 0.793103 0.121087 
0.172414 1 0.793103 0.11449 
0.206897 1 0.793103 0.120569 
0.241379 1 0.793103 0.120105 
0.275862 1 0.793103 0.118836 
0.310345 1 0.793103 0.114364 
0.344828 1 0.793103 0.118095 
0.37931 1 0.793103 0.119989 
0.413793 1 0.793103 0.117345 
0.448276 1 0.793103 0.120878 
0.482759 1 0.793103 0.11981 
0.517241 1 0.793103 0.11959 
0.551724 1 0.793103 0.114997 
0.586207 1 0.793103 0.11824 
0.62069 1 0.793103 0.119333 
0.655172 1 0.793103 0.11622 
0.689655 1 0.793103 0.110472 
0.724138 1 0.793103 0.117007 
0.758621 1 0.793103 0.115533 
0.793103 1 0.793103 0.118534 
0.827586 1 0.793103 0.118608 
0.862069 1 0.793103 0.118953 
0.896552 1 0.793103 0.119006 
0.931034 1 0.793103 0.116629 
0.965517 1 0.793103 0.119109 
1 1 0.793103 0.118953 
0 0 0.827586 0.110587 
0.0344828 0 0.827586 0.110587 
0.0689655 0 0.827586 0.110587 
0.103448 0 0.827586 0.110587 
0.137931 0 0.827586 0.110587 
0.172414 0 0.827586 0.110587 
0.206897 0 0.827586 0.110587 
0.241379 0 0.827586 0.110587 
0.275862 0 0.827586 0.110587 
0.310345 0 0.827586 0.110587 
0.344828 0 0.827586 0.110587 
0.37931 0 0.827586 0.110587 
0.413793 0 0.827586 0.110587 
0.448276 0 0.827586 0.110587 
0.482759 0 0.827586 0.110587 
0.517241 0 0.827586 0.110587 
0.551724 0 0.827586 0.110587 
0.586207 0 0.827586 0.110587 
0.62069 0 0.827586 0.110587 
0.655172 0 0.827586 0.110587 
0.689655 0 0.827586 0.110587 
0.724138 0 0.827586 0.110587 
0.758621 0 0.827586 0.110587 
0.793103 0 0.827586 0.110587 
0.827586 0 0.827586 0.110587 
0.862069 0 0.827586 0.110587 
0.896552 0 0.827586 0.110587 
0.931034 0 0.827586 0.110587 
0.965517 0 0.827586 0.110587 
1 0 0.827586 0.110587 
0 0.0344828 0.827586 0.112763 
0.0344828 0.0344828 0.827586 0.110521 
0.0689655 0.0344828 0.827586 0.111951 
0.103448 0.0344828 0.827586 0.112319 
0.137931 0.0344828 0.827586 0.108668 
0.172414 0.0344828 0.827586 0.111694 
0.206897 0.0344828 0.827586 0.112764 
0.241379 0.0344828 0.827586 0.112787 
0.275862 0.0344828 0.827586 0.113839 
0.310345 0.0344828 0.827586 0.112456 
0.344828 0.0344828 0.827586 0.11353 
0.37931 0.0344828 0.827586 0.112204 
0.413793 0.0344828 0.827586 0.110041 
0.448276 0.0344828 0.827586 0.104873 
0.482759 0.0344828 0.827586 0.109857 
0.517241 0.0344828 0.827586 0.109762 
0.551724 0.0344828 0.827586 0.110689 
0.586207 0.0344828 0.827586 0.108136 
0.62069 0.0344828 0.827586 0.108284 
0.655172 0.0344828 0.827586 0.112467 
0.689655 0.0344828 0.827586 0.103727 
0.724138 0.0344828 0.827586 0.112627 
0.758621 0.0344828 0.827586 0.11258 
0.793103 0.0344828 0.827586 0.109888 
0.827586 0.0344828 0.827586 0.104839 
0.862069 0.0344828 0.827586 0.112101 
0.896552 0.0344828 0.827586 0.112723 
0.931034 0.0344828 0.827586 0.112861 
0.965517 0.0344828 0.827586 0.111399 
1 0.0344828 0.827586 0.112664 
0 0.0689655 0.827586 0.0934146 
0.0344828 0.0689655 0.827586 0.112333 
0.0689655 0.0689655 0.827586 0.111849 
0.103448 0.0689655 0.827586 0.114169 
0.137931 0.0689655 0.827586 0.110784 
0.172414 0.0689655 0.827586 0.109785 
0.206897 0.0689655 0.827586 0.111963 
0.241379 0.0689655 0.827586 0.10983 
0.275862 0.0689655 0.827586 0.108907 
0.310345 0.0689655 0.827586 0.112308 
0.344828 0.0689655 0.827586 0.112656 
0.37931 0.0689655 0.827586 0.109447 
0.413793 0.0689655 0.827586 0.108338 
0.448276 0.0689655 0.827586 0.110194 
0.482759 0.0689655 0.827586 0.112348 
0.517241 0.0689655 0.827586 0.114199 
0.551724 0.0689655 0.827586 0.111574 
0.586207 0.0689655 0.827586 0.113178 
0.62069 0.0689655 0.827586 0.112018 
0.655172 0.0689655 0.827586 0.112303 
0.689655 0.0689655 0.827586 0.111141 
0.724138 0.0689655 0.827586 0.112227 
0.758621 0.0689655 0.827586 0.112676 
0.793103 0.0689655 0.827586 0.109717 
0.827586 0.0689655 0.827586 0.111319 
0.862069 0.0689655 0.827586 0.110893 
0.896552 0.0689655 0.827586 0.10742 
0.931034 0.0689655 0.827586 0.112142 
0.965517 0.0689655 0.827586 0.112378 
1 0.0689655 0.827586 0.110227 
0 0.103448 0.827586 0.108189 
0.0344828 0.103448 0.827586 0.112978 
0.0689655 0.103448 0.827586 0.112827 
0.103448 0.103448 0.827586 0.109783 
0.137931 0.103448 0.827586 0.115732 
0.172414 0.103448 0.827586 0.112182 
0.206897 0.103448 0.827586 0.114158 
0.241379 0.103448 0.827586 0.093436 
0.275862 0.103448 0.827586 0.112089 
0.310345 0.103448 0.827586 0.110122 
0.344828 0.103448 0.827586 0.110251 
0.37931 0.103448 0.827586 0.112194 
0.413793 0.103448 0.827586 0.111028 
0.448276 0.103448 0.827586 0.109517 
0.482759 0.103448 0.827586 0.108156 
0.517241 0.103448 0.827586 0.108909 
0.551724 0.103448 0.827586 0.112146 
0.586207 0.103448 0.827586 0.108397 
0.62069 0.103448 0.827586 0.109914 
0.655172 0.103448 0.827586 0.109958 
0.689655 0.103448 0.827586 0.111982 
0.724138 0.103448 0.827586 0.111486 
0.758621 0.103448 0.827586 0.112101 
0.793103 0.103448 0.827586 0.114283 
0.827586 0.103448 0.827586 0.112611 
0.862069 0.103448 0.827586 0.109664 
0.896552 0.103448 0.827586 0.111785 
0.931034 0.103448 0.827586 0.111552 
0.965517 0.103448 0.827586 0.109265 
1 0.103448 0.827586 0.111904 
0 0.137931 0.827586 0.112656 
0.0344828 0.137931 0.827586 0.105741 
0.0689655 0.137931 0.827586 0.112456 
0.103448 0.137931 0.827586 0.107755 
0.137931 0.137931 0.827586 0.112258 
0.172414 0.137931 0.827586 0.109182 
0.206897 0.137931 0.827586 0.111757 
0.241379 0.137931 0.827586 0.112679 
0.275862 0.137931 0.827586 0.102599 
0.310345 0.137931 0.827586 0.107072 
0.344828 0.137931 0.827586 0.112585 
0.37931 0.137931 0.827586 0.110349 
0.413793 0.137931 0.827586 0.111228 
0.448276 0.137931 0.827586 0.112018 
0.482759 0.137931 0.827586 0.112443 
0.517241 0.137931 0.827586 0.11265 
0.551724 0.137931 0.827586 0.111133 
0.586207 0.137931 0.827586 0.109816 
0.62069 0.137931 0.827586 0.110369 
0.655172 0.137931 0.827586 0.110773 
0.689655 0.137931 0.827586 0.111969 
0.724138 0.137931 0.827586 0.112177 
0.758621 0.137931 0.827586 0.112015 
0.793103 0.137931 0.827586 0.107575 
0.827586 0.137931 0.827586 0.10678 
0.862069 0.137931 0.827586 0.108765 
0.896552 0.137931 0.827586 0.102635 
0.931034 0.137931 0.827586 0.10868 
0.965517 0.137931 0.827586 0.110664 
1 0.137931 0.827586 0.111444 
0 0.172414 0.827586 0.1132 
0.0344828 0.172414 0.827586 0.109863 
0.0689655 0.172414 0.827586 0.110713 
0.103448 0.172414 0.827586 0.109772 
0.137931 0.172414 0.827586 0.0969919 
0.172414 0.172414 0.827586 0.111744 
0.206897 0.172414 0.827586 0.111869 
0.241379 0.172414 0.827586 0.107877 
0.275862 0.172414 0.827586 0.110898 
0.310345 0.172414 0.827586 0.1091 
0.344828 0.172414 0.827586 0.110851 
0.37931 0.172414 0.827586 0.101892 
0.413793 0.172414 0.827586 0.110539 
0.448276 0.172414 0.827586 0.111513 
0.482759 0.172414 0.827586 0.108738 
0.517241 0.172414 0.827586 0.107989 
0.551724 0.172414 0.827586 0.110898 
0.586207 0.172414 0.827586 0.110161 
0.62069 0.172414 0.827586 0.112777 
0.655172 0.172414 0.827586 0.106881 
0.689655 0.172414 0.827586 0.111621 
0.724138 0.172414 0.827586 0.107645 
0.758621 0.172414 0.827586 0.107787 
0.793103 0.172414 0.827586 0.11143 
0.827586 0.172414 0.827586 0.111649 
0.862069 0.172414 0.827586 0.111771 
0.896552 0.172414 0.827586 0.114269 
0.931034 0.172414 0.827586 0.110177 
0.965517 0.172414 0.827586 0.110071 
1 0.172414 0.827586 0.110923 
0 0.206897 0.827586 0.10729 
0.0344828 0.206897 0.827586 0.110439 
0.0689655 0.206897 0.827586 0.111585 
0.103448 0.206897 0.827586 0.111562 
0.137931 0.206897 0.827586 0.0968534 
0.172414 0.206897 0.827586 0.104466 
0.206897 0.206897 0.827586 0.108427 
0.241379 0.206897 0.827586 0.107701 
0.275862 0.206897 0.827586 0.111602 
0.310345 0.206897 0.827586 0.112502 
0.344828 0.206897 0.827586 0.106836 
0.37931 0.206897 0.827586 0.109742 
0.413793 0.206897 0.827586 0.10818 
0.448276 0.206897 0.827586 0.111184 
0.482759 0.206897 0.827586 0.108408 
0.517241 0.206897 0.827586 0.111369 
0.551724 0.206897 0.827586 0.111663 
0.586207 0.206897 0.827586 0.109821 
0.62069 0.206897 0.827586 0.105126 
0.655172 0.206897 0.827586 0.11088 
0.689655 0.206897 0.827586 0.109796 
0.724138 0.206897 0.827586 0.113454 
0.758621 0.206897 0.827586 0.111168 
0.793103 0.206897 0.827586 0.111804 
0.827586 0.206897 0.827586 0.108179 
0.862069 0.206897 0.827586 0.100143 
0.896552 0.206897 0.827586 0.112527 
0.931034 0.206897 0.827586 0.109385 
0.965517 0.206897 0.827586 0.110438 
1 0.206897 0.827586 0.11148 
0 0.241379 0.827586 0.10927 
0.0344828 0.241379 0.827586 0.111662 
0.0689655 0.241379 0.827586 0.111591 
0.103448 0.241379 0.827586 0.106918 
0.137931 0.241379 0.827586 0.103837 
0.172414 0.241379 0.827586 0.110081 
0.206897 0.241379 0.827586 0.113125 
0.241379 0.241379 0.827586 0.104327 
0.275862 0.241379 0.827586 0.110309 
0.310345 0.241379 0.827586 0.111714 
0.344828 0.241379 0.827586 0.110605 
0.37931 0.241379 0.827586 0.110175 
0.413793 0.241379 0.827586 0.111883 
0.448276 0.241379 0.827586 0.107714 
0.482759 0.241379 0.827586 0.112165 
0.517241 0.241379 0.827586 0.111662 
0.551724 0.241379 0.827586 0.109999 
0.586207 0.241379 0.827586 0.108115 
0.62069 0.241379 0.827586 0.111395 
0.655172 0.241379 0.827586 0.110663 
0.689655 0.241379 0.827586 0.110112 
0.724138 0.241379 0.827586 0.109713 
0.758621 0.241379 0.827586 0.112636 
0.793103 0.241379 0.827586 0.111206 
0.827586 0.241379 0.827586 0.11046 
0.862069 0.241379 0.827586 0.108665 
0.896552 0.241379 0.827586 0.111384 
0.931034 0.241379 0.827586 0.110371 
0.965517 0.241379 0.827586 0.107685 
1 0.241379 0.827586 0.111595 
0 0.275862 0.827586 0.111254 
0.0344828 0.275862 0.827586 0.110204 
0.0689655 0.275862 0.827586 0.111047 
0.103448 0.275862 0.827586 0.111452 
0.137931 0.275862 0.827586 0.109688 
0.172414 0.275862 0.827586 0.111082 
0.206897 0.275862 0.827586 0.0922121 
0.241379 0.275862 0.827586 0.111966 
0.275862 0.275862 0.827586 0.108031 
0.310345 0.275862 0.827586 0.103093 
0.344828 0.275862 0.827586 0.110125 
0.37931 0.275862 0.827586 0.104825 
0.413793 0.275862 0.827586 0.111319 
0.448276 0.275862 0.827586 0.108738 
0.482759 0.275862 0.827586 0.108439 
0.517241 0.275862 0.827586 0.111622 
0.551724 0.275862 0.827586 0.111189 
0.586207 0.275862 0.827586 0.10863 
0.62069 0.275862 0.827586 0.0958012 
0.655172 0.275862 0.827586 0.107493 
0.689655 0.275862 0.827586 0.110322 
0.724138 0.275862 0.827586 0.113002 
0.758621 0.275862 0.827586 0.112764 
0.793103 0.275862 0.827586 0.110998 
0.827586 0.275862 0.827586 0.10979 
0.862069 0.275862 0.827586 0.110833 
0.896552 0.275862 0.827586 0.112907 
0.931034 0.275862 0.827586 0.111095 
0.965517 0.275862 0.827586 0.111582 
1 0.275862 0.827586 0.0975506 
0 0.310345 0.827586 0.111139 
0.0344828 0.310345 0.827586 0.111304 
0.0689655 0.310345 0.827586 0.108512 
0.103448 0.310345 0.827586 0.111317 
0.137931 0.310345 0.827586 0.109758 
0.172414 0.310345 0.827586 0.110497 
0.206897 0.310345 0.827586 0.107426 
0.241379 0.310345 0.827586 0.110753 
0.275862 0.310345 0.827586 0.109604 
0.310345 0.310345 0.827586 0.1113 
0.344828 0.310345 0.827586 0.111107 
0.37931 0.310345 0.827586 0.109106 
0.413793 0.310345 0.827586 0.106258 
0.448276 0.310345 0.827586 0.110938 
0.482759 0.310345 0.827586 0.114107 
0.517241 0.310345 0.827586 0.107238 
0.551724 0.310345 0.827586 0.110376 
0.586207 0.310345 0.827586 0.110028 
0.62069 0.310345 0.827586 0.107948 
0.655172 0.310345 0.827586 0.108133 
0.689655 0.310345 0.827586 0.10606 
0.724138 0.310345 0.827586 0.112346 
0.758621 0.310345 0.827586 0.111588 
0.793103 0.310345 0.827586 0.111775 
0.827586 0.310345 0.827586 0.0991229 
0.862069 0.310345 0.827586 0.110744 
0.896552 0.310345 0.827586 0.111357 
0.931034 0.310345 0.827586 0.109679 
0.965517 0.310345 0.827586 0.108685 
1 0.310345 0.827586 0.111261 
0 0.344828 0.827586 0.106876 
0.0344828 0.344828 0.827586 0.110982 
0.0689655 0.344828 0.827586 0.112308 
0.103448 0.344828 0.827586 0.10839 
0.137931 0.344828 0.827586 0.108415 
0.172414 0.344828 0.827586 0.110414 
0.206897 0.344828 0.827586 0.110786 
0.241379 0.344828 0.827586 0.108983 
0.275862 0.344828 0.827586 0.108596 
0.310345 0.344828 0.827586 0.110721 
0.344828 0.344828 0.827586 0.11117 
0.37931 0.344828 0.827586 0.110911 
0.413793 0.344828 0.827586 0.110014 
0.448276 0.344828 0.827586 0.112041 
0.482759 0.344828 0.827586 0.107617 
0.517241 0.344828 0.827586 0.106859 
0.551724 0.344828 0.827586 0.108703 
0.586207 0.344828 0.827586 0.110788 
0.62069 0.344828 0.827586 0.102599 
0.655172 0.344828 0.827586 0.110825 
0.689655 0.344828 0.827586 0.112717 
0.724138 0.344828 0.827586 0.110162 
0.758621 0.344828 0.827586 0.110326 
0.793103 0.344828 0.827586 0.107995 
0.827586 0.344828 0.827586 0.108408 
0.862069 0.344828 0.827586 0.110399 
0.896552 0.344828 0.827586 0.110942 
0.931034 0.344828 0.827586 0.108427 
0.965517 0.344828 0.827586 0.109293 
1 0.344828 0.827586 0.108514 
0 0.37931 0.827586 0.110629 
0.0344828 0.37931 0.827586 0.108293 
0.0689655 0.37931 0.827586 0.109269 
0.103448 0.37931 0.827586 0.108017 
0.137931 0.37931 0.827586 0.108467 
0.172414 0.37931 0.827586 0.111624 
0.206897 0.37931 0.827586 0.112011 
0.241379 0.37931 0.827586 0.110072 
0.275862 0.37931 0.827586 0.10144 
0.310345 0.37931 0.827586 0.105749 
0.344828 0.37931 0.827586 0.113068 
0.37931 0.37931 0.827586 0.107347 
0.413793 0.37931 0.827586 0.107113 
0.448276 0.37931 0.827586 0.107879 
0.482759 0.37931 0.827586 0.110609 
0.517241 0.37931 0.827586 0.110085 
0.551724 0.37931 0.827586 0.110359 
0.586207 0.37931 0.827586 0.110958 
0.62069 0.37931 0.827586 0.107793 
0.655172 0.37931 0.827586 0.108731 
0.689655 0.37931 0.827586 0.109625 
0.724138 0.37931 0.827586 0.101959 
0.758621 0.37931 0.827586 0.108687 
0.793103 0.37931 0.827586 0.0861845 
0.827586 0.37931 0.827586 0.107273 
0.862069 0.37931 0.827586 0.110502 
0.896552 0.37931 0.827586 0.110132 
0.931034 0.37931 0.827586 0.108527 
0.965517 0.37931 0.827586 0.109055 
1 0.37931 0.827586 0.111955 
0 0.413793 0.827586 0.108803 
0.0344828 0.413793 0.827586 0.100921 
0.0689655 0.413793 0.827586 0.101282 
0.103448 0.413793 0.827586 0.108054 
0.137931 0.413793 0.827586 0.11228 
0.172414 0.413793 0.827586 0.105912 
0.206897 0.413793 0.827586 0.109365 
0.241379 0.413793 0.827586 0.108938 
0.275862 0.413793 0.827586 0.111099 
0.310345 0.413793 0.827586 0.105893 
0.344828 0.413793 0.827586 0.108117 
0.37931 0.413793 0.827586 0.109068 
0.413793 0.413793 0.827586 0.108486 
0.448276 0.413793 0.827586 0.10752 
0.482759 0.413793 0.827586 0.110948 
0.517241 0.413793 0.827586 0.110496 
0.551724 0.413793 0.827586 0.110005 
0.586207 0.413793 0.827586 0.108523 
0.62069 0.413793 0.827586 0.109037 
0.655172 0.413793 0.827586 0.10826 
0.689655 0.413793 0.827586 0.11005 
0.724138 0.413793 0.827586 0.110402 
0.758621 0.413793 0.827586 0.110314 
0.793103 0.413793 0.827586 0.107494 
0.827586 0.413793 0.827586 0.11099 
0.862069 0.413793 0.827586 0.110749 
0.896552 0.413793 0.827586 0.110356 
0.931034 0.413793 0.827586 0.107033 
0.965517 0.413793 0.827586 0.110362 
1 0.413793 0.827586 0.110006 
0 0.448276 0.827586 0.110635 
0.0344828 0.448276 0.827586 0.110516 
0.0689655 0.448276 0.827586 0.110528 
0.103448 0.448276 0.827586 0.109082 
0.137931 0.448276 0.827586 0.107923 
0.172414 0.448276 0.827586 0.107966 
0.206897 0.448276 0.827586 0.10745 
0.241379 0.448276 0.827586 0.107604 
0.275862 0.448276 0.827586 0.110146 
0.310345 0.448276 0.827586 0.109054 
0.344828 0.448276 0.827586 0.106374 
0.37931 0.448276 0.827586 0.110402 
0.413793 0.448276 0.827586 0.10801 
0.448276 0.448276 0.827586 0.110085 
0.482759 0.448276 0.827586 0.105799 
0.517241 0.448276 0.827586 0.108095 
0.551724 0.448276 0.827586 0.0903111 
0.586207 0.448276 0.827586 0.106337 
0.62069 0.448276 0.827586 0.109862 
0.655172 0.448276 0.827586 0.108207 
0.689655 0.448276 0.827586 0.110711 
0.724138 0.448276 0.827586 0.110661 
0.758621 0.448276 0.827586 0.108132 
0.793103 0.448276 0.827586 0.108457 
0.827586 0.448276 0.827586 0.110117 
0.862069 0.448276 0.827586 0.107796 
0.896552 0.448276 0.827586 0.110375 
0.931034 0.448276 0.827586 0.109454 
0.965517 0.448276 0.827586 0.103174 
1 0.448276 0.827586 0.108434 
0 0.482759 0.827586 0.107039 
0.0344828 0.482759 0.827586 0.109383 
0.0689655 0.482759 0.827586 0.101681 
0.103448 0.482759 0.827586 0.102261 
0.137931 0.482759 0.827586 0.100339 
0.172414 0.482759 0.827586 0.110824 
0.206897 0.482759 0.827586 0.10977 
0.241379 0.482759 0.827586 0.10966 
0.275862 0.482759 0.827586 0.109373 
0.310345 0.482759 0.827586 0.11241 
0.344828 0.482759 0.827586 0.107731 
0.37931 0.482759 0.827586 0.105681 
0.413793 0.482759 0.827586 0.100444 
0.448276 0.482759 0.827586 0.112467 
0.482759 0.482759 0.827586 0.110001 
0.517241 0.482759 0.827586 0.110327 
0.551724 0.482759 0.827586 0.110605 
0.586207 0.482759 0.827586 0.107224 
0.62069 0.482759 0.827586 0.109733 
0.655172 0.482759 0.827586 0.107603 
0.689655 0.482759 0.827586 0.110009 
0.724138 0.482759 0.827586 0.110336 
0.758621 0.482759 0.827586 0.108078 
0.793103 0.482759 0.827586 0.108343 
0.827586 0.482759 0.827586 0.110251 
0.862069 0.482759 0.827586 0.110039 
0.896552 0.482759 0.827586 0.1097 
0.931034 0.482759 0.827586 0.110222 
0.965517 0.482759 0.827586 0.109144 
1 0.482759 0.827586 0.108326 
0 0.517241 0.827586 0.110225 
0.0344828 0.517241 0.827586 0.111192 
0.0689655 0.517241 0.827586 0.109301 
0.103448 0.517241 0.827586 0.109357 
0.137931 0.517241 0.827586 0.105135 
0.172414 0.517241 0.827586 0.108271 
0.206897 0.517241 0.827586 0.109264 
0.241379 0.517241 0.827586 0.109538 
0.275862 0.517241 0.827586 0.109617 
0.310345 0.517241 0.827586 0.111946 
0.344828 0.517241 0.827586 0.107702 
0.37931 0.517241 0.827586 0.110207 
0.413793 0.517241 0.827586 0.110688 
0.448276 0.517241 0.827586 0.110472 
0.482759 0.517241 0.827586 0.10301 
0.517241 0.517241 0.827586 0.105992 
0.551724 0.517241 0.827586 0.110387 
0.586207 0.517241 0.827586 0.106718 
0.62069 0.517241 0.827586 0.110396 
0.655172 0.517241 0.827586 0.110426 
0.689655 0.517241 0.827586 0.109432 
0.724138 0.517241 0.827586 0.108932 
0.758621 0.517241 0.827586 0.107455 
0.793103 0.517241 0.827586 0.109687 
0.827586 0.517241 0.827586 0.110315 
0.862069 0.517241 0.827586 0.107136 
0.896552 0.517241 0.827586 0.103073 
0.931034 0.517241 0.827586 0.111737 
0.965517 0.517241 0.827586 0.111344 
1 0.517241 0.827586 0.107584 
0 0.551724 0.827586 0.106434 
0.0344828 0.551724 0.827586 0.112717 
0.0689655 0.551724 0.827586 0.112131 
0.103448 0.551724 0.827586 0.108648 
0.137931 0.551724 0.827586 0.0857671 
0.172414 0.551724 0.827586 0.108452 
0.206897 0.551724 0.827586 0.111132 
0.241379 0.551724 0.827586 0.108913 
0.275862 0.551724 0.827586 0.107374 
0.310345 0.551724 0.827586 0.109439 
0.344828 0.551724 0.827586 0.10918 
0.37931 0.551724 0.827586 0.109365 
0.413793 0.551724 0.827586 0.102877 
0.448276 0.551724 0.827586 0.108875 
0.482759 0.551724 0.827586 0.11031 
0.517241 0.551724 0.827586 0.110919 
0.551724 0.551724 0.827586 0.107123 
0.586207 0.551724 0.827586 0.107588 
0.62069 0.551724 0.827586 0.110861 
0.655172 0.551724 0.827586 0.110067 
0.689655 0.551724 0.827586 0.109384 
0.724138 0.551724 0.827586 0.109877 
0.758621 0.551724 0.827586 0.107549 
0.793103 0.551724 0.827586 0.110524 
0.827586 0.551724 0.827586 0.105741 
0.862069 0.551724 0.827586 0.11052 
0.896552 0.551724 0.827586 0.105429 
0.931034 0.551724 0.827586 0.108779 
0.965517 0.551724 0.827586 0.102508 
1 0.551724 0.827586 0.108873 
0 0.586207 0.827586 0.104825 
0.0344828 0.586207 0.827586 0.10963 
0.0689655 0.586207 0.827586 0.110466 
0.103448 0.586207 0.827586 0.10793 
0.137931 0.586207 0.827586 0.109216 
0.172414 0.586207 0.827586 0.108958 
0.206897 0.586207 0.827586 0.106511 
0.241379 0.586207 0.827586 0.104604 
0.275862 0.586207 0.827586 0.109275 
0.310345 0.586207 0.827586 0.108622 
0.344828 0.586207 0.827586 0.109634 
0.37931 0.586207 0.827586 0.107005 
0.413793 0.586207 0.827586 0.110445 
0.448276 0.586207 0.827586 0.107995 
0.482759 0.586207 0.827586 0.106117 
0.517241 0.586207 0.827586 0.111429 
0.551724 0.586207 0.827586 0.108332 
0.586207 0.586207 0.827586 0.109927 
0.62069 0.586207 0.827586 0.10852 
0.655172 0.586207 0.827586 0.107402 
0.689655 0.586207 0.827586 0.109554 
0.724138 0.586207 0.827586 0.10155 
0.758621 0.586207 0.827586 0.109224 
0.793103 0.586207 0.827586 0.110106 
0.827586 0.586207 0.827586 0.109666 
0.862069 0.586207 0.827586 0.109659 
0.896552 0.586207 0.827586 0.0896718 
0.931034 0.586207 0.827586 0.105027 
0.965517 0.586207 0.827586 0.107564 
1 0.586207 0.827586 0.10284 
0 0.62069 0.827586 0.106971 
0.0344828 0.62069 0.827586 0.108605 
0.0689655 0.62069 0.827586 0.109306 
0.103448 0.62069 0.827586 0.104792 
0.137931 0.62069 0.827586 0.107867 
0.172414 0.62069 0.827586 0.10711 
0.206897 0.62069 0.827586 0.109947 
0.241379 0.62069 0.827586 0.102657 
0.275862 0.62069 0.827586 0.107553 
0.310345 0.62069 0.827586 0.108751 
0.344828 0.62069 0.827586 0.109081 
0.37931 0.62069 0.827586 0.107908 
0.413793 0.62069 0.827586 0.107946 
0.448276 0.62069 0.827586 0.105698 
0.482759 0.62069 0.827586 0.104561 
0.517241 0.62069 0.827586 0.106313 
0.551724 0.62069 0.827586 0.109557 
0.586207 0.62069 0.827586 0.109594 
0.62069 0.62069 0.827586 0.10835 
0.655172 0.62069 0.827586 0.109652 
0.689655 0.62069 0.827586 0.109706 
0.724138 0.62069 0.827586 0.106898 
0.758621 0.62069 0.827586 0.10692 
0.793103 0.62069 0.827586 0.108281 
0.827586 0.62069 0.827586 0.110269 
0.862069 0.62069 0.827586 0.109603 
0.896552 0.62069 0.827586 0.105971 
0.931034 0.62069 0.827586 0.107817 
0.965517 0.62069 0.827586 0.110913 
1 0.62069 0.827586 0.0891584 
0 0.655172 0.827586 0.106802 
0.0344828 0.655172 0.827586 0.0898141 
0.0689655 0.655172 0.827586 0.111586 
0.103448 0.655172 0.827586 0.108147 
0.137931 0.655172 0.827586 0.105885 
0.172414 0.655172 0.827586 0.108609 
0.206897 0.655172 0.827586 0.108827 
0.241379 0.655172 0.827586 0.109876 
0.275862 0.655172 0.827586 0.112104 
0.310345 0.655172 0.827586 0.109664 
0.344828 0.655172 0.827586 0.108282 
0.37931 0.655172 0.827586 0.103353 
0.413793 0.655172 0.827586 0.109238 
0.448276 0.655172 0.827586 0.109728 
0.482759 0.655172 0.827586 0.108409 
0.517241 0.655172 0.827586 0.10983 
0.551724 0.655172 0.827586 0.108708 
0.586207 0.655172 0.827586 0.108773 
0.62069 0.655172 0.827586 0.110238 
0.655172 0.655172 0.827586 0.106159 
0.689655 0.655172 0.827586 0.106479 
0.724138 0.655172 0.827586 0.106829 
0.758621 0.655172 0.827586 0.110574 
0.793103 0.655172 0.827586 0.107647 
0.827586 0.655172 0.827586 0.110621 
0.862069 0.655172 0.827586 0.109149 
0.896552 0.655172 0.827586 0.111985 
0.931034 0.655172 0.827586 0.107911 
0.965517 0.655172 0.827586 0.109949 
1 0.655172 0.827586 0.10989 
0 0.689655 0.827586 0.109895 
0.0344828 0.689655 0.827586 0.107302 
0.0689655 0.689655 0.827586 0.107611 
0.103448 0.689655 0.827586 0.104704 
0.137931 0.689655 0.827586 0.108911 
0.172414 0.689655 0.827586 0.10521 
0.206897 0.689655 0.827586 0.109187 
0.241379 0.689655 0.827586 0.10766 
0.275862 0.689655 0.827586 0.106017 
0.310345 0.689655 0.827586 0.108727 
0.344828 0.689655 0.827586 0.107546 
0.37931 0.689655 0.827586 0.108439 
0.413793 0.689655 0.827586 0.107039 
0.448276 0.689655 0.827586 0.108952 
0.482759 0.689655 0.827586 0.108545 
0.517241 0.689655 0.827586 0.10505 
0.551724 0.689655 0.827586 0.108202 
0.586207 0.689655 0.827586 0.108571 
0.62069 0.689655 0.827586 0.107328 
0.655172 0.689655 0.827586 0.105671 
0.689655 0.689655 0.827586 0.107981 
0.724138 0.689655 0.827586 0.107314 
0.758621 0.689655 0.827586 0.106243 
0.793103 0.689655 0.827586 0.107263 
0.827586 0.689655 0.827586 0.109605 
0.862069 0.689655 0.827586 0.106155 
0.896552 0.689655 0.827586 0.111076 
0.931034 0.689655 0.827586 0.109252 
0.965517 0.689655 0.827586 0.110539 
1 0.689655 0.827586 0.107034 
0 0.724138 0.827586 0.107269 
0.0344828 0.724138 0.827586 0.10871 
0.0689655 0.724138 0.827586 0.109112 
0.103448 0.724138 0.827586 0.110712 
0.137931 0.724138 0.827586 0.106699 
0.172414 0.724138 0.827586 0.106347 
0.206897 0.724138 0.827586 0.106532 
0.241379 0.724138 0.827586 0.107057 
0.275862 0.724138 0.827586 0.102403 
0.310345 0.724138 0.827586 0.10017 
0.344828 0.724138 0.827586 0.10809 
0.37931 0.724138 0.827586 0.108797 
0.413793 0.724138 0.827586 0.109034 
0.448276 0.724138 0.827586 0.10886 
0.482759 0.724138 0.827586 0.106866 
0.517241 0.724138 0.827586 0.110175 
0.551724 0.724138 0.827586 0.105459 
0.586207 0.724138 0.827586 0.10983 
0.62069 0.724138 0.827586 0.110069 
0.655172 0.724138 0.827586 0.105453 
0.689655 0.724138 0.827586 0.10653 
0.724138 0.724138 0.827586 0.108881 
0.758621 0.724138 0.827586 0.109477 
0.793103 0.724138 0.827586 0.109891 
0.827586 0.724138 0.827586 0.108326 
0.862069 0.724138 0.827586 0.105883 
0.896552 0.724138 0.827586 0.107498 
0.931034 0.724138 0.827586 0.108421 
0.965517 0.724138 0.827586 0.106334 
1 0.724138 0.827586 0.106962 
0 0.758621 0.827586 0.109271 
0.0344828 0.758621 0.827586 0.110093 
0.0689655 0.758621 0.827586 0.108961 
0.103448 0.758621 0.827586 0.108931 
0.137931 0.758621 0.827586 0.106643 
0.172414 0.758621 0.827586 0.108599 
0.206897 0.758621 0.827586 0.108896 
0.241379 0.758621 0.827586 0.107062 
0.275862 0.758621 0.827586 0.109161 
0.310345 0.758621 0.827586 0.109029 
0.344828 0.758621 0.827586 0.107034 
0.37931 0.758621 0.827586 0.105945 
0.413793 0.758621 0.827586 0.107444 
0.448276 0.758621 0.827586 0.108832 
0.482759 0.758621 0.827586 0.108697 
0.517241 0.758621 0.827586 0.105856 
0.551724 0.758621 0.827586 0.108966 
0.586207 0.758621 0.827586 0.108805 
0.62069 0.758621 0.827586 0.108388 
0.655172 0.758621 0.827586 0.108031 
0.689655 0.758621 0.827586 0.103349 
0.724138 0.758621 0.827586 0.107654 
0.758621 0.758621 0.827586 0.101278 
0.793103 0.758621 0.827586 0.106892 
0.827586 0.758621 0.827586 0.104817 
0.862069 0.758621 0.827586 0.10963 
0.896552 0.758621 0.827586 0.109136 
0.931034 0.758621 0.827586 0.106474 
0.965517 0.758621 0.827586 0.106863 
1 0.758621 0.827586 0.108092 
0 0.793103 0.827586 0.104334 
0.0344828 0.793103 0.827586 0.106939 
0.0689655 0.793103 0.827586 0.107529 
0.103448 0.793103 0.827586 0.105265 
0.137931 0.793103 0.827586 0.108473 
0.172414 0.793103 0.827586 0.10725 
0.206897 0.793103 0.827586 0.108638 
0.241379 0.793103 0.827586 0.104194 
0.275862 0.793103 0.827586 0.106653 
0.310345 0.793103 0.827586 0.109021 
0.344828 0.793103 0.827586 0.106282 
0.37931 0.793103 0.827586 0.109052 
0.413793 0.793103 0.827586 0.106329 
0.448276 0.793103 0.827586 0.108025 
0.482759 0.793103 0.827586 0.107819 
0.517241 0.793103 0.827586 0.110808 
0.551724 0.793103 0.827586 0.109722 
0.586207 0.793103 0.827586 0.109882 
0.62069 0.793103 0.827586 0.105932 
0.655172 0.793103 0.827586 0.107289 
0.689655 0.793103 0.827586 0.107522 
0.724138 0.793103 0.827586 0.103031 
0.758621 0.793103 0.827586 0.109222 
0.793103 0.793103 0.827586 0.106132 
0.827586 0.793103 0.827586 0.106145 
0.862069 0.793103 0.827586 0.107798 
0.896552 0.793103 0.827586 0.109813 
0.931034 0.793103 0.827586 0.110548 
0.965517 0.793103 0.827586 0.110036 
1 0.793103 0.827586 0.108874 
0 0.827586 0.827586 0.108706 
0.0344828 0.827586 0.827586 0.106389 
0.0689655 0.827586 0.827586 0.107688 
0.103448 0.827586 0.827586 0.107135 
0.137931 0.827586 0.827586 0.108797 
0.172414 0.827586 0.827586 0.108121 
0.206897 0.827586 0.827586 0.107902 
0.241379 0.827586 0.827586 0.108287 
0.275862 0.827586 0.827586 0.102078 
0.310345 0.827586 0.827586 0.108282 
0.344828 0.827586 0.827586 0.10633 
0.37931 0.827586 0.827586 0.107743 
0.413793 0.827586 0.827586 0.105654 
0.448276 0.827586 0.827586 0.107719 
0.482759 0.827586 0.827586 0.108044 
0.517241 0.827586 0.827586 0.108437 
0.551724 0.827586 0.827586 0.107683 
0.586207 0.827586 0.827586 0.107449 
0.62069 0.827586 0.827586 0.108051 
0.655172 0.827586 0.827586 0.107275 
0.689655 0.827586 0.827586 0.105145 
0.724138 0.827586 0.827586 0.10755 
0.758621 0.827586 0.827586 0.0986255 
0.793103 0.827586 0.827586 0.108815 
0.827586 0.827586 0.827586 0.105678 
0.862069 0.827586 0.827586 0.107935 
0.896552 0.827586 0.827586 0.105755 
0.931034 0.827586 0.827586 0.108004 
0.965517 0.827586 0.827586 0.105956 
1 0.827586 0.827586 0.105876 
0 0.862069 0.827586 0.107692 
0.0344828 0.862069 0.827586 0.10999 
0.0689655 0.862069 0.827586 0.105153 
0.103448 0.862069 0.827586 0.109306 
0.137931 0.862069 0.827586 0.106934 
0.172414 0.862069 0.827586 0.109476 
0.206897 0.862069 0.827586 0.104723 
0.241379 0.862069 0.827586 0.111793 
0.275862 0.862069 0.827586 0.10643 
0.310345 0.862069 0.827586 0.103293 
0.344828 0.862069 0.827586 0.107075 
0.37931 0.862069 0.827586 0.108703 
0.413793 0.862069 0.827586 0.103424 
0.448276 0.862069 0.827586 0.103446 
0.482759 0.862069 0.827586 0.106075 
0.517241 0.862069 0.827586 0.106152 
0.551724 0.862069 0.827586 0.109094 
0.586207 0.862069 0.827586 0.105787 
0.62069 0.862069 0.827586 0.107851 
0.655172 0.862069 0.827586 0.103308 
0.689655 0.862069 0.827586 0.10715 
0.724138 0.862069 0.827586 0.099627 
0.758621 0.862069 0.827586 0.107647 
0.793103 0.862069 0.827586 0.107951 
0.827586 0.862069 0.827586 0.106536 
0.862069 0.862069 0.827586 0.107034 
0.896552 0.862069 0.827586 0.106928 
0.931034 0.862069 0.827586 0.108829 
0.965517 0.862069 0.827586 0.108215 
1 0.862069 0.827586 0.108412 
0 0.896552 0.827586 0.108507 
0.0344828 0.896552 0.827586 0.105094 
0.0689655 0.896552 0.827586 0.105757 
0.103448 0.896552 0.827586 0.10824 
0.137931 0.896552 0.827586 0.107141 
0.172414 0.896552 0.827586 0.106392 
0.206897 0.896552 0.827586 0.106549 
0.241379 0.896552 0.827586 0.105576 
0.275862 0.896552 0.827586 0.107264 
0.310345 0.896552 0.827586 0.103181 
0.344828 0.896552 0.827586 0.105504 
0.37931 0.896552 0.827586 0.0895347 
0.413793 0.896552 0.827586 0.106927 
0.448276 0.896552 0.827586 0.110388 
0.482759 0.896552 0.827586 0.109052 
0.517241 0.896552 0.827586 0.109798 
0.551724 0.896552 0.827586 0.108538 
0.586207 0.896552 0.827586 0.103199 
0.62069 0.896552 0.827586 0.1058 
0.655172 0.896552 0.827586 0.108258 
0.689655 0.896552 0.827586 0.107587 
0.724138 0.896552 0.827586 0.108277 
0.758621 0.896552 0.827586 0.107228 
0.793103 0.896552 0.827586 0.105726 
0.827586 0.896552 0.827586 0.107313 
0.862069 0.896552 0.827586 0.106727 
0.896552 0.896552 0.827586 0.105398 
0.931034 0.896552 0.827586 0.106972 
0.965517 0.896552 0.827586 0.104256 
1 0.896552 0.827586 0.108988 
0 0.931034 0.827586 0.107943 
0.0344828 0.931034 0.827586 0.110109 
0.0689655 0.931034 0.827586 0.105573 
0.103448 0.931034 0.827586 0.104198 
0.137931 0.931034 0.827586 0.105127 
0.172414 0.931034 0.827586 0.108059 
0.206897 0.931034 0.827586 0.108128 
0.241379 0.931034 0.827586 0.10817 
0.275862 0.931034 0.827586 0.107165 
0.310345 0.931034 0.827586 0.103171 
0.344828 0.931034 0.827586 0.106499 
0.37931 0.931034 0.827586 0.103408 
0.413793 0.931034 0.827586 0.105811 
0.448276 0.931034 0.827586 0.108104 
0.482759 0.931034 0.827586 0.105183 
0.517241 0.931034 0.827586 0.109179 
0.551724 0.931034 0.827586 0.109014 
0.586207 0.931034 0.827586 0.106468 
0.62069 0.931034 0.827586 0.107281 
0.655172 0.931034 0.827586 0.105671 
0.689655 0.931034 0.827586 0.105924 
0.724138 0.931034 0.827586 0.106211 
0.758621 0.931034 0.827586 0.105493 
0.793103 0.931034 0.827586 0.10551 
0.827586 0.931034 0.827586 0.103449 
0.862069 0.931034 0.827586 0.109432 
0.896552 0.931034 0.827586 0.106199 
0.931034 0.931034 0.827586 0.109187 
0.965517 0.931034 0.827586 0.107414 
1 0.931034 0.827586 0.108028 
0 0.965517 0.827586 0.105526 
0.0344828 0.965517 0.827586 0.108575 
0.0689655 0.965517 0.827586 0.106075 
0.103448 0.965517 0.827586 0.104568 
0.137931 0.965517 0.827586 0.107671 
0.172414 0.965517 0.827586 0.108093 
0.206897 0.965517 0.827586 0.108183 
0.241379 0.965517 0.827586 0.105493 
0.275862 0.965517 0.827586 0.107779 
0.310345 0.965517 0.827586 0.0996058 
0.344828 0.965517 0.827586 0.107585 
0.37931 0.965517 0.827586 0.107511 
0.413793 0.965517 0.827586 0.107982 
0.448276 0.965517 0.827586 0.10907 
0.482759 0.965517 0.827586 0.105471 
0.517241 0.965517 0.827586 0.107521 
0.551724 0.965517 0.827586 0.105414 
0.586207 0.965517 0.827586 0.108094 
0.62069 0.965517 0.827586 0.107386 
0.655172 0.965517 0.827586 0.107817 
0.689655 0.965517 0.827586 0.10742 
0.724138 0.965517 0.827586 0.107316 
0.758621 0.965517 0.827586 0.106687 
0.793103 0.965517 0.827586 0.106318 
0.827586 0.965517 0.827586 0.106279 
0.862069 0.965517 0.827586 0.104064 
0.896552 0.965517 0.827586 0.105759 
0.931034 0.965517 0.827586 0.106918 
0.965517 0.965517 0.827586 0.104469 
1 0.965517 0.827586 0.109239 
0 1 0.827586 0.106306 
0.0344828 1 0.827586 0.107718 
0.0689655 1 0.827586 0.106812 
0.103448 1 0.827586 0.105912 
0.137931 1 0.827586 0.108362 
0.172414 1 0.827586 0.10433 
0.206897 1 0.827586 0.110012 
0.241379 1 0.827586 0.102685 
0.275862 1 0.827586 0.10881 
0.310345 1 0.827586 0.104115 
0.344828 1 0.827586 0.100915 
0.37931 1 0.827586 0.108465 
0.413793 1 0.827586 0.107093 
0.448276 1 0.827586 0.104463 
0.482759 1 0.827586 0.107381 
0.517241 1 0.827586 0.104609 
0.551724 1 0.827586 0.107624 
0.586207 1 0.827586 0.105446 
0.62069 1 0.827586 0.107893 
0.655172 1 0.827586 0.103744 
0.689655 1 0.827586 0.102993 
0.724138 1 0.827586 0.106303 
0.758621 1 0.827586 0.102974 
0.793103 1 0.827586 0.108785 
0.827586 1 0.827586 0.108781 
0.862069 1 0.827586 0.106364 
0.896552 1 0.827586 0.108072 
0.931034 1 0.827586 0.108341 
0.965517 1 0.827586 0.107473 
1 1 0.827586 0.107715 
0 0 0.862069 0.101104 
0.0344828 0 0.862069 0.101104 
0.0689655 0 0.862069 0.101104 
0.103448 0 0.862069 0.101104 
0.137931 0 0.862069 0.101104 
0.172414 0 0.862069 0.101104 
0.206897 0 0.862069 0.101104 
0.241379 0 0.862069 0.101104 
0.275862 0 0.862069 0.101104 
0.310345 0 0.862069 0.101104 
0.344828 0 0.862069 0.101104 
0.37931 0 0.862069 0.101104 
0.413793 0 0.862069 0.101104 
0.448276 0 0.862069 0.101104 
0.482759 0 0.862069 0.101104 
0.517241 0 0.862069 0.101104 
0.551724 0 0.862069 0.101104 
0.586207 0 0.862069 0.101104 
0.62069 0 0.862069 0.101104 
0.655172 0 0.862069 0.101104 
0.689655 0 0.862069 0.101104 
0.724138 0 0.862069 0.101104 
0.758621 0 0.862069 0.101104 
0.793103 0 0.862069 0.101104 
0.827586 0 0.862069 0.101104 
0.862069 0 0.862069 0.101104 
0.896552 0 0.862069 0.101104 
0.931034 0 0.862069 0.101104 
0.965517 0 0.862069 0.101104 
1 0 0.862069 0.101104 
0 0.0344828 0.862069 0.102288 
0.0344828 0.0344828 0.862069 0.0994741 
0.0689655 0.0344828 0.862069 0.0999623 
0.103448 0.0344828 0.862069 0.0998604 
0.137931 0.0344828 0.862069 0.100337 
0.172414 0.0344828 0.862069 0.100126 
0.206897 0.0344828 0.862069 0.101965 
0.241379 0.0344828 0.862069 0.101368 
0.275862 0.0344828 0.862069 0.0998105 
0.310345 0.0344828 0.862069 0.101688 
0.344828 0.0344828 0.862069 0.100623 
0.37931 0.0344828 0.862069 0.102875 
0.413793 0.0344828 0.862069 0.0934282 
0.448276 0.0344828 0.862069 0.0983545 
0.482759 0.0344828 0.862069 0.102206 
0.517241 0.0344828 0.862069 0.0943179 
0.551724 0.0344828 0.862069 0.0982519 
0.586207 0.0344828 0.862069 0.100956 
0.62069 0.0344828 0.862069 0.101055 
0.655172 0.0344828 0.862069 0.102275 
0.689655 0.0344828 0.862069 0.0997943 
0.724138 0.0344828 0.862069 0.102063 
0.758621 0.0344828 0.862069 0.0945604 
0.793103 0.0344828 0.862069 0.0998837 
0.827586 0.0344828 0.862069 0.0998408 
0.862069 0.0344828 0.862069 0.101785 
0.896552 0.0344828 0.862069 0.0983252 
0.931034 0.0344828 0.862069 0.102233 
0.965517 0.0344828 0.862069 0.102694 
1 0.0344828 0.862069 0.100301 
0 0.0689655 0.862069 0.100683 
0.0344828 0.0689655 0.862069 0.0997052 
0.0689655 0.0689655 0.862069 0.100259 
0.103448 0.0689655 0.862069 0.101767 
0.137931 0.0689655 0.862069 0.0929894 
0.172414 0.0689655 0.862069 0.10132 
0.206897 0.0689655 0.862069 0.0989794 
0.241379 0.0689655 0.862069 0.0979588 
0.275862 0.0689655 0.862069 0.0935433 
0.310345 0.0689655 0.862069 0.10335 
0.344828 0.0689655 0.862069 0.101943 
0.37931 0.0689655 0.862069 0.0945263 
0.413793 0.0689655 0.862069 0.0839203 
0.448276 0.0689655 0.862069 0.0975233 
0.482759 0.0689655 0.862069 0.101751 
0.517241 0.0689655 0.862069 0.0997526 
0.551724 0.0689655 0.862069 0.10046 
0.586207 0.0689655 0.862069 0.10005 
0.62069 0.0689655 0.862069 0.101751 
0.655172 0.0689655 0.862069 0.0958388 
0.689655 0.0689655 0.862069 0.103675 
0.724138 0.0689655 0.862069 0.101897 
0.758621 0.0689655 0.862069 0.0998753 
0.793103 0.0689655 0.862069 0.097244 
0.827586 0.0689655 0.862069 0.103424 
0.862069 0.0689655 0.862069 0.101788 
0.896552 0.0689655 0.862069 0.099711 
0.931034 0.0689655 0.862069 0.103205 
0.965517 0.0689655 0.862069 0.0992476 
1 0.0689655 0.862069 0.0987385 
0 0.103448 0.862069 0.102012 
0.0344828 0.103448 0.862069 0.101483 
0.0689655 0.103448 0.862069 0.0997685 
0.103448 0.103448 0.862069 0.0995767 
0.137931 0.103448 0.862069 0.102262 
0.172414 0.103448 0.862069 0.100185 
0.206897 0.103448 0.862069 0.101704 
0.241379 0.103448 0.862069 0.0978927 
0.275862 0.103448 0.862069 0.10358 
0.310345 0.103448 0.862069 0.100509 
0.344828 0.103448 0.862069 0.101701 
0.37931 0.103448 0.862069 0.101678 
0.413793 0.103448 0.862069 0.0970942 
0.448276 0.103448 0.862069 0.0998307 
0.482759 0.103448 0.862069 0.10118 
0.517241 0.103448 0.862069 0.10002 
0.551724 0.103448 0.862069 0.101007 
0.586207 0.103448 0.862069 0.0951993 
0.62069 0.103448 0.862069 0.0997471 
0.655172 0.103448 0.862069 0.101069 
0.689655 0.103448 0.862069 0.101475 
0.724138 0.103448 0.862069 0.0994007 
0.758621 0.103448 0.862069 0.100259 
0.793103 0.103448 0.862069 0.101708 
0.827586 0.103448 0.862069 0.0981278 
0.862069 0.103448 0.862069 0.0999541 
0.896552 0.103448 0.862069 0.101397 
0.931034 0.103448 0.862069 0.101245 
0.965517 0.103448 0.862069 0.10158 
1 0.103448 0.862069 0.101857 
0 0.137931 0.862069 0.100841 
0.0344828 0.137931 0.862069 0.101765 
0.0689655 0.137931 0.862069 0.102056 
0.103448 0.137931 0.862069 0.0973457 
0.137931 0.137931 0.862069 0.101964 
0.172414 0.137931 0.862069 0.0947058 
0.206897 0.137931 0.862069 0.103293 
0.241379 0.137931 0.862069 0.101375 
0.275862 0.137931 0.862069 0.0844872 
0.310345 0.137931 0.862069 0.0954646 
0.344828 0.137931 0.862069 0.101378 
0.37931 0.137931 0.862069 0.0981839 
0.413793 0.137931 0.862069 0.10002 
0.448276 0.137931 0.862069 0.100662 
0.482759 0.137931 0.862069 0.101354 
0.517241 0.137931 0.862069 0.100121 
0.551724 0.137931 0.862069 0.102361 
0.586207 0.137931 0.862069 0.100158 
0.62069 0.137931 0.862069 0.103263 
0.655172 0.137931 0.862069 0.101181 
0.689655 0.137931 0.862069 0.0994774 
0.724138 0.137931 0.862069 0.0991986 
0.758621 0.137931 0.862069 0.0968575 
0.793103 0.137931 0.862069 0.102327 
0.827586 0.137931 0.862069 0.0994247 
0.862069 0.137931 0.862069 0.0970917 
0.896552 0.137931 0.862069 0.0993328 
0.931034 0.137931 0.862069 0.0990322 
0.965517 0.137931 0.862069 0.0988829 
1 0.137931 0.862069 0.101715 
0 0.172414 0.862069 0.101981 
0.0344828 0.172414 0.862069 0.10121 
0.0689655 0.172414 0.862069 0.100665 
0.103448 0.172414 0.862069 0.0987804 
0.137931 0.172414 0.862069 0.102057 
0.172414 0.172414 0.862069 0.101472 
0.206897 0.172414 0.862069 0.0989609 
0.241379 0.172414 0.862069 0.0976715 
0.275862 0.172414 0.862069 0.0994422 
0.310345 0.172414 0.862069 0.0970521 
0.344828 0.172414 0.862069 0.101461 
0.37931 0.172414 0.862069 0.0824346 
0.413793 0.172414 0.862069 0.0988601 
0.448276 0.172414 0.862069 0.0998477 
0.482759 0.172414 0.862069 0.09965 
0.517241 0.172414 0.862069 0.0996161 
0.551724 0.172414 0.862069 0.0991274 
0.586207 0.172414 0.862069 0.0978824 
0.62069 0.172414 0.862069 0.101777 
0.655172 0.172414 0.862069 0.0990327 
0.689655 0.172414 0.862069 0.100133 
0.724138 0.172414 0.862069 0.0995617 
0.758621 0.172414 0.862069 0.0968443 
0.793103 0.172414 0.862069 0.0988699 
0.827586 0.172414 0.862069 0.101392 
0.862069 0.172414 0.862069 0.100764 
0.896552 0.172414 0.862069 0.101507 
0.931034 0.172414 0.862069 0.0998388 
0.965517 0.172414 0.862069 0.101493 
1 0.172414 0.862069 0.0992598 
0 0.206897 0.862069 0.102333 
0.0344828 0.206897 0.862069 0.101454 
0.0689655 0.206897 0.862069 0.101095 
0.103448 0.206897 0.862069 0.0999837 
0.137931 0.206897 0.862069 0.0874247 
0.172414 0.206897 0.862069 0.093039 
0.206897 0.206897 0.862069 0.10209 
0.241379 0.206897 0.862069 0.100282 
0.275862 0.206897 0.862069 0.0988096 
0.310345 0.206897 0.862069 0.0994377 
0.344828 0.206897 0.862069 0.0978472 
0.37931 0.206897 0.862069 0.102108 
0.413793 0.206897 0.862069 0.0992131 
0.448276 0.206897 0.862069 0.10023 
0.482759 0.206897 0.862069 0.0986569 
0.517241 0.206897 0.862069 0.101779 
0.551724 0.206897 0.862069 0.100136 
0.586207 0.206897 0.862069 0.0976113 
0.62069 0.206897 0.862069 0.0992871 
0.655172 0.206897 0.862069 0.0962146 
0.689655 0.206897 0.862069 0.0990286 
0.724138 0.206897 0.862069 0.100165 
0.758621 0.206897 0.862069 0.100705 
0.793103 0.206897 0.862069 0.10109 
0.827586 0.206897 0.862069 0.0969751 
0.862069 0.206897 0.862069 0.0834051 
0.896552 0.206897 0.862069 0.103086 
0.931034 0.206897 0.862069 0.102308 
0.965517 0.206897 0.862069 0.101756 
1 0.206897 0.862069 0.09931 
0 0.241379 0.862069 0.0971702 
0.0344828 0.241379 0.862069 0.10098 
0.0689655 0.241379 0.862069 0.100837 
0.103448 0.241379 0.862069 0.0979583 
0.137931 0.241379 0.862069 0.0951219 
0.172414 0.241379 0.862069 0.0979599 
0.206897 0.241379 0.862069 0.0975906 
0.241379 0.241379 0.862069 0.0951379 
0.275862 0.241379 0.862069 0.0890425 
0.310345 0.241379 0.862069 0.101472 
0.344828 0.241379 0.862069 0.0982511 
0.37931 0.241379 0.862069 0.0987144 
0.413793 0.241379 0.862069 0.0994827 
0.448276 0.241379 0.862069 0.0962995 
0.482759 0.241379 0.862069 0.100923 
0.517241 0.241379 0.862069 0.100023 
0.551724 0.241379 0.862069 0.101757 
0.586207 0.241379 0.862069 0.0948665 
0.62069 0.241379 0.862069 0.100753 
0.655172 0.241379 0.862069 0.0994628 
0.689655 0.241379 0.862069 0.103467 
0.724138 0.241379 0.862069 0.101688 
0.758621 0.241379 0.862069 0.100056 
0.793103 0.241379 0.862069 0.101288 
0.827586 0.241379 0.862069 0.100992 
0.862069 0.241379 0.862069 0.0993138 
0.896552 0.241379 0.862069 0.0993138 
0.931034 0.241379 0.862069 0.101144 
0.965517 0.241379 0.862069 0.0948282 
1 0.241379 0.862069 0.10143 
0 0.275862 0.862069 0.0994446 
0.0344828 0.275862 0.862069 0.100045 
0.0689655 0.275862 0.862069 0.0962914 
0.103448 0.275862 0.862069 0.0976395 
0.137931 0.275862 0.862069 0.0970326 
0.172414 0.275862 0.862069 0.100206 
0.206897 0.275862 0.862069 0.0906559 
0.241379 0.275862 0.862069 0.101082 
0.275862 0.275862 0.862069 0.102017 
0.310345 0.275862 0.862069 0.0941063 
0.344828 0.275862 0.862069 0.101378 
0.37931 0.275862 0.862069 0.0955232 
0.413793 0.275862 0.862069 0.100333 
0.448276 0.275862 0.862069 0.0968136 
0.482759 0.275862 0.862069 0.101114 
0.517241 0.275862 0.862069 0.100231 
0.551724 0.275862 0.862069 0.0995028 
0.586207 0.275862 0.862069 0.0997663 
0.62069 0.275862 0.862069 0.0861939 
0.655172 0.275862 0.862069 0.0970145 
0.689655 0.275862 0.862069 0.0987669 
0.724138 0.275862 0.862069 0.10081 
0.758621 0.275862 0.862069 0.101196 
0.793103 0.275862 0.862069 0.10127 
0.827586 0.275862 0.862069 0.10116 
0.862069 0.275862 0.862069 0.0987895 
0.896552 0.275862 0.862069 0.101339 
0.931034 0.275862 0.862069 0.0999495 
0.965517 0.275862 0.862069 0.102104 
1 0.275862 0.862069 0.0845979 
0 0.310345 0.862069 0.0937686 
0.0344828 0.310345 0.862069 0.0988427 
0.0689655 0.310345 0.862069 0.0995474 
0.103448 0.310345 0.862069 0.10078 
0.137931 0.310345 0.862069 0.0992529 
0.172414 0.310345 0.862069 0.100199 
0.206897 0.310345 0.862069 0.102672 
0.241379 0.310345 0.862069 0.100439 
0.275862 0.310345 0.862069 0.0997771 
0.310345 0.310345 0.862069 0.0986685 
0.344828 0.310345 0.862069 0.0994551 
0.37931 0.310345 0.862069 0.0985663 
0.413793 0.310345 0.862069 0.0986233 
0.448276 0.310345 0.862069 0.100783 
0.482759 0.310345 0.862069 0.102337 
0.517241 0.310345 0.862069 0.0965873 
0.551724 0.310345 0.862069 0.0994394 
0.586207 0.310345 0.862069 0.10008 
0.62069 0.310345 0.862069 0.0996971 
0.655172 0.310345 0.862069 0.0998748 
0.689655 0.310345 0.862069 0.099123 
0.724138 0.310345 0.862069 0.101337 
0.758621 0.310345 0.862069 0.0989246 
0.793103 0.310345 0.862069 0.10011 
0.827586 0.310345 0.862069 0.101846 
0.862069 0.310345 0.862069 0.102383 
0.896552 0.310345 0.862069 0.100257 
0.931034 0.310345 0.862069 0.0984139 
0.965517 0.310345 0.862069 0.0994386 
1 0.310345 0.862069 0.0995757 
0 0.344828 0.862069 0.0986642 
0.0344828 0.344828 0.862069 0.0987195 
0.0689655 0.344828 0.862069 0.101049 
0.103448 0.344828 0.862069 0.0983733 
0.137931 0.344828 0.862069 0.0978272 
0.172414 0.344828 0.862069 0.101499 
0.206897 0.344828 0.862069 0.0976296 
0.241379 0.344828 0.862069 0.0985672 
0.275862 0.344828 0.862069 0.0989273 
0.310345 0.344828 0.862069 0.100346 
0.344828 0.344828 0.862069 0.101109 
0.37931 0.344828 0.862069 0.0990305 
0.413793 0.344828 0.862069 0.0866387 
0.448276 0.344828 0.862069 0.100803 
0.482759 0.344828 0.862069 0.0958457 
0.517241 0.344828 0.862069 0.0994483 
0.551724 0.344828 0.862069 0.096969 
0.586207 0.344828 0.862069 0.100192 
0.62069 0.344828 0.862069 0.102112 
0.655172 0.344828 0.862069 0.100357 
0.689655 0.344828 0.862069 0.101733 
0.724138 0.344828 0.862069 0.101145 
0.758621 0.344828 0.862069 0.0991498 
0.793103 0.344828 0.862069 0.0989703 
0.827586 0.344828 0.862069 0.101368 
0.862069 0.344828 0.862069 0.0990481 
0.896552 0.344828 0.862069 0.100482 
0.931034 0.344828 0.862069 0.0994002 
0.965517 0.344828 0.862069 0.0990169 
1 0.344828 0.862069 0.0997352 
0 0.37931 0.862069 0.101441 
0.0344828 0.37931 0.862069 0.0992979 
0.0689655 0.37931 0.862069 0.0933668 
0.103448 0.37931 0.862069 0.0976926 
0.137931 0.37931 0.862069 0.0995154 
0.172414 0.37931 0.862069 0.0984932 
0.206897 0.37931 0.862069 0.0985193 
0.241379 0.37931 0.862069 0.0985712 
0.275862 0.37931 0.862069 0.0920727 
0.310345 0.37931 0.862069 0.0970141 
0.344828 0.37931 0.862069 0.100974 
0.37931 0.37931 0.862069 0.0984216 
0.413793 0.37931 0.862069 0.0977741 
0.448276 0.37931 0.862069 0.0989685 
0.482759 0.37931 0.862069 0.0988727 
0.517241 0.37931 0.862069 0.101695 
0.551724 0.37931 0.862069 0.099018 
0.586207 0.37931 0.862069 0.100656 
0.62069 0.37931 0.862069 0.0994203 
0.655172 0.37931 0.862069 0.0984135 
0.689655 0.37931 0.862069 0.0999247 
0.724138 0.37931 0.862069 0.102125 
0.758621 0.37931 0.862069 0.0984295 
0.793103 0.37931 0.862069 0.0856177 
0.827586 0.37931 0.862069 0.0951546 
0.862069 0.37931 0.862069 0.100044 
0.896552 0.37931 0.862069 0.0999652 
0.931034 0.37931 0.862069 0.0987046 
0.965517 0.37931 0.862069 0.0972961 
1 0.37931 0.862069 0.100577 
0 0.413793 0.862069 0.0982056 
0.0344828 0.413793 0.862069 0.094102 
0.0689655 0.413793 0.862069 0.0976424 
0.103448 0.413793 0.862069 0.0987583 
0.137931 0.413793 0.862069 0.0985181 
0.172414 0.413793 0.862069 0.0998675 
0.206897 0.413793 0.862069 0.0914616 
0.241379 0.413793 0.862069 0.097987 
0.275862 0.413793 0.862069 0.100376 
0.310345 0.413793 0.862069 0.0970272 
0.344828 0.413793 0.862069 0.100139 
0.37931 0.413793 0.862069 0.0999237 
0.413793 0.413793 0.862069 0.0995852 
0.448276 0.413793 0.862069 0.0955189 
0.482759 0.413793 0.862069 0.0982397 
0.517241 0.413793 0.862069 0.0989207 
0.551724 0.413793 0.862069 0.0998162 
0.586207 0.413793 0.862069 0.0953772 
0.62069 0.413793 0.862069 0.0996041 
0.655172 0.413793 0.862069 0.0981018 
0.689655 0.413793 0.862069 0.0995695 
0.724138 0.413793 0.862069 0.101675 
0.758621 0.413793 0.862069 0.101288 
0.793103 0.413793 0.862069 0.0955646 
0.827586 0.413793 0.862069 0.0976089 
0.862069 0.413793 0.862069 0.100433 
0.896552 0.413793 0.862069 0.0989639 
0.931034 0.413793 0.862069 0.0998028 
0.965517 0.413793 0.862069 0.100439 
1 0.413793 0.862069 0.10113 
0 0.448276 0.862069 0.0982682 
0.0344828 0.448276 0.862069 0.0995971 
0.0689655 0.448276 0.862069 0.0994052 
0.103448 0.448276 0.862069 0.10082 
0.137931 0.448276 0.862069 0.0983299 
0.172414 0.448276 0.862069 0.0998937 
0.206897 0.448276 0.862069 0.0979891 
0.241379 0.448276 0.862069 0.100477 
0.275862 0.448276 0.862069 0.0983216 
0.310345 0.448276 0.862069 0.100213 
0.344828 0.448276 0.862069 0.0974471 
0.37931 0.448276 0.862069 0.0980843 
0.413793 0.448276 0.862069 0.0986322 
0.448276 0.448276 0.862069 0.10001 
0.482759 0.448276 0.862069 0.0995487 
0.517241 0.448276 0.862069 0.0979366 
0.551724 0.448276 0.862069 0.0946831 
0.586207 0.448276 0.862069 0.0977844 
0.62069 0.448276 0.862069 0.0989773 
0.655172 0.448276 0.862069 0.103319 
0.689655 0.448276 0.862069 0.0979151 
0.724138 0.448276 0.862069 0.0997232 
0.758621 0.448276 0.862069 0.0996396 
0.793103 0.448276 0.862069 0.0977713 
0.827586 0.448276 0.862069 0.0989188 
0.862069 0.448276 0.862069 0.0977975 
0.896552 0.448276 0.862069 0.0995956 
0.931034 0.448276 0.862069 0.100587 
0.965517 0.448276 0.862069 0.100266 
1 0.448276 0.862069 0.097563 
0 0.482759 0.862069 0.098187 
0.0344828 0.482759 0.862069 0.100063 
0.0689655 0.482759 0.862069 0.0816008 
0.103448 0.482759 0.862069 0.0980117 
0.137931 0.482759 0.862069 0.0957741 
0.172414 0.482759 0.862069 0.100413 
0.206897 0.482759 0.862069 0.0956894 
0.241379 0.482759 0.862069 0.0998297 
0.275862 0.482759 0.862069 0.0955627 
0.310345 0.482759 0.862069 0.0976141 
0.344828 0.482759 0.862069 0.0999882 
0.37931 0.482759 0.862069 0.0985304 
0.413793 0.482759 0.862069 0.0999242 
0.448276 0.482759 0.862069 0.100394 
0.482759 0.482759 0.862069 0.0974833 
0.517241 0.482759 0.862069 0.0974817 
0.551724 0.482759 0.862069 0.10032 
0.586207 0.482759 0.862069 0.0992597 
0.62069 0.482759 0.862069 0.0971894 
0.655172 0.482759 0.862069 0.0995398 
0.689655 0.482759 0.862069 0.100008 
0.724138 0.482759 0.862069 0.0978888 
0.758621 0.482759 0.862069 0.0961206 
0.793103 0.482759 0.862069 0.0978263 
0.827586 0.482759 0.862069 0.100525 
0.862069 0.482759 0.862069 0.0942599 
0.896552 0.482759 0.862069 0.0997852 
0.931034 0.482759 0.862069 0.0996285 
0.965517 0.482759 0.862069 0.0992702 
1 0.482759 0.862069 0.0974607 
0 0.517241 0.862069 0.0992803 
0.0344828 0.517241 0.862069 0.0986184 
0.0689655 0.517241 0.862069 0.0937671 
0.103448 0.517241 0.862069 0.100652 
0.137931 0.517241 0.862069 0.0986323 
0.172414 0.517241 0.862069 0.0962907 
0.206897 0.517241 0.862069 0.09999 
0.241379 0.517241 0.862069 0.097473 
0.275862 0.517241 0.862069 0.0978808 
0.310345 0.517241 0.862069 0.10016 
0.344828 0.517241 0.862069 0.0992831 
0.37931 0.517241 0.862069 0.10048 
0.413793 0.517241 0.862069 0.0999993 
0.448276 0.517241 0.862069 0.099328 
0.482759 0.517241 0.862069 0.0977259 
0.517241 0.517241 0.862069 0.0975194 
0.551724 0.517241 0.862069 0.0980347 
0.586207 0.517241 0.862069 0.0973829 
0.62069 0.517241 0.862069 0.0992322 
0.655172 0.517241 0.862069 0.0995306 
0.689655 0.517241 0.862069 0.0996367 
0.724138 0.517241 0.862069 0.100713 
0.758621 0.517241 0.862069 0.0989217 
0.793103 0.517241 0.862069 0.100336 
0.827586 0.517241 0.862069 0.0980514 
0.862069 0.517241 0.862069 0.096369 
0.896552 0.517241 0.862069 0.0964176 
0.931034 0.517241 0.862069 0.101283 
0.965517 0.517241 0.862069 0.100738 
1 0.517241 0.862069 0.0993628 
0 0.551724 0.862069 0.0972924 
0.0344828 0.551724 0.862069 0.100739 
0.0689655 0.551724 0.862069 0.0976516 
0.103448 0.551724 0.862069 0.0995246 
0.137931 0.551724 0.862069 0.102504 
0.172414 0.551724 0.862069 0.0978236 
0.206897 0.551724 0.862069 0.100044 
0.241379 0.551724 0.862069 0.0999786 
0.275862 0.551724 0.862069 0.0980912 
0.310345 0.551724 0.862069 0.0997815 
0.344828 0.551724 0.862069 0.0979673 
0.37931 0.551724 0.862069 0.0982201 
0.413793 0.551724 0.862069 0.098867 
0.448276 0.551724 0.862069 0.0997104 
0.482759 0.551724 0.862069 0.10056 
0.517241 0.551724 0.862069 0.100668 
0.551724 0.551724 0.862069 0.0973172 
0.586207 0.551724 0.862069 0.0958004 
0.62069 0.551724 0.862069 0.0997545 
0.655172 0.551724 0.862069 0.0978202 
0.689655 0.551724 0.862069 0.0972481 
0.724138 0.551724 0.862069 0.0988844 
0.758621 0.551724 0.862069 0.0975652 
0.793103 0.551724 0.862069 0.0947727 
0.827586 0.551724 0.862069 0.100142 
0.862069 0.551724 0.862069 0.100977 
0.896552 0.551724 0.862069 0.0998322 
0.931034 0.551724 0.862069 0.093008 
0.965517 0.551724 0.862069 0.0966312 
1 0.551724 0.862069 0.0989395 
0 0.586207 0.862069 0.0997034 
0.0344828 0.586207 0.862069 0.0996549 
0.0689655 0.586207 0.862069 0.0989313 
0.103448 0.586207 0.862069 0.095757 
0.137931 0.586207 0.862069 0.0976531 
0.172414 0.586207 0.862069 0.0987109 
0.206897 0.586207 0.862069 0.0958104 
0.241379 0.586207 0.862069 0.0956363 
0.275862 0.586207 0.862069 0.0996773 
0.310345 0.586207 0.862069 0.101122 
0.344828 0.586207 0.862069 0.0969756 
0.37931 0.586207 0.862069 0.0991074 
0.413793 0.586207 0.862069 0.100251 
0.448276 0.586207 0.862069 0.0971518 
0.482759 0.586207 0.862069 0.0978568 
0.517241 0.586207 0.862069 0.100331 
0.551724 0.586207 0.862069 0.0994631 
0.586207 0.586207 0.862069 0.0979638 
0.62069 0.586207 0.862069 0.0975379 
0.655172 0.586207 0.862069 0.0950847 
0.689655 0.586207 0.862069 0.0970355 
0.724138 0.586207 0.862069 0.0820011 
0.758621 0.586207 0.862069 0.0994062 
0.793103 0.586207 0.862069 0.0995211 
0.827586 0.586207 0.862069 0.0977629 
0.862069 0.586207 0.862069 0.098119 
0.896552 0.586207 0.862069 0.0978333 
0.931034 0.586207 0.862069 0.0925174 
0.965517 0.586207 0.862069 0.0995964 
1 0.586207 0.862069 0.0968448 
0 0.62069 0.862069 0.0968412 
0.0344828 0.62069 0.862069 0.0973641 
0.0689655 0.62069 0.862069 0.0992676 
0.103448 0.62069 0.862069 0.096945 
0.137931 0.62069 0.862069 0.0974541 
0.172414 0.62069 0.862069 0.0986974 
0.206897 0.62069 0.862069 0.0980219 
0.241379 0.62069 0.862069 0.0920909 
0.275862 0.62069 0.862069 0.0973795 
0.310345 0.62069 0.862069 0.0995014 
0.344828 0.62069 0.862069 0.0969427 
0.37931 0.62069 0.862069 0.0986593 
0.413793 0.62069 0.862069 0.0994435 
0.448276 0.62069 0.862069 0.0952501 
0.482759 0.62069 0.862069 0.089142 
0.517241 0.62069 0.862069 0.0977055 
0.551724 0.62069 0.862069 0.0966793 
0.586207 0.62069 0.862069 0.0992877 
0.62069 0.62069 0.862069 0.0984235 
0.655172 0.62069 0.862069 0.0983722 
0.689655 0.62069 0.862069 0.0988026 
0.724138 0.62069 0.862069 0.0982181 
0.758621 0.62069 0.862069 0.0979485 
0.793103 0.62069 0.862069 0.0990323 
0.827586 0.62069 0.862069 0.099841 
0.862069 0.62069 0.862069 0.0966351 
0.896552 0.62069 0.862069 0.0997078 
0.931034 0.62069 0.862069 0.0968122 
0.965517 0.62069 0.862069 0.100035 
1 0.62069 0.862069 0.0962251 
0 0.655172 0.862069 0.100173 
0.0344828 0.655172 0.862069 0.0909153 
0.0689655 0.655172 0.862069 0.0995704 
0.103448 0.655172 0.862069 0.0960071 
0.137931 0.655172 0.862069 0.0957873 
0.172414 0.655172 0.862069 0.100366 
0.206897 0.655172 0.862069 0.0988029 
0.241379 0.655172 0.862069 0.0973815 
0.275862 0.655172 0.862069 0.0966123 
0.310345 0.655172 0.862069 0.0965277 
0.344828 0.655172 0.862069 0.0991212 
0.37931 0.655172 0.862069 0.0978846 
0.413793 0.655172 0.862069 0.0984302 
0.448276 0.655172 0.862069 0.0993608 
0.482759 0.655172 0.862069 0.0972232 
0.517241 0.655172 0.862069 0.0987648 
0.551724 0.655172 0.862069 0.0986935 
0.586207 0.655172 0.862069 0.0996282 
0.62069 0.655172 0.862069 0.098312 
0.655172 0.655172 0.862069 0.0969991 
0.689655 0.655172 0.862069 0.0990938 
0.724138 0.655172 0.862069 0.0978911 
0.758621 0.655172 0.862069 0.0995953 
0.793103 0.655172 0.862069 0.0975322 
0.827586 0.655172 0.862069 0.0977975 
0.862069 0.655172 0.862069 0.098798 
0.896552 0.655172 0.862069 0.0991323 
0.931034 0.655172 0.862069 0.10103 
0.965517 0.655172 0.862069 0.0996818 
1 0.655172 0.862069 0.0970447 
0 0.689655 0.862069 0.0950235 
0.0344828 0.689655 0.862069 0.0958201 
0.0689655 0.689655 0.862069 0.0984726 
0.103448 0.689655 0.862069 0.0971828 
0.137931 0.689655 0.862069 0.101166 
0.172414 0.689655 0.862069 0.0939667 
0.206897 0.689655 0.862069 0.0973637 
0.241379 0.689655 0.862069 0.096686 
0.275862 0.689655 0.862069 0.0976192 
0.310345 0.689655 0.862069 0.0989099 
0.344828 0.689655 0.862069 0.0994065 
0.37931 0.689655 0.862069 0.0980111 
0.413793 0.689655 0.862069 0.0948529 
0.448276 0.689655 0.862069 0.0985584 
0.482759 0.689655 0.862069 0.0995055 
0.517241 0.689655 0.862069 0.099985 
0.551724 0.689655 0.862069 0.0965268 
0.586207 0.689655 0.862069 0.0980256 
0.62069 0.689655 0.862069 0.0975523 
0.655172 0.689655 0.862069 0.0977787 
0.689655 0.689655 0.862069 0.099418 
0.724138 0.689655 0.862069 0.0964148 
0.758621 0.689655 0.862069 0.0975363 
0.793103 0.689655 0.862069 0.0968069 
0.827586 0.689655 0.862069 0.0987988 
0.862069 0.689655 0.862069 0.0969354 
0.896552 0.689655 0.862069 0.0974009 
0.931034 0.689655 0.862069 0.0975457 
0.965517 0.689655 0.862069 0.0972622 
1 0.689655 0.862069 0.0967736 
0 0.724138 0.862069 0.0997182 
0.0344828 0.724138 0.862069 0.0967967 
0.0689655 0.724138 0.862069 0.0973485 
0.103448 0.724138 0.862069 0.098252 
0.137931 0.724138 0.862069 0.096694 
0.172414 0.724138 0.862069 0.0963842 
0.206897 0.724138 0.862069 0.0999966 
0.241379 0.724138 0.862069 0.0996036 
0.275862 0.724138 0.862069 0.0985013 
0.310345 0.724138 0.862069 0.0968403 
0.344828 0.724138 0.862069 0.0988985 
0.37931 0.724138 0.862069 0.0984199 
0.413793 0.724138 0.862069 0.0998588 
0.448276 0.724138 0.862069 0.0964631 
0.482759 0.724138 0.862069 0.0965263 
0.517241 0.724138 0.862069 0.0907978 
0.551724 0.724138 0.862069 0.0995314 
0.586207 0.724138 0.862069 0.0973541 
0.62069 0.724138 0.862069 0.0999841 
0.655172 0.724138 0.862069 0.0944966 
0.689655 0.724138 0.862069 0.09658 
0.724138 0.724138 0.862069 0.0971681 
0.758621 0.724138 0.862069 0.0980291 
0.793103 0.724138 0.862069 0.0989062 
0.827586 0.724138 0.862069 0.0961784 
0.862069 0.724138 0.862069 0.0905008 
0.896552 0.724138 0.862069 0.0987179 
0.931034 0.724138 0.862069 0.0972463 
0.965517 0.724138 0.862069 0.0969277 
1 0.724138 0.862069 0.0982093 
0 0.758621 0.862069 0.0991295 
0.0344828 0.758621 0.862069 0.0988888 
0.0689655 0.758621 0.862069 0.0987641 
0.103448 0.758621 0.862069 0.098854 
0.137931 0.758621 0.862069 0.0966573 
0.172414 0.758621 0.862069 0.0997282 
0.206897 0.758621 0.862069 0.0983331 
0.241379 0.758621 0.862069 0.100892 
0.275862 0.758621 0.862069 0.0970278 
0.310345 0.758621 0.862069 0.0990718 
0.344828 0.758621 0.862069 0.0967061 
0.37931 0.758621 0.862069 0.0964961 
0.413793 0.758621 0.862069 0.0978834 
0.448276 0.758621 0.862069 0.0979707 
0.482759 0.758621 0.862069 0.0961425 
0.517241 0.758621 0.862069 0.0979695 
0.551724 0.758621 0.862069 0.0987075 
0.586207 0.758621 0.862069 0.0992854 
0.62069 0.758621 0.862069 0.0985986 
0.655172 0.758621 0.862069 0.0972686 
0.689655 0.758621 0.862069 0.0917584 
0.724138 0.758621 0.862069 0.0965879 
0.758621 0.758621 0.862069 0.0932813 
0.793103 0.758621 0.862069 0.0952226 
0.827586 0.758621 0.862069 0.0987474 
0.862069 0.758621 0.862069 0.09975 
0.896552 0.758621 0.862069 0.099339 
0.931034 0.758621 0.862069 0.0970084 
0.965517 0.758621 0.862069 0.0981678 
1 0.758621 0.862069 0.0959796 
0 0.793103 0.862069 0.0975876 
0.0344828 0.793103 0.862069 0.0986256 
0.0689655 0.793103 0.862069 0.098322 
0.103448 0.793103 0.862069 0.0987037 
0.137931 0.793103 0.862069 0.0945017 
0.172414 0.793103 0.862069 0.0962383 
0.206897 0.793103 0.862069 0.096747 
0.241379 0.793103 0.862069 0.0980089 
0.275862 0.793103 0.862069 0.0985099 
0.310345 0.793103 0.862069 0.0986509 
0.344828 0.793103 0.862069 0.0974563 
0.37931 0.793103 0.862069 0.0980056 
0.413793 0.793103 0.862069 0.0980783 
0.448276 0.793103 0.862069 0.0982064 
0.482759 0.793103 0.862069 0.098185 
0.517241 0.793103 0.862069 0.0984668 
0.551724 0.793103 0.862069 0.0982826 
0.586207 0.793103 0.862069 0.0985991 
0.62069 0.793103 0.862069 0.0950467 
0.655172 0.793103 0.862069 0.0971904 
0.689655 0.793103 0.862069 0.0984198 
0.724138 0.793103 0.862069 0.0902158 
0.758621 0.793103 0.862069 0.0996767 
0.793103 0.793103 0.862069 0.099977 
0.827586 0.793103 0.862069 0.098637 
0.862069 0.793103 0.862069 0.0996767 
0.896552 0.793103 0.862069 0.0990157 
0.931034 0.793103 0.862069 0.0973928 
0.965517 0.793103 0.862069 0.0984581 
1 0.793103 0.862069 0.0984758 
0 0.827586 0.862069 0.0981694 
0.0344828 0.827586 0.862069 0.094819 
0.0689655 0.827586 0.862069 0.0968672 
0.103448 0.827586 0.862069 0.0980149 
0.137931 0.827586 0.862069 0.09852 
0.172414 0.827586 0.862069 0.0949368 
0.206897 0.827586 0.862069 0.0953313 
0.241379 0.827586 0.862069 0.0983114 
0.275862 0.827586 0.862069 0.097599 
0.310345 0.827586 0.862069 0.0982231 
0.344828 0.827586 0.862069 0.0999645 
0.37931 0.827586 0.862069 0.100477 
0.413793 0.827586 0.862069 0.0982959 
0.448276 0.827586 0.862069 0.0974798 
0.482759 0.827586 0.862069 0.0990173 
0.517241 0.827586 0.862069 0.0990274 
0.551724 0.827586 0.862069 0.0974262 
0.586207 0.827586 0.862069 0.09572 
0.62069 0.827586 0.862069 0.101112 
0.655172 0.827586 0.862069 0.0945766 
0.689655 0.827586 0.862069 0.0968815 
0.724138 0.827586 0.862069 0.0972166 
0.758621 0.827586 0.862069 0.0924779 
0.793103 0.827586 0.862069 0.0985586 
0.827586 0.827586 0.862069 0.0959956 
0.862069 0.827586 0.862069 0.096852 
0.896552 0.827586 0.862069 0.0945664 
0.931034 0.827586 0.862069 0.0953474 
0.965517 0.827586 0.862069 0.094864 
1 0.827586 0.862069 0.0959015 
0 0.862069 0.862069 0.0958851 
0.0344828 0.862069 0.862069 0.0995662 
0.0689655 0.862069 0.862069 0.0974694 
0.103448 0.862069 0.862069 0.0981407 
0.137931 0.862069 0.862069 0.0955246 
0.172414 0.862069 0.862069 0.0978781 
0.206897 0.862069 0.862069 0.0959823 
0.241379 0.862069 0.862069 0.0976865 
0.275862 0.862069 0.862069 0.0982769 
0.310345 0.862069 0.862069 0.0935203 
0.344828 0.862069 0.862069 0.0961887 
0.37931 0.862069 0.862069 0.0967331 
0.413793 0.862069 0.862069 0.0960671 
0.448276 0.862069 0.862069 0.098462 
0.482759 0.862069 0.862069 0.0952929 
0.517241 0.862069 0.862069 0.0973849 
0.551724 0.862069 0.862069 0.0949994 
0.586207 0.862069 0.862069 0.0964701 
0.62069 0.862069 0.862069 0.0966208 
0.655172 0.862069 0.862069 0.0952102 
0.689655 0.862069 0.862069 0.0953928 
0.724138 0.862069 0.862069 0.0992459 
0.758621 0.862069 0.862069 0.0963766 
0.793103 0.862069 0.862069 0.0981741 
0.827586 0.862069 0.862069 0.0964548 
0.862069 0.862069 0.862069 0.0980212 
0.896552 0.862069 0.862069 0.0956727 
0.931034 0.862069 0.862069 0.0974037 
0.965517 0.862069 0.862069 0.0975328 
1 0.862069 0.862069 0.0949326 
0 0.896552 0.862069 0.0977737 
0.0344828 0.896552 0.862069 0.0932015 
0.0689655 0.896552 0.862069 0.0962013 
0.103448 0.896552 0.862069 0.0978275 
0.137931 0.896552 0.862069 0.0940207 
0.172414 0.896552 0.862069 0.0985331 
0.206897 0.896552 0.862069 0.0989337 
0.241379 0.896552 0.862069 0.0971159 
0.275862 0.896552 0.862069 0.0963008 
0.310345 0.896552 0.862069 0.0954168 
0.344828 0.896552 0.862069 0.0981193 
0.37931 0.896552 0.862069 0.0970573 
0.413793 0.896552 0.862069 0.097183 
0.448276 0.896552 0.862069 0.0966281 
0.482759 0.896552 0.862069 0.0952433 
0.517241 0.896552 0.862069 0.0992868 
0.551724 0.896552 0.862069 0.0968036 
0.586207 0.896552 0.862069 0.0981633 
0.62069 0.896552 0.862069 0.0973313 
0.655172 0.896552 0.862069 0.0983843 
0.689655 0.896552 0.862069 0.0974796 
0.724138 0.896552 0.862069 0.0928052 
0.758621 0.896552 0.862069 0.0964452 
0.793103 0.896552 0.862069 0.097822 
0.827586 0.896552 0.862069 0.0968295 
0.862069 0.896552 0.862069 0.0978681 
0.896552 0.896552 0.862069 0.098191 
0.931034 0.896552 0.862069 0.0952173 
0.965517 0.896552 0.862069 0.0968595 
1 0.896552 0.862069 0.0978953 
0 0.931034 0.862069 0.095845 
0.0344828 0.931034 0.862069 0.097876 
0.0689655 0.931034 0.862069 0.0924554 
0.103448 0.931034 0.862069 0.0993517 
0.137931 0.931034 0.862069 0.0983053 
0.172414 0.931034 0.862069 0.0984399 
0.206897 0.931034 0.862069 0.0977001 
0.241379 0.931034 0.862069 0.0956952 
0.275862 0.931034 0.862069 0.0942089 
0.310345 0.931034 0.862069 0.091586 
0.344828 0.931034 0.862069 0.0960845 
0.37931 0.931034 0.862069 0.0973046 
0.413793 0.931034 0.862069 0.0959706 
0.448276 0.931034 0.862069 0.0956518 
0.482759 0.931034 0.862069 0.0917569 
0.517241 0.931034 0.862069 0.0979116 
0.551724 0.931034 0.862069 0.0983464 
0.586207 0.931034 0.862069 0.0978794 
0.62069 0.931034 0.862069 0.0989361 
0.655172 0.931034 0.862069 0.0976004 
0.689655 0.931034 0.862069 0.0970203 
0.724138 0.931034 0.862069 0.0984781 
0.758621 0.931034 0.862069 0.0974718 
0.793103 0.931034 0.862069 0.0976907 
0.827586 0.931034 0.862069 0.0979908 
0.862069 0.931034 0.862069 0.0915074 
0.896552 0.931034 0.862069 0.0955508 
0.931034 0.931034 0.862069 0.0961193 
0.965517 0.931034 0.862069 0.0965971 
1 0.931034 0.862069 0.0984129 
0 0.965517 0.862069 0.0962979 
0.0344828 0.965517 0.862069 0.0934677 
0.0689655 0.965517 0.862069 0.0963646 
0.103448 0.965517 0.862069 0.0928741 
0.137931 0.965517 0.862069 0.0964775 
0.172414 0.965517 0.862069 0.0976725 
0.206897 0.965517 0.862069 0.0968622 
0.241379 0.965517 0.862069 0.0975933 
0.275862 0.965517 0.862069 0.0960263 
0.310345 0.965517 0.862069 0.0814252 
0.344828 0.965517 0.862069 0.0959159 
0.37931 0.965517 0.862069 0.0954621 
0.413793 0.965517 0.862069 0.0975849 
0.448276 0.965517 0.862069 0.0955704 
0.482759 0.965517 0.862069 0.0958899 
0.517241 0.965517 0.862069 0.0957716 
0.551724 0.965517 0.862069 0.0912528 
0.586207 0.965517 0.862069 0.102846 
0.62069 0.965517 0.862069 0.0971771 
0.655172 0.965517 0.862069 0.0922783 
0.689655 0.965517 0.862069 0.0968448 
0.724138 0.965517 0.862069 0.0985736 
0.758621 0.965517 0.862069 0.0971336 
0.793103 0.965517 0.862069 0.0861246 
0.827586 0.965517 0.862069 0.0948685 
0.862069 0.965517 0.862069 0.0976258 
0.896552 0.965517 0.862069 0.0990959 
0.931034 0.965517 0.862069 0.097441 
0.965517 0.965517 0.862069 0.096681 
1 0.965517 0.862069 0.0967014 
0 1 0.862069 0.096278 
0.0344828 1 0.862069 0.0957997 
0.0689655 1 0.862069 0.0962855 
0.103448 1 0.862069 0.0983191 
0.137931 1 0.862069 0.095957 
0.172414 1 0.862069 0.0950988 
0.206897 1 0.862069 0.098889 
0.241379 1 0.862069 0.0922007 
0.275862 1 0.862069 0.0979276 
0.310345 1 0.862069 0.0973152 
0.344828 1 0.862069 0.087439 
0.37931 1 0.862069 0.0970953 
0.413793 1 0.862069 0.0986684 
0.448276 1 0.862069 0.0876273 
0.482759 1 0.862069 0.0964906 
0.517241 1 0.862069 0.0806716 
0.551724 1 0.862069 0.0971402 
0.586207 1 0.862069 0.0977179 
0.62069 1 0.862069 0.0965512 
0.655172 1 0.862069 0.0951282 
0.689655 1 0.862069 0.0948602 
0.724138 1 0.862069 0.0952225 
0.758621 1 0.862069 0.0966514 
0.793103 1 0.862069 0.0966443 
0.827586 1 0.862069 0.096156 
0.862069 1 0.862069 0.0965499 
0.896552 1 0.862069 0.0961744 
0.931034 1 0.862069 0.0933907 
0.965517 1 0.862069 0.0968694 
1 1 0.862069 0.0963307 
0 0 0.896552 0.0925443 
0.0344828 0 0.896552 0.0925443 
0.0689655 0 0.896552 0.0925443 
0.103448 0 0.896552 0.0925443 
0.137931 0 0.896552 0.0925443 
0.172414 0 0.896552 0.0925443 
0.206897 0 0.896552 0.0925443 
0.241379 0 0.896552 0.0925443 
0.275862 0 0.896552 0.0925443 
0.310345 0 0.896552 0.0925443 
0.344828 0 0.896552 0.0925443 
0.37931 0 0.896552 0.0925443 
0.413793 0 0.896552 0.0925443 
0.448276 0 0.896552 0.0925443 
0.482759 0 0.896552 0.0925443 
0.517241 0 0.896552 0.0925443 
0.551724 0 0.896552 0.0925443 
0.586207 0 0.896552 0.0925443 
0.62069 0 0.896552 0.0925443 
0.655172 0 0.896552 0.0925443 
0.689655 0 0.896552 0.0925443 
0.724138 0 0.896552 0.0925443 
0.758621 0 0.896552 0.0925443 
0.793103 0 0.896552 0.0925443 
0.827586 0 0.896552 0.0925443 
0.862069 0 0.896552 0.0925443 
0.896552 0 0.896552 0.0925443 
0.931034 0 0.896552 0.0925443 
0.965517 0 0.896552 0.0925443 
1 0 0.896552 0.0925443 
0 0.0344828 0.896552 0.0930075 
0.0344828 0.0344828 0.896552 0.0916355 
0.0689655 0.0344828 0.896552 0.0919009 
0.103448 0.0344828 0.896552 0.0898389 
0.137931 0.0344828 0.896552 0.0919411 
0.172414 0.0344828 0.896552 0.0910352 
0.206897 0.0344828 0.896552 0.0924781 
0.241379 0.0344828 0.896552 0.0916735 
0.275862 0.0344828 0.896552 0.0911908 
0.310345 0.0344828 0.896552 0.0909864 
0.344828 0.0344828 0.896552 0.0908293 
0.37931 0.0344828 0.896552 0.0914363 
0.413793 0.0344828 0.896552 0.0875457 
0.448276 0.0344828 0.896552 0.0907883 
0.482759 0.0344828 0.896552 0.09291 
0.517241 0.0344828 0.896552 0.0893644 
0.551724 0.0344828 0.896552 0.090737 
0.586207 0.0344828 0.896552 0.0915687 
0.62069 0.0344828 0.896552 0.0928262 
0.655172 0.0344828 0.896552 0.0936337 
0.689655 0.0344828 0.896552 0.0919816 
0.724138 0.0344828 0.896552 0.0911805 
0.758621 0.0344828 0.896552 0.0850214 
0.793103 0.0344828 0.896552 0.0903888 
0.827586 0.0344828 0.896552 0.0902604 
0.862069 0.0344828 0.896552 0.0927752 
0.896552 0.0344828 0.896552 0.088955 
0.931034 0.0344828 0.896552 0.0927512 
0.965517 0.0344828 0.896552 0.0936469 
1 0.0344828 0.896552 0.091986 
0 0.0689655 0.896552 0.0943568 
0.0344828 0.0689655 0.896552 0.0917038 
0.0689655 0.0689655 0.896552 0.0905754 
0.103448 0.0689655 0.896552 0.0906653 
0.137931 0.0689655 0.896552 0.090255 
0.172414 0.0689655 0.896552 0.0924253 
0.206897 0.0689655 0.896552 0.0929447 
0.241379 0.0689655 0.896552 0.0879907 
0.275862 0.0689655 0.896552 0.0882849 
0.310345 0.0689655 0.896552 0.0911875 
0.344828 0.0689655 0.896552 0.0922623 
0.37931 0.0689655 0.896552 0.0911986 
0.413793 0.0689655 0.896552 0.0859965 
0.448276 0.0689655 0.896552 0.0887044 
0.482759 0.0689655 0.896552 0.0920243 
0.517241 0.0689655 0.896552 0.0905881 
0.551724 0.0689655 0.896552 0.0917752 
0.586207 0.0689655 0.896552 0.0895287 
0.62069 0.0689655 0.896552 0.0927426 
0.655172 0.0689655 0.896552 0.0868206 
0.689655 0.0689655 0.896552 0.0803254 
0.724138 0.0689655 0.896552 0.0921818 
0.758621 0.0689655 0.896552 0.0902033 
0.793103 0.0689655 0.896552 0.0912426 
0.827586 0.0689655 0.896552 0.093269 
0.862069 0.0689655 0.896552 0.0924593 
0.896552 0.0689655 0.896552 0.0927107 
0.931034 0.0689655 0.896552 0.0903635 
0.965517 0.0689655 0.896552 0.0907073 
1 0.0689655 0.896552 0.0899419 
0 0.103448 0.896552 0.0922046 
0.0344828 0.103448 0.896552 0.086874 
0.0689655 0.103448 0.896552 0.0914706 
0.103448 0.103448 0.896552 0.0902193 
0.137931 0.103448 0.896552 0.0887144 
0.172414 0.103448 0.896552 0.0920812 
0.206897 0.103448 0.896552 0.0910124 
0.241379 0.103448 0.896552 0.090984 
0.275862 0.103448 0.896552 0.0910331 
0.310345 0.103448 0.896552 0.0919548 
0.344828 0.103448 0.896552 0.0918404 
0.37931 0.103448 0.896552 0.0917379 
0.413793 0.103448 0.896552 0.0894234 
0.448276 0.103448 0.896552 0.0901526 
0.482759 0.103448 0.896552 0.0920697 
0.517241 0.103448 0.896552 0.0900409 
0.551724 0.103448 0.896552 0.090658 
0.586207 0.103448 0.896552 0.0909515 
0.62069 0.103448 0.896552 0.091558 
0.655172 0.103448 0.896552 0.0926088 
0.689655 0.103448 0.896552 0.0918002 
0.724138 0.103448 0.896552 0.0907394 
0.758621 0.103448 0.896552 0.0893918 
0.793103 0.103448 0.896552 0.0920589 
0.827586 0.103448 0.896552 0.0875091 
0.862069 0.103448 0.896552 0.0908086 
0.896552 0.103448 0.896552 0.0920568 
0.931034 0.103448 0.896552 0.0919437 
0.965517 0.103448 0.896552 0.0923402 
1 0.103448 0.896552 0.0908143 
0 0.137931 0.896552 0.0893884 
0.0344828 0.137931 0.896552 0.0918527 
0.0689655 0.137931 0.896552 0.0918481 
0.103448 0.137931 0.896552 0.0915314 
0.137931 0.137931 0.896552 0.0921858 
0.172414 0.137931 0.896552 0.0911333 
0.206897 0.137931 0.896552 0.0900584 
0.241379 0.137931 0.896552 0.0930371 
0.275862 0.137931 0.896552 0.0900874 
0.310345 0.137931 0.896552 0.0893572 
0.344828 0.137931 0.896552 0.0900914 
0.37931 0.137931 0.896552 0.092043 
0.413793 0.137931 0.896552 0.0920536 
0.448276 0.137931 0.896552 0.0897282 
0.482759 0.137931 0.896552 0.0923072 
0.517241 0.137931 0.896552 0.091752 
0.551724 0.137931 0.896552 0.0848899 
0.586207 0.137931 0.896552 0.091969 
0.62069 0.137931 0.896552 0.0909696 
0.655172 0.137931 0.896552 0.0930155 
0.689655 0.137931 0.896552 0.0911948 
0.724138 0.137931 0.896552 0.0882137 
0.758621 0.137931 0.896552 0.0913618 
0.793103 0.137931 0.896552 0.0925139 
0.827586 0.137931 0.896552 0.0923432 
0.862069 0.137931 0.896552 0.0896072 
0.896552 0.137931 0.896552 0.0856847 
0.931034 0.137931 0.896552 0.0915682 
0.965517 0.137931 0.896552 0.0914059 
1 0.137931 0.896552 0.0914947 
0 0.172414 0.896552 0.091128 
0.0344828 0.172414 0.896552 0.0932232 
0.0689655 0.172414 0.896552 0.0893875 
0.103448 0.172414 0.896552 0.0845716 
0.137931 0.172414 0.896552 0.0918343 
0.172414 0.172414 0.896552 0.0920445 
0.206897 0.172414 0.896552 0.0922816 
0.241379 0.172414 0.896552 0.0918107 
0.275862 0.172414 0.896552 0.0916853 
0.310345 0.172414 0.896552 0.0919241 
0.344828 0.172414 0.896552 0.0906792 
0.37931 0.172414 0.896552 0.0843353 
0.413793 0.172414 0.896552 0.0899645 
0.448276 0.172414 0.896552 0.0918218 
0.482759 0.172414 0.896552 0.0917969 
0.517241 0.172414 0.896552 0.0899583 
0.551724 0.172414 0.896552 0.0916689 
0.586207 0.172414 0.896552 0.0802815 
0.62069 0.172414 0.896552 0.0883341 
0.655172 0.172414 0.896552 0.0916804 
0.689655 0.172414 0.896552 0.0917395 
0.724138 0.172414 0.896552 0.0897324 
0.758621 0.172414 0.896552 0.0906779 
0.793103 0.172414 0.896552 0.0903522 
0.827586 0.172414 0.896552 0.0916683 
0.862069 0.172414 0.896552 0.0916175 
0.896552 0.172414 0.896552 0.0917274 
0.931034 0.172414 0.896552 0.0896129 
0.965517 0.172414 0.896552 0.0919138 
1 0.172414 0.896552 0.0917265 
0 0.206897 0.896552 0.0910798 
0.0344828 0.206897 0.896552 0.0908785 
0.0689655 0.206897 0.896552 0.0884697 
0.103448 0.206897 0.896552 0.0901298 
0.137931 0.206897 0.896552 0.0940164 
0.172414 0.206897 0.896552 0.0890715 
0.206897 0.206897 0.896552 0.0899302 
0.241379 0.206897 0.896552 0.0908994 
0.275862 0.206897 0.896552 0.0914679 
0.310345 0.206897 0.896552 0.0877526 
0.344828 0.206897 0.896552 0.0896884 
0.37931 0.206897 0.896552 0.0894756 
0.413793 0.206897 0.896552 0.0914264 
0.448276 0.206897 0.896552 0.0894843 
0.482759 0.206897 0.896552 0.0895269 
0.517241 0.206897 0.896552 0.0916307 
0.551724 0.206897 0.896552 0.0895734 
0.586207 0.206897 0.896552 0.0909572 
0.62069 0.206897 0.896552 0.0895797 
0.655172 0.206897 0.896552 0.0751617 
0.689655 0.206897 0.896552 0.0918928 
0.724138 0.206897 0.896552 0.0864555 
0.758621 0.206897 0.896552 0.0897669 
0.793103 0.206897 0.896552 0.0899422 
0.827586 0.206897 0.896552 0.0911136 
0.862069 0.206897 0.896552 0.0898433 
0.896552 0.206897 0.896552 0.0915066 
0.931034 0.206897 0.896552 0.0902395 
0.965517 0.206897 0.896552 0.0917442 
1 0.206897 0.896552 0.0911102 
0 0.241379 0.896552 0.0887552 
0.0344828 0.241379 0.896552 0.0899889 
0.0689655 0.241379 0.896552 0.0913264 
0.103448 0.241379 0.896552 0.0919564 
0.137931 0.241379 0.896552 0.093574 
0.172414 0.241379 0.896552 0.0901058 
0.206897 0.241379 0.896552 0.0861874 
0.241379 0.241379 0.896552 0.0921689 
0.275862 0.241379 0.896552 0.0764608 
0.310345 0.241379 0.896552 0.0916096 
0.344828 0.241379 0.896552 0.0897977 
0.37931 0.241379 0.896552 0.0909579 
0.413793 0.241379 0.896552 0.0897193 
0.448276 0.241379 0.896552 0.0907716 
0.482759 0.241379 0.896552 0.0915191 
0.517241 0.241379 0.896552 0.0895904 
0.551724 0.241379 0.896552 0.0912435 
0.586207 0.241379 0.896552 0.0921061 
0.62069 0.241379 0.896552 0.090825 
0.655172 0.241379 0.896552 0.0900361 
0.689655 0.241379 0.896552 0.0917321 
0.724138 0.241379 0.896552 0.0926963 
0.758621 0.241379 0.896552 0.087704 
0.793103 0.241379 0.896552 0.0913298 
0.827586 0.241379 0.896552 0.0896127 
0.862069 0.241379 0.896552 0.0901851 
0.896552 0.241379 0.896552 0.0913278 
0.931034 0.241379 0.896552 0.0895249 
0.965517 0.241379 0.896552 0.0896332 
1 0.241379 0.896552 0.0916783 
0 0.275862 0.896552 0.0898304 
0.0344828 0.275862 0.896552 0.0918119 
0.0689655 0.275862 0.896552 0.0835705 
0.103448 0.275862 0.896552 0.0837389 
0.137931 0.275862 0.896552 0.0893151 
0.172414 0.275862 0.896552 0.09227 
0.206897 0.275862 0.896552 0.0938972 
0.241379 0.275862 0.896552 0.0917569 
0.275862 0.275862 0.896552 0.0858291 
0.310345 0.275862 0.896552 0.0905238 
0.344828 0.275862 0.896552 0.0908927 
0.37931 0.275862 0.896552 0.0898799 
0.413793 0.275862 0.896552 0.0911438 
0.448276 0.275862 0.896552 0.0898229 
0.482759 0.275862 0.896552 0.0876801 
0.517241 0.275862 0.896552 0.0888517 
0.551724 0.275862 0.896552 0.0915046 
0.586207 0.275862 0.896552 0.0888949 
0.62069 0.275862 0.896552 0.0927796 
0.655172 0.275862 0.896552 0.0898732 
0.689655 0.275862 0.896552 0.0890421 
0.724138 0.275862 0.896552 0.0907493 
0.758621 0.275862 0.896552 0.0894666 
0.793103 0.275862 0.896552 0.0925916 
0.827586 0.275862 0.896552 0.0910687 
0.862069 0.275862 0.896552 0.0913939 
0.896552 0.275862 0.896552 0.0915119 
0.931034 0.275862 0.896552 0.0900457 
0.965517 0.275862 0.896552 0.0901698 
1 0.275862 0.896552 0.0905646 
0 0.310345 0.896552 0.0874387 
0.0344828 0.310345 0.896552 0.0902779 
0.0689655 0.310345 0.896552 0.0891325 
0.103448 0.310345 0.896552 0.0915316 
0.137931 0.310345 0.896552 0.0877967 
0.172414 0.310345 0.896552 0.0910523 
0.206897 0.310345 0.896552 0.0906299 
0.241379 0.310345 0.896552 0.0912208 
0.275862 0.310345 0.896552 0.0912873 
0.310345 0.310345 0.896552 0.0901653 
0.344828 0.310345 0.896552 0.0918227 
0.37931 0.310345 0.896552 0.0891904 
0.413793 0.310345 0.896552 0.0917344 
0.448276 0.310345 0.896552 0.091175 
0.482759 0.310345 0.896552 0.090518 
0.517241 0.310345 0.896552 0.089774 
0.551724 0.310345 0.896552 0.0919572 
0.586207 0.310345 0.896552 0.0901239 
0.62069 0.310345 0.896552 0.0908455 
0.655172 0.310345 0.896552 0.0886104 
0.689655 0.310345 0.896552 0.0919061 
0.724138 0.310345 0.896552 0.0895003 
0.758621 0.310345 0.896552 0.0894799 
0.793103 0.310345 0.896552 0.089911 
0.827586 0.310345 0.896552 0.089948 
0.862069 0.310345 0.896552 0.0911213 
0.896552 0.310345 0.896552 0.0893428 
0.931034 0.310345 0.896552 0.0876027 
0.965517 0.310345 0.896552 0.0912826 
1 0.310345 0.896552 0.0879136 
0 0.344828 0.896552 0.0908784 
0.0344828 0.344828 0.896552 0.0872041 
0.0689655 0.344828 0.896552 0.0842688 
0.103448 0.344828 0.896552 0.0869799 
0.137931 0.344828 0.896552 0.0900676 
0.172414 0.344828 0.896552 0.0890371 
0.206897 0.344828 0.896552 0.0888867 
0.241379 0.344828 0.896552 0.0897074 
0.275862 0.344828 0.896552 0.0908845 
0.310345 0.344828 0.896552 0.0913289 
0.344828 0.344828 0.896552 0.0896764 
0.37931 0.344828 0.896552 0.0898468 
0.413793 0.344828 0.896552 0.0780609 
0.448276 0.344828 0.896552 0.0911969 
0.482759 0.344828 0.896552 0.0895613 
0.517241 0.344828 0.896552 0.0923353 
0.551724 0.344828 0.896552 0.0881628 
0.586207 0.344828 0.896552 0.0909264 
0.62069 0.344828 0.896552 0.080375 
0.655172 0.344828 0.896552 0.0916809 
0.689655 0.344828 0.896552 0.0903176 
0.724138 0.344828 0.896552 0.0892164 
0.758621 0.344828 0.896552 0.0913424 
0.793103 0.344828 0.896552 0.0890463 
0.827586 0.344828 0.896552 0.0905107 
0.862069 0.344828 0.896552 0.0907867 
0.896552 0.344828 0.896552 0.0894574 
0.931034 0.344828 0.896552 0.0910073 
0.965517 0.344828 0.896552 0.090362 
1 0.344828 0.896552 0.0907031 
0 0.37931 0.896552 0.0908334 
0.0344828 0.37931 0.896552 0.0906555 
0.0689655 0.37931 0.896552 0.09032 
0.103448 0.37931 0.896552 0.0913732 
0.137931 0.37931 0.896552 0.0898741 
0.172414 0.37931 0.896552 0.0882796 
0.206897 0.37931 0.896552 0.0911857 
0.241379 0.37931 0.896552 0.0874308 
0.275862 0.37931 0.896552 0.0902737 
0.310345 0.37931 0.896552 0.0873845 
0.344828 0.37931 0.896552 0.090054 
0.37931 0.37931 0.896552 0.0869199 
0.413793 0.37931 0.896552 0.0888717 
0.448276 0.37931 0.896552 0.0912198 
0.482759 0.37931 0.896552 0.0887022 
0.517241 0.37931 0.896552 0.0921182 
0.551724 0.37931 0.896552 0.0884874 
0.586207 0.37931 0.896552 0.0903459 
0.62069 0.37931 0.896552 0.0902024 
0.655172 0.37931 0.896552 0.0896315 
0.689655 0.37931 0.896552 0.0913749 
0.724138 0.37931 0.896552 0.0925156 
0.758621 0.37931 0.896552 0.0904081 
0.793103 0.37931 0.896552 0.0934189 
0.827586 0.37931 0.896552 0.0884522 
0.862069 0.37931 0.896552 0.0901296 
0.896552 0.37931 0.896552 0.0897511 
0.931034 0.37931 0.896552 0.0913058 
0.965517 0.37931 0.896552 0.0885109 
1 0.37931 0.896552 0.0927282 
0 0.413793 0.896552 0.0891239 
0.0344828 0.413793 0.896552 0.0868924 
0.0689655 0.413793 0.896552 0.0895124 
0.103448 0.413793 0.896552 0.0910017 
0.137931 0.413793 0.896552 0.0870659 
0.172414 0.413793 0.896552 0.0911496 
0.206897 0.413793 0.896552 0.0883148 
0.241379 0.413793 0.896552 0.0891242 
0.275862 0.413793 0.896552 0.090945 
0.310345 0.413793 0.896552 0.0902307 
0.344828 0.413793 0.896552 0.0909439 
0.37931 0.413793 0.896552 0.0916856 
0.413793 0.413793 0.896552 0.0909647 
0.448276 0.413793 0.896552 0.0893338 
0.482759 0.413793 0.896552 0.0901947 
0.517241 0.413793 0.896552 0.0896305 
0.551724 0.413793 0.896552 0.0881107 
0.586207 0.413793 0.896552 0.0883448 
0.62069 0.413793 0.896552 0.0904887 
0.655172 0.413793 0.896552 0.0891085 
0.689655 0.413793 0.896552 0.0897068 
0.724138 0.413793 0.896552 0.0916996 
0.758621 0.413793 0.896552 0.0908115 
0.793103 0.413793 0.896552 0.0887606 
0.827586 0.413793 0.896552 0.0887611 
0.862069 0.413793 0.896552 0.0897851 
0.896552 0.413793 0.896552 0.088986 
0.931034 0.413793 0.896552 0.0905443 
0.965517 0.413793 0.896552 0.0909214 
1 0.413793 0.896552 0.0919901 
0 0.448276 0.896552 0.0883632 
0.0344828 0.448276 0.896552 0.0892079 
0.0689655 0.448276 0.896552 0.0902323 
0.103448 0.448276 0.896552 0.0902433 
0.137931 0.448276 0.896552 0.0918889 
0.172414 0.448276 0.896552 0.090681 
0.206897 0.448276 0.896552 0.0918882 
0.241379 0.448276 0.896552 0.0893477 
0.275862 0.448276 0.896552 0.0895892 
0.310345 0.448276 0.896552 0.0892908 
0.344828 0.448276 0.896552 0.0897718 
0.37931 0.448276 0.896552 0.0888055 
0.413793 0.448276 0.896552 0.0902591 
0.448276 0.448276 0.896552 0.0908293 
0.482759 0.448276 0.896552 0.084137 
0.517241 0.448276 0.896552 0.0886833 
0.551724 0.448276 0.896552 0.0904931 
0.586207 0.448276 0.896552 0.0893045 
0.62069 0.448276 0.896552 0.0907686 
0.655172 0.448276 0.896552 0.0902963 
0.689655 0.448276 0.896552 0.0898115 
0.724138 0.448276 0.896552 0.0901812 
0.758621 0.448276 0.896552 0.0896382 
0.793103 0.448276 0.896552 0.0897413 
0.827586 0.448276 0.896552 0.0892973 
0.862069 0.448276 0.896552 0.0884868 
0.896552 0.448276 0.896552 0.0901883 
0.931034 0.448276 0.896552 0.0902067 
0.965517 0.448276 0.896552 0.0894548 
1 0.448276 0.896552 0.0902989 
0 0.482759 0.896552 0.0906984 
0.0344828 0.482759 0.896552 0.0908507 
0.0689655 0.482759 0.896552 0.0842684 
0.103448 0.482759 0.896552 0.0888673 
0.137931 0.482759 0.896552 0.0888198 
0.172414 0.482759 0.896552 0.0906479 
0.206897 0.482759 0.896552 0.0865839 
0.241379 0.482759 0.896552 0.0906579 
0.275862 0.482759 0.896552 0.0862371 
0.310345 0.482759 0.896552 0.0883139 
0.344828 0.482759 0.896552 0.092558 
0.37931 0.482759 0.896552 0.0885867 
0.413793 0.482759 0.896552 0.0911575 
0.448276 0.482759 0.896552 0.0887162 
0.482759 0.482759 0.896552 0.0881105 
0.517241 0.482759 0.896552 0.0887721 
0.551724 0.482759 0.896552 0.0878859 
0.586207 0.482759 0.896552 0.0892039 
0.62069 0.482759 0.896552 0.0881094 
0.655172 0.482759 0.896552 0.0910666 
0.689655 0.482759 0.896552 0.0890092 
0.724138 0.482759 0.896552 0.0880959 
0.758621 0.482759 0.896552 0.0876778 
0.793103 0.482759 0.896552 0.0892283 
0.827586 0.482759 0.896552 0.0906983 
0.862069 0.482759 0.896552 0.0862537 
0.896552 0.482759 0.896552 0.0902008 
0.931034 0.482759 0.896552 0.0894609 
0.965517 0.482759 0.896552 0.0895451 
1 0.482759 0.896552 0.0891382 
0 0.517241 0.896552 0.0906919 
0.0344828 0.517241 0.896552 0.0888085 
0.0689655 0.517241 0.896552 0.0827145 
0.103448 0.517241 0.896552 0.0900426 
0.137931 0.517241 0.896552 0.0910843 
0.172414 0.517241 0.896552 0.0884527 
0.206897 0.517241 0.896552 0.0906256 
0.241379 0.517241 0.896552 0.0897625 
0.275862 0.517241 0.896552 0.0894246 
0.310345 0.517241 0.896552 0.0907251 
0.344828 0.517241 0.896552 0.090244 
0.37931 0.517241 0.896552 0.0906387 
0.413793 0.517241 0.896552 0.0944481 
0.448276 0.517241 0.896552 0.09123 
0.482759 0.517241 0.896552 0.089551 
0.517241 0.517241 0.896552 0.0909107 
0.551724 0.517241 0.896552 0.0887172 
0.586207 0.517241 0.896552 0.0916867 
0.62069 0.517241 0.896552 0.0898814 
0.655172 0.517241 0.896552 0.0913335 
0.689655 0.517241 0.896552 0.0896767 
0.724138 0.517241 0.896552 0.0912721 
0.758621 0.517241 0.896552 0.0901695 
0.793103 0.517241 0.896552 0.0891576 
0.827586 0.517241 0.896552 0.0897933 
0.862069 0.517241 0.896552 0.0920385 
0.896552 0.517241 0.896552 0.0902784 
0.931034 0.517241 0.896552 0.092955 
0.965517 0.517241 0.896552 0.0904103 
1 0.517241 0.896552 0.08963 
0 0.551724 0.896552 0.0916557 
0.0344828 0.551724 0.896552 0.0889425 
0.0689655 0.551724 0.896552 0.0855176 
0.103448 0.551724 0.896552 0.0898043 
0.137931 0.551724 0.896552 0.0874386 
0.172414 0.551724 0.896552 0.0890308 
0.206897 0.551724 0.896552 0.0927228 
0.241379 0.551724 0.896552 0.0904901 
0.275862 0.551724 0.896552 0.0863381 
0.310345 0.551724 0.896552 0.0894801 
0.344828 0.551724 0.896552 0.0931327 
0.37931 0.551724 0.896552 0.0880456 
0.413793 0.551724 0.896552 0.0907534 
0.448276 0.551724 0.896552 0.0900561 
0.482759 0.551724 0.896552 0.0883965 
0.517241 0.551724 0.896552 0.0885684 
0.551724 0.551724 0.896552 0.0885099 
0.586207 0.551724 0.896552 0.0859708 
0.62069 0.551724 0.896552 0.0891749 
0.655172 0.551724 0.896552 0.0901753 
0.689655 0.551724 0.896552 0.0911413 
0.724138 0.551724 0.896552 0.0904541 
0.758621 0.551724 0.896552 0.0884938 
0.793103 0.551724 0.896552 0.0887561 
0.827586 0.551724 0.896552 0.0887845 
0.862069 0.551724 0.896552 0.0848094 
0.896552 0.551724 0.896552 0.0789876 
0.931034 0.551724 0.896552 0.0900983 
0.965517 0.551724 0.896552 0.0905702 
1 0.551724 0.896552 0.087614 
0 0.586207 0.896552 0.08939 
0.0344828 0.586207 0.896552 0.0902732 
0.0689655 0.586207 0.896552 0.0886241 
0.103448 0.586207 0.896552 0.0852472 
0.137931 0.586207 0.896552 0.0894227 
0.172414 0.586207 0.896552 0.0883692 
0.206897 0.586207 0.896552 0.0905614 
0.241379 0.586207 0.896552 0.0897982 
0.275862 0.586207 0.896552 0.0889581 
0.310345 0.586207 0.896552 0.0864945 
0.344828 0.586207 0.896552 0.0881014 
0.37931 0.586207 0.896552 0.0859783 
0.413793 0.586207 0.896552 0.0883401 
0.448276 0.586207 0.896552 0.0879272 
0.482759 0.586207 0.896552 0.0919041 
0.517241 0.586207 0.896552 0.0865131 
0.551724 0.586207 0.896552 0.0896501 
0.586207 0.586207 0.896552 0.0878416 
0.62069 0.586207 0.896552 0.0890219 
0.655172 0.586207 0.896552 0.0892201 
0.689655 0.586207 0.896552 0.0893924 
0.724138 0.586207 0.896552 0.0843091 
0.758621 0.586207 0.896552 0.0889105 
0.793103 0.586207 0.896552 0.0884101 
0.827586 0.586207 0.896552 0.0836842 
0.862069 0.586207 0.896552 0.0883442 
0.896552 0.586207 0.896552 0.0843884 
0.931034 0.586207 0.896552 0.0886758 
0.965517 0.586207 0.896552 0.0887385 
1 0.586207 0.896552 0.090295 
0 0.62069 0.896552 0.0885034 
0.0344828 0.62069 0.896552 0.089081 
0.0689655 0.62069 0.896552 0.0902061 
0.103448 0.62069 0.896552 0.0909438 
0.137931 0.62069 0.896552 0.0884009 
0.172414 0.62069 0.896552 0.0873344 
0.206897 0.62069 0.896552 0.0881188 
0.241379 0.62069 0.896552 0.0886247 
0.275862 0.62069 0.896552 0.0854331 
0.310345 0.62069 0.896552 0.0894183 
0.344828 0.62069 0.896552 0.08989 
0.37931 0.62069 0.896552 0.0878684 
0.413793 0.62069 0.896552 0.0900971 
0.448276 0.62069 0.896552 0.0896872 
0.482759 0.62069 0.896552 0.0900291 
0.517241 0.62069 0.896552 0.0888571 
0.551724 0.62069 0.896552 0.084126 
0.586207 0.62069 0.896552 0.0878441 
0.62069 0.62069 0.896552 0.0903145 
0.655172 0.62069 0.896552 0.0884901 
0.689655 0.62069 0.896552 0.0899952 
0.724138 0.62069 0.896552 0.0898376 
0.758621 0.62069 0.896552 0.0886299 
0.793103 0.62069 0.896552 0.0900455 
0.827586 0.62069 0.896552 0.0887221 
0.862069 0.62069 0.896552 0.0863508 
0.896552 0.62069 0.896552 0.0900607 
0.931034 0.62069 0.896552 0.0897065 
0.965517 0.62069 0.896552 0.0891539 
1 0.62069 0.896552 0.0912246 
0 0.655172 0.896552 0.0902578 
0.0344828 0.655172 0.896552 0.0915935 
0.0689655 0.655172 0.896552 0.0886918 
0.103448 0.655172 0.896552 0.0884712 
0.137931 0.655172 0.896552 0.0890985 
0.172414 0.655172 0.896552 0.0871765 
0.206897 0.655172 0.896552 0.0881489 
0.241379 0.655172 0.896552 0.0882156 
0.275862 0.655172 0.896552 0.0866858 
0.310345 0.655172 0.896552 0.088261 
0.344828 0.655172 0.896552 0.0895892 
0.37931 0.655172 0.896552 0.0878411 
0.413793 0.655172 0.896552 0.0883592 
0.448276 0.655172 0.896552 0.0896766 
0.482759 0.655172 0.896552 0.0884805 
0.517241 0.655172 0.896552 0.0891371 
0.551724 0.655172 0.896552 0.0868844 
0.586207 0.655172 0.896552 0.0896949 
0.62069 0.655172 0.896552 0.0841507 
0.655172 0.655172 0.896552 0.0896671 
0.689655 0.655172 0.896552 0.089978 
0.724138 0.655172 0.896552 0.0898631 
0.758621 0.655172 0.896552 0.0878656 
0.793103 0.655172 0.896552 0.0893714 
0.827586 0.655172 0.896552 0.0753074 
0.862069 0.655172 0.896552 0.0887345 
0.896552 0.655172 0.896552 0.0897023 
0.931034 0.655172 0.896552 0.0899801 
0.965517 0.655172 0.896552 0.0887052 
1 0.655172 0.896552 0.0897329 
0 0.689655 0.896552 0.0863172 
0.0344828 0.689655 0.896552 0.0863581 
0.0689655 0.689655 0.896552 0.0897694 
0.103448 0.689655 0.896552 0.0894281 
0.137931 0.689655 0.896552 0.0891949 
0.172414 0.689655 0.896552 0.0872464 
0.206897 0.689655 0.896552 0.0895715 
0.241379 0.689655 0.896552 0.0900426 
0.275862 0.689655 0.896552 0.0882993 
0.310345 0.689655 0.896552 0.0897636 
0.344828 0.689655 0.896552 0.0908799 
0.37931 0.689655 0.896552 0.0881219 
0.413793 0.689655 0.896552 0.0878922 
0.448276 0.689655 0.896552 0.0897094 
0.482759 0.689655 0.896552 0.0885803 
0.517241 0.689655 0.896552 0.0893979 
0.551724 0.689655 0.896552 0.0883334 
0.586207 0.689655 0.896552 0.0877855 
0.62069 0.689655 0.896552 0.0878662 
0.655172 0.689655 0.896552 0.0880916 
0.689655 0.689655 0.896552 0.090421 
0.724138 0.689655 0.896552 0.0879137 
0.758621 0.689655 0.896552 0.0889609 
0.793103 0.689655 0.896552 0.089563 
0.827586 0.689655 0.896552 0.0890709 
0.862069 0.689655 0.896552 0.088477 
0.896552 0.689655 0.896552 0.0859507 
0.931034 0.689655 0.896552 0.0878153 
0.965517 0.689655 0.896552 0.0718563 
1 0.689655 0.896552 0.089451 
0 0.724138 0.896552 0.0899536 
0.0344828 0.724138 0.896552 0.0883957 
0.0689655 0.724138 0.896552 0.0879868 
0.103448 0.724138 0.896552 0.0875258 
0.137931 0.724138 0.896552 0.0843465 
0.172414 0.724138 0.896552 0.0867585 
0.206897 0.724138 0.896552 0.0896783 
0.241379 0.724138 0.896552 0.0891684 
0.275862 0.724138 0.896552 0.0906382 
0.310345 0.724138 0.896552 0.0890594 
0.344828 0.724138 0.896552 0.0892425 
0.37931 0.724138 0.896552 0.089121 
0.413793 0.724138 0.896552 0.0900547 
0.448276 0.724138 0.896552 0.0836923 
0.482759 0.724138 0.896552 0.0874079 
0.517241 0.724138 0.896552 0.0748412 
0.551724 0.724138 0.896552 0.0880233 
0.586207 0.724138 0.896552 0.0851484 
0.62069 0.724138 0.896552 0.0897345 
0.655172 0.724138 0.896552 0.0873993 
0.689655 0.724138 0.896552 0.0880106 
0.724138 0.724138 0.896552 0.0897514 
0.758621 0.724138 0.896552 0.0858101 
0.793103 0.724138 0.896552 0.0894584 
0.827586 0.724138 0.896552 0.0874391 
0.862069 0.724138 0.896552 0.0867839 
0.896552 0.724138 0.896552 0.0885496 
0.931034 0.724138 0.896552 0.0896939 
0.965517 0.724138 0.896552 0.087628 
1 0.724138 0.896552 0.0904456 
0 0.758621 0.896552 0.0886368 
0.0344828 0.758621 0.896552 0.0883613 
0.0689655 0.758621 0.896552 0.0895742 
0.103448 0.758621 0.896552 0.0880452 
0.137931 0.758621 0.896552 0.0875513 
0.172414 0.758621 0.896552 0.0860997 
0.206897 0.758621 0.896552 0.089043 
0.241379 0.758621 0.896552 0.09129 
0.275862 0.758621 0.896552 0.0871238 
0.310345 0.758621 0.896552 0.0902792 
0.344828 0.758621 0.896552 0.0897956 
0.37931 0.758621 0.896552 0.0873083 
0.413793 0.758621 0.896552 0.0887587 
0.448276 0.758621 0.896552 0.0904779 
0.482759 0.758621 0.896552 0.0882455 
0.517241 0.758621 0.896552 0.0882631 
0.551724 0.758621 0.896552 0.0892888 
0.586207 0.758621 0.896552 0.0877629 
0.62069 0.758621 0.896552 0.0885926 
0.655172 0.758621 0.896552 0.0875266 
0.689655 0.758621 0.896552 0.0879109 
0.724138 0.758621 0.896552 0.0897429 
0.758621 0.758621 0.896552 0.0898423 
0.793103 0.758621 0.896552 0.0894644 
0.827586 0.758621 0.896552 0.0891244 
0.862069 0.758621 0.896552 0.086193 
0.896552 0.758621 0.896552 0.0822157 
0.931034 0.758621 0.896552 0.0894957 
0.965517 0.758621 0.896552 0.0866924 
1 0.758621 0.896552 0.0861333 
0 0.793103 0.896552 0.091042 
0.0344828 0.793103 0.896552 0.0856791 
0.0689655 0.793103 0.896552 0.0893364 
0.103448 0.793103 0.896552 0.0896328 
0.137931 0.793103 0.896552 0.0872632 
0.172414 0.793103 0.896552 0.088659 
0.206897 0.793103 0.896552 0.0873622 
0.241379 0.793103 0.896552 0.0897456 
0.275862 0.793103 0.896552 0.0882764 
0.310345 0.793103 0.896552 0.0894087 
0.344828 0.793103 0.896552 0.0894263 
0.37931 0.793103 0.896552 0.0888503 
0.413793 0.793103 0.896552 0.0883827 
0.448276 0.793103 0.896552 0.0883731 
0.482759 0.793103 0.896552 0.0888153 
0.517241 0.793103 0.896552 0.0868371 
0.551724 0.793103 0.896552 0.0897141 
0.586207 0.793103 0.896552 0.0866764 
0.62069 0.793103 0.896552 0.0860096 
0.655172 0.793103 0.896552 0.0890143 
0.689655 0.793103 0.896552 0.0868093 
0.724138 0.793103 0.896552 0.0865403 
0.758621 0.793103 0.896552 0.0887771 
0.793103 0.793103 0.896552 0.0896147 
0.827586 0.793103 0.896552 0.0881838 
0.862069 0.793103 0.896552 0.0867453 
0.896552 0.793103 0.896552 0.0875549 
0.931034 0.793103 0.896552 0.0855218 
0.965517 0.793103 0.896552 0.0876493 
1 0.793103 0.896552 0.0876834 
0 0.827586 0.896552 0.0891509 
0.0344828 0.827586 0.896552 0.0902917 
0.0689655 0.827586 0.896552 0.0888655 
0.103448 0.827586 0.896552 0.0831565 
0.137931 0.827586 0.896552 0.088862 
0.172414 0.827586 0.896552 0.0830022 
0.206897 0.827586 0.896552 0.0884272 
0.241379 0.827586 0.896552 0.0894076 
0.275862 0.827586 0.896552 0.0881906 
0.310345 0.827586 0.896552 0.087217 
0.344828 0.827586 0.896552 0.0876209 
0.37931 0.827586 0.896552 0.086823 
0.413793 0.827586 0.896552 0.0869905 
0.448276 0.827586 0.896552 0.0895095 
0.482759 0.827586 0.896552 0.0885369 
0.517241 0.827586 0.896552 0.0886729 
0.551724 0.827586 0.896552 0.0883718 
0.586207 0.827586 0.896552 0.0867261 
0.62069 0.827586 0.896552 0.0826191 
0.655172 0.827586 0.896552 0.0857674 
0.689655 0.827586 0.896552 0.089228 
0.724138 0.827586 0.896552 0.087175 
0.758621 0.827586 0.896552 0.0901594 
0.793103 0.827586 0.896552 0.0867532 
0.827586 0.827586 0.896552 0.0877258 
0.862069 0.827586 0.896552 0.0890948 
0.896552 0.827586 0.896552 0.088326 
0.931034 0.827586 0.896552 0.0868706 
0.965517 0.827586 0.896552 0.0905642 
1 0.827586 0.896552 0.0879047 
0 0.862069 0.896552 0.0875193 
0.0344828 0.862069 0.896552 0.0886304 
0.0689655 0.862069 0.896552 0.0906181 
0.103448 0.862069 0.896552 0.0887397 
0.137931 0.862069 0.896552 0.0853459 
0.172414 0.862069 0.896552 0.0867002 
0.206897 0.862069 0.896552 0.0887462 
0.241379 0.862069 0.896552 0.0742071 
0.275862 0.862069 0.896552 0.0872998 
0.310345 0.862069 0.896552 0.0880465 
0.344828 0.862069 0.896552 0.0880189 
0.37931 0.862069 0.896552 0.0871792 
0.413793 0.862069 0.896552 0.0866739 
0.448276 0.862069 0.896552 0.0871473 
0.482759 0.862069 0.896552 0.0886413 
0.517241 0.862069 0.896552 0.0897162 
0.551724 0.862069 0.896552 0.0870342 
0.586207 0.862069 0.896552 0.0893648 
0.62069 0.862069 0.896552 0.0875981 
0.655172 0.862069 0.896552 0.0879284 
0.689655 0.862069 0.896552 0.0876235 
0.724138 0.862069 0.896552 0.0875597 
0.758621 0.862069 0.896552 0.0886649 
0.793103 0.862069 0.896552 0.0884694 
0.827586 0.862069 0.896552 0.0857262 
0.862069 0.862069 0.896552 0.0892645 
0.896552 0.862069 0.896552 0.0888381 
0.931034 0.862069 0.896552 0.0872564 
0.965517 0.862069 0.896552 0.0875556 
1 0.862069 0.896552 0.0888824 
0 0.896552 0.896552 0.0880444 
0.0344828 0.896552 0.896552 0.0875819 
0.0689655 0.896552 0.896552 0.0891294 
0.103448 0.896552 0.896552 0.0887163 
0.137931 0.896552 0.896552 0.0876289 
0.172414 0.896552 0.896552 0.088437 
0.206897 0.896552 0.896552 0.0888415 
0.241379 0.896552 0.896552 0.0887659 
0.275862 0.896552 0.896552 0.0887073 
0.310345 0.896552 0.896552 0.0894068 
0.344828 0.896552 0.896552 0.0874792 
0.37931 0.896552 0.896552 0.0867651 
0.413793 0.896552 0.896552 0.0858277 
0.448276 0.896552 0.896552 0.0883177 
0.482759 0.896552 0.896552 0.0876513 
0.517241 0.896552 0.896552 0.0876767 
0.551724 0.896552 0.896552 0.0850597 
0.586207 0.896552 0.896552 0.0889925 
0.62069 0.896552 0.896552 0.0882959 
0.655172 0.896552 0.896552 0.0880934 
0.689655 0.896552 0.896552 0.0868312 
0.724138 0.896552 0.896552 0.0828329 
0.758621 0.896552 0.896552 0.0873203 
0.793103 0.896552 0.896552 0.0871996 
0.827586 0.896552 0.896552 0.0867112 
0.862069 0.896552 0.896552 0.0891866 
0.896552 0.896552 0.896552 0.0887379 
0.931034 0.896552 0.896552 0.0870271 
0.965517 0.896552 0.896552 0.0885181 
1 0.896552 0.896552 0.0883283 
0 0.931034 0.896552 0.0869174 
0.0344828 0.931034 0.896552 0.0859815 
0.0689655 0.931034 0.896552 0.0850572 
0.103448 0.931034 0.896552 0.0878885 
0.137931 0.931034 0.896552 0.0890545 
0.172414 0.931034 0.896552 0.0886544 
0.206897 0.931034 0.896552 0.0886078 
0.241379 0.931034 0.896552 0.0872619 
0.275862 0.931034 0.896552 0.0863531 
0.310345 0.931034 0.896552 0.0886238 
0.344828 0.931034 0.896552 0.0882249 
0.37931 0.931034 0.896552 0.0887866 
0.413793 0.931034 0.896552 0.0881656 
0.448276 0.931034 0.896552 0.086636 
0.482759 0.931034 0.896552 0.0870086 
0.517241 0.931034 0.896552 0.0896491 
0.551724 0.931034 0.896552 0.0876214 
0.586207 0.931034 0.896552 0.0885677 
0.62069 0.931034 0.896552 0.085041 
0.655172 0.931034 0.896552 0.0904599 
0.689655 0.931034 0.896552 0.0893297 
0.724138 0.931034 0.896552 0.0882581 
0.758621 0.931034 0.896552 0.0889967 
0.793103 0.931034 0.896552 0.0892543 
0.827586 0.931034 0.896552 0.084529 
0.862069 0.931034 0.896552 0.0806347 
0.896552 0.931034 0.896552 0.0872727 
0.931034 0.931034 0.896552 0.0865781 
0.965517 0.931034 0.896552 0.0886599 
1 0.931034 0.896552 0.0895879 
0 0.965517 0.896552 0.0891757 
0.0344828 0.965517 0.896552 0.082184 
0.0689655 0.965517 0.896552 0.0892093 
0.103448 0.965517 0.896552 0.0863431 
0.137931 0.965517 0.896552 0.0859395 
0.172414 0.965517 0.896552 0.0852564 
0.206897 0.965517 0.896552 0.0876851 
0.241379 0.965517 0.896552 0.086341 
0.275862 0.965517 0.896552 0.0881139 
0.310345 0.965517 0.896552 0.0885808 
0.344828 0.965517 0.896552 0.0881871 
0.37931 0.965517 0.896552 0.0852866 
0.413793 0.965517 0.896552 0.0887933 
0.448276 0.965517 0.896552 0.0881292 
0.482759 0.965517 0.896552 0.0876517 
0.517241 0.965517 0.896552 0.088582 
0.551724 0.965517 0.896552 0.0845654 
0.586207 0.965517 0.896552 0.090544 
0.62069 0.965517 0.896552 0.0846354 
0.655172 0.965517 0.896552 0.0844003 
0.689655 0.965517 0.896552 0.0883966 
0.724138 0.965517 0.896552 0.0890667 
0.758621 0.965517 0.896552 0.0877309 
0.793103 0.965517 0.896552 0.0782704 
0.827586 0.965517 0.896552 0.0865329 
0.862069 0.965517 0.896552 0.0875146 
0.896552 0.965517 0.896552 0.0873573 
0.931034 0.965517 0.896552 0.0889286 
0.965517 0.965517 0.896552 0.086039 
1 0.965517 0.896552 0.0869196 
0 1 0.896552 0.0864864 
0.0344828 1 0.896552 0.086773 
0.0689655 1 0.896552 0.0873093 
0.103448 1 0.896552 0.089939 
0.137931 1 0.896552 0.0871406 
0.172414 1 0.896552 0.0871598 
0.206897 1 0.896552 0.0876562 
0.241379 1 0.896552 0.0886018 
0.275862 1 0.896552 0.087582 
0.310345 1 0.896552 0.0892812 
0.344828 1 0.896552 0.0874036 
0.37931 1 0.896552 0.0877997 
0.413793 1 0.896552 0.0797157 
0.448276 1 0.896552 0.0874504 
0.482759 1 0.896552 0.0863889 
0.517241 1 0.896552 0.0822381 
0.551724 1 0.896552 0.0887254 
0.586207 1 0.896552 0.0892096 
0.62069 1 0.896552 0.0878897 
0.655172 1 0.896552 0.0881162 
0.689655 1 0.896552 0.0877897 
0.724138 1 0.896552 0.0871233 
0.758621 1 0.896552 0.0865278 
0.793103 1 0.896552 0.0883231 
0.827586 1 0.896552 0.0871428 
0.862069 1 0.896552 0.0888209 
0.896552 1 0.896552 0.0865519 
0.931034 1 0.896552 0.0838128 
0.965517 1 0.896552 0.0858518 
1 1 0.896552 0.0859747 
0 0 0.931034 0.0842504 
0.0344828 0 0.931034 0.0842504 
0.0689655 0 0.931034 0.0842504 
0.103448 0 0.931034 0.0842504 
0.137931 0 0.931034 0.0842504 
0.172414 0 0.931034 0.0842504 
0.206897 0 0.931034 0.0842504 
0.241379 0 0.931034 0.0842504 
0.275862 0 0.931034 0.0842504 
0.310345 0 0.931034 0.0842504 
0.344828 0 0.931034 0.0842504 
0.37931 0 0.931034 0.0842504 
0.413793 0 0.931034 0.0842504 
0.448276 0 0.931034 0.0842504 
0.482759 0 0.931034 0.0842504 
0.517241 0 0.931034 0.0842504 
0.551724 0 0.931034 0.0842504 
0.586207 0 0.931034 0.0842504 
0.62069 0 0.931034 0.0842504 
0.655172 0 0.931034 0.0842504 
0.689655 0 0.931034 0.0842504 
0.724138 0 0.931034 0.0842504 
0.758621 0 0.931034 0.0842504 
0.793103 0 0.931034 0.0842504 
0.827586 0 0.931034 0.0842504 
0.862069 0 0.931034 0.0842504 
0.896552 0 0.931034 0.0842504 
0.931034 0 0.931034 0.0842504 
0.965517 0 0.931034 0.0842504 
1 0 0.931034 0.0842504 
0 0.0344828 0.931034 0.0846806 
0.0344828 0.0344828 0.931034 0.0842811 
0.0689655 0.0344828 0.931034 0.0840727 
0.103448 0.0344828 0.931034 0.0815638 
0.137931 0.0344828 0.931034 0.084021 
0.172414 0.0344828 0.931034 0.0821605 
0.206897 0.0344828 0.931034 0.0822772 
0.241379 0.0344828 0.931034 0.0839137 
0.275862 0.0344828 0.931034 0.0835792 
0.310345 0.0344828 0.931034 0.0825958 
0.344828 0.0344828 0.931034 0.082228 
0.37931 0.0344828 0.931034 0.0829262 
0.413793 0.0344828 0.931034 0.0863725 
0.448276 0.0344828 0.931034 0.0818361 
0.482759 0.0344828 0.931034 0.0803565 
0.517241 0.0344828 0.931034 0.0820926 
0.551724 0.0344828 0.931034 0.0843553 
0.586207 0.0344828 0.931034 0.0814998 
0.62069 0.0344828 0.931034 0.0834904 
0.655172 0.0344828 0.931034 0.0837881 
0.689655 0.0344828 0.931034 0.0817132 
0.724138 0.0344828 0.931034 0.0821888 
0.758621 0.0344828 0.931034 0.0817693 
0.793103 0.0344828 0.931034 0.0818288 
0.827586 0.0344828 0.931034 0.0807505 
0.862069 0.0344828 0.931034 0.0841259 
0.896552 0.0344828 0.931034 0.0822902 
0.931034 0.0344828 0.931034 0.083196 
0.965517 0.0344828 0.931034 0.0825763 
1 0.0344828 0.931034 0.0851406 
0 0.0689655 0.931034 0.0804694 
0.0344828 0.0689655 0.931034 0.0838543 
0.0689655 0.0689655 0.931034 0.0804045 
0.103448 0.0689655 0.931034 0.0823575 
0.137931 0.0689655 0.931034 0.0824377 
0.172414 0.0689655 0.931034 0.0827826 
0.206897 0.0689655 0.931034 0.0847479 
0.241379 0.0689655 0.931034 0.0815723 
0.275862 0.0689655 0.931034 0.0822745 
0.310345 0.0689655 0.931034 0.0824802 
0.344828 0.0689655 0.931034 0.0829542 
0.37931 0.0689655 0.931034 0.084721 
0.413793 0.0689655 0.931034 0.0851431 
0.448276 0.0689655 0.931034 0.0822837 
0.482759 0.0689655 0.931034 0.0828931 
0.517241 0.0689655 0.931034 0.0835811 
0.551724 0.0689655 0.931034 0.0839651 
0.586207 0.0689655 0.931034 0.0822228 
0.62069 0.0689655 0.931034 0.0819345 
0.655172 0.0689655 0.931034 0.0812857 
0.689655 0.0689655 0.931034 0.07294 
0.724138 0.0689655 0.931034 0.0842532 
0.758621 0.0689655 0.931034 0.0817796 
0.793103 0.0689655 0.931034 0.0829906 
0.827586 0.0689655 0.931034 0.0833975 
0.862069 0.0689655 0.931034 0.0834271 
0.896552 0.0689655 0.931034 0.0822036 
0.931034 0.0689655 0.931034 0.0812793 
0.965517 0.0689655 0.931034 0.0834324 
1 0.0689655 0.931034 0.0821609 
0 0.103448 0.931034 0.0838209 
0.0344828 0.103448 0.931034 0.0818273 
0.0689655 0.103448 0.931034 0.0718819 
0.103448 0.103448 0.931034 0.0818107 
0.137931 0.103448 0.931034 0.0812413 
0.172414 0.103448 0.931034 0.0821908 
0.206897 0.103448 0.931034 0.0821663 
0.241379 0.103448 0.931034 0.0810768 
0.275862 0.103448 0.931034 0.0800648 
0.310345 0.103448 0.931034 0.0837115 
0.344828 0.103448 0.931034 0.0845071 
0.37931 0.103448 0.931034 0.0835054 
0.413793 0.103448 0.931034 0.082589 
0.448276 0.103448 0.931034 0.083005 
0.482759 0.103448 0.931034 0.0842294 
0.517241 0.103448 0.931034 0.0832186 
0.551724 0.103448 0.931034 0.0816814 
0.586207 0.103448 0.931034 0.0831512 
0.62069 0.103448 0.931034 0.0831801 
0.655172 0.103448 0.931034 0.072884 
0.689655 0.103448 0.931034 0.083067 
0.724138 0.103448 0.931034 0.0818378 
0.758621 0.103448 0.931034 0.0842239 
0.793103 0.103448 0.931034 0.0843291 
0.827586 0.103448 0.931034 0.0822454 
0.862069 0.103448 0.931034 0.0835376 
0.896552 0.103448 0.931034 0.0838233 
0.931034 0.103448 0.931034 0.0834581 
0.965517 0.103448 0.931034 0.0834568 
1 0.103448 0.931034 0.0812863 
0 0.137931 0.931034 0.0799113 
0.0344828 0.137931 0.931034 0.0810506 
0.0689655 0.137931 0.931034 0.0832633 
0.103448 0.137931 0.931034 0.0838152 
0.137931 0.137931 0.931034 0.0834739 
0.172414 0.137931 0.931034 0.0854212 
0.206897 0.137931 0.931034 0.0828769 
0.241379 0.137931 0.931034 0.0828571 
0.275862 0.137931 0.931034 0.0845966 
0.310345 0.137931 0.931034 0.0823791 
0.344828 0.137931 0.931034 0.0808741 
0.37931 0.137931 0.931034 0.0809174 
0.413793 0.137931 0.931034 0.0819406 
0.448276 0.137931 0.931034 0.0823537 
0.482759 0.137931 0.931034 0.0815361 
0.517241 0.137931 0.931034 0.082499 
0.551724 0.137931 0.931034 0.0807313 
0.586207 0.137931 0.931034 0.0835522 
0.62069 0.137931 0.931034 0.0799679 
0.655172 0.137931 0.931034 0.0722702 
0.689655 0.137931 0.931034 0.0838167 
0.724138 0.137931 0.931034 0.0805377 
0.758621 0.137931 0.931034 0.0845021 
0.793103 0.137931 0.931034 0.0836893 
0.827586 0.137931 0.931034 0.0811733 
0.862069 0.137931 0.931034 0.0814478 
0.896552 0.137931 0.931034 0.079301 
0.931034 0.137931 0.931034 0.0850549 
0.965517 0.137931 0.931034 0.0837345 
1 0.137931 0.931034 0.080708 
0 0.172414 0.931034 0.0830139 
0.0344828 0.172414 0.931034 0.0814868 
0.0689655 0.172414 0.931034 0.0813434 
0.103448 0.172414 0.931034 0.0827098 
0.137931 0.172414 0.931034 0.0815598 
0.172414 0.172414 0.931034 0.0836773 
0.206897 0.172414 0.931034 0.0851708 
0.241379 0.172414 0.931034 0.0816849 
0.275862 0.172414 0.931034 0.0822876 
0.310345 0.172414 0.931034 0.08356 
0.344828 0.172414 0.931034 0.0830723 
0.37931 0.172414 0.931034 0.0829334 
0.413793 0.172414 0.931034 0.0812352 
0.448276 0.172414 0.931034 0.0820045 
0.482759 0.172414 0.931034 0.0831487 
0.517241 0.172414 0.931034 0.0841495 
0.551724 0.172414 0.931034 0.082408 
0.586207 0.172414 0.931034 0.0773093 
0.62069 0.172414 0.931034 0.0834715 
0.655172 0.172414 0.931034 0.0790543 
0.689655 0.172414 0.931034 0.0838205 
0.724138 0.172414 0.931034 0.0828717 
0.758621 0.172414 0.931034 0.0818399 
0.793103 0.172414 0.931034 0.0821819 
0.827586 0.172414 0.931034 0.0853642 
0.862069 0.172414 0.931034 0.0833136 
0.896552 0.172414 0.931034 0.0834282 
0.931034 0.172414 0.931034 0.0834385 
0.965517 0.172414 0.931034 0.0801106 
1 0.172414 0.931034 0.0834773 
0 0.206897 0.931034 0.0828843 
0.0344828 0.206897 0.931034 0.0814993 
0.0689655 0.206897 0.931034 0.0762807 
0.103448 0.206897 0.931034 0.0820751 
0.137931 0.206897 0.931034 0.0812731 
0.172414 0.206897 0.931034 0.0827874 
0.206897 0.206897 0.931034 0.0832609 
0.241379 0.206897 0.931034 0.0788215 
0.275862 0.206897 0.931034 0.0809307 
0.310345 0.206897 0.931034 0.0828776 
0.344828 0.206897 0.931034 0.0814606 
0.37931 0.206897 0.931034 0.0817195 
0.413793 0.206897 0.931034 0.0788557 
0.448276 0.206897 0.931034 0.084776 
0.482759 0.206897 0.931034 0.0810441 
0.517241 0.206897 0.931034 0.0767706 
0.551724 0.206897 0.931034 0.0813563 
0.586207 0.206897 0.931034 0.0818705 
0.62069 0.206897 0.931034 0.0811965 
0.655172 0.206897 0.931034 0.0751974 
0.689655 0.206897 0.931034 0.083374 
0.724138 0.206897 0.931034 0.0794566 
0.758621 0.206897 0.931034 0.0825622 
0.793103 0.206897 0.931034 0.0798677 
0.827586 0.206897 0.931034 0.0831504 
0.862069 0.206897 0.931034 0.083932 
0.896552 0.206897 0.931034 0.0828135 
0.931034 0.206897 0.931034 0.0825419 
0.965517 0.206897 0.931034 0.0814412 
1 0.206897 0.931034 0.0836708 
0 0.241379 0.931034 0.0833113 
0.0344828 0.241379 0.931034 0.0834485 
0.0689655 0.241379 0.931034 0.082615 
0.103448 0.241379 0.931034 0.0826509 
0.137931 0.241379 0.931034 0.0805664 
0.172414 0.241379 0.931034 0.082878 
0.206897 0.241379 0.931034 0.0832635 
0.241379 0.241379 0.931034 0.0825858 
0.275862 0.241379 0.931034 0.0798037 
0.310345 0.241379 0.931034 0.0831357 
0.344828 0.241379 0.931034 0.0830705 
0.37931 0.241379 0.931034 0.084568 
0.413793 0.241379 0.931034 0.0852694 
0.448276 0.241379 0.931034 0.0831457 
0.482759 0.241379 0.931034 0.0827366 
0.517241 0.241379 0.931034 0.0827737 
0.551724 0.241379 0.931034 0.0813018 
0.586207 0.241379 0.931034 0.0840097 
0.62069 0.241379 0.931034 0.083406 
0.655172 0.241379 0.931034 0.0797277 
0.689655 0.241379 0.931034 0.0799219 
0.724138 0.241379 0.931034 0.0814281 
0.758621 0.241379 0.931034 0.0807316 
0.793103 0.241379 0.931034 0.0817713 
0.827586 0.241379 0.931034 0.0793784 
0.862069 0.241379 0.931034 0.079485 
0.896552 0.241379 0.931034 0.0823304 
0.931034 0.241379 0.931034 0.0814773 
0.965517 0.241379 0.931034 0.0828716 
1 0.241379 0.931034 0.0800035 
0 0.275862 0.931034 0.0827898 
0.0344828 0.275862 0.931034 0.0823368 
0.0689655 0.275862 0.931034 0.0766581 
0.103448 0.275862 0.931034 0.0778279 
0.137931 0.275862 0.931034 0.0828921 
0.172414 0.275862 0.931034 0.084176 
0.206897 0.275862 0.931034 0.0801497 
0.241379 0.275862 0.931034 0.0831232 
0.275862 0.275862 0.931034 0.0692696 
0.310345 0.275862 0.931034 0.0827642 
0.344828 0.275862 0.931034 0.0830713 
0.37931 0.275862 0.931034 0.0823504 
0.413793 0.275862 0.931034 0.082451 
0.448276 0.275862 0.931034 0.0830054 
0.482759 0.275862 0.931034 0.0684264 
0.517241 0.275862 0.931034 0.0797959 
0.551724 0.275862 0.931034 0.0830224 
0.586207 0.275862 0.931034 0.0791986 
0.62069 0.275862 0.931034 0.0813712 
0.655172 0.275862 0.931034 0.0813988 
0.689655 0.275862 0.931034 0.0814328 
0.724138 0.275862 0.931034 0.0809542 
0.758621 0.275862 0.931034 0.0816586 
0.793103 0.275862 0.931034 0.0838571 
0.827586 0.275862 0.931034 0.0810226 
0.862069 0.275862 0.931034 0.0830779 
0.896552 0.275862 0.931034 0.0845178 
0.931034 0.275862 0.931034 0.0811262 
0.965517 0.275862 0.931034 0.0839682 
1 0.275862 0.931034 0.0816623 
0 0.310345 0.931034 0.0832631 
0.0344828 0.310345 0.931034 0.0821697 
0.0689655 0.310345 0.931034 0.0801458 
0.103448 0.310345 0.931034 0.082219 
0.137931 0.310345 0.931034 0.0799526 
0.172414 0.310345 0.931034 0.0822971 
0.206897 0.310345 0.931034 0.0821033 
0.241379 0.310345 0.931034 0.0824393 
0.275862 0.310345 0.931034 0.0816565 
0.310345 0.310345 0.931034 0.082725 
0.344828 0.310345 0.931034 0.0846825 
0.37931 0.310345 0.931034 0.080941 
0.413793 0.310345 0.931034 0.0825796 
0.448276 0.310345 0.931034 0.0771687 
0.482759 0.310345 0.931034 0.0807616 
0.517241 0.310345 0.931034 0.0822165 
0.551724 0.310345 0.931034 0.0827618 
0.586207 0.310345 0.931034 0.0830694 
0.62069 0.310345 0.931034 0.0818217 
0.655172 0.310345 0.931034 0.076545 
0.689655 0.310345 0.931034 0.0823505 
0.724138 0.310345 0.931034 0.0822217 
0.758621 0.310345 0.931034 0.0826646 
0.793103 0.310345 0.931034 0.0829457 
0.827586 0.310345 0.931034 0.0825503 
0.862069 0.310345 0.931034 0.08091 
0.896552 0.310345 0.931034 0.0807033 
0.931034 0.310345 0.931034 0.0807859 
0.965517 0.310345 0.931034 0.0812568 
1 0.310345 0.931034 0.0812266 
0 0.344828 0.931034 0.0825095 
0.0344828 0.344828 0.931034 0.08084 
0.0689655 0.344828 0.931034 0.0787645 
0.103448 0.344828 0.931034 0.0798963 
0.137931 0.344828 0.931034 0.0830796 
0.172414 0.344828 0.931034 0.0799816 
0.206897 0.344828 0.931034 0.0836786 
0.241379 0.344828 0.931034 0.0804563 
0.275862 0.344828 0.931034 0.0815456 
0.310345 0.344828 0.931034 0.0797376 
0.344828 0.344828 0.931034 0.0809087 
0.37931 0.344828 0.931034 0.0821736 
0.413793 0.344828 0.931034 0.0811311 
0.448276 0.344828 0.931034 0.0819752 
0.482759 0.344828 0.931034 0.0843538 
0.517241 0.344828 0.931034 0.082736 
0.551724 0.344828 0.931034 0.0826355 
0.586207 0.344828 0.931034 0.0818617 
0.62069 0.344828 0.931034 0.0660841 
0.655172 0.344828 0.931034 0.0844451 
0.689655 0.344828 0.931034 0.0807918 
0.724138 0.344828 0.931034 0.0782661 
0.758621 0.344828 0.931034 0.0824379 
0.793103 0.344828 0.931034 0.0813171 
0.827586 0.344828 0.931034 0.0797987 
0.862069 0.344828 0.931034 0.0807773 
0.896552 0.344828 0.931034 0.0789677 
0.931034 0.344828 0.931034 0.0805827 
0.965517 0.344828 0.931034 0.0774157 
1 0.344828 0.931034 0.0808085 
0 0.37931 0.931034 0.0810086 
0.0344828 0.37931 0.931034 0.0822121 
0.0689655 0.37931 0.931034 0.0813364 
0.103448 0.37931 0.931034 0.0827148 
0.137931 0.37931 0.931034 0.0837403 
0.172414 0.37931 0.931034 0.0812174 
0.206897 0.37931 0.931034 0.0836399 
0.241379 0.37931 0.931034 0.0794188 
0.275862 0.37931 0.931034 0.083818 
0.310345 0.37931 0.931034 0.0790446 
0.344828 0.37931 0.931034 0.0795991 
0.37931 0.37931 0.931034 0.0790422 
0.413793 0.37931 0.931034 0.0806422 
0.448276 0.37931 0.931034 0.0820007 
0.482759 0.37931 0.931034 0.0813753 
0.517241 0.37931 0.931034 0.0790085 
0.551724 0.37931 0.931034 0.080581 
0.586207 0.37931 0.931034 0.0807307 
0.62069 0.37931 0.931034 0.080299 
0.655172 0.37931 0.931034 0.0819563 
0.689655 0.37931 0.931034 0.0833719 
0.724138 0.37931 0.931034 0.0808477 
0.758621 0.37931 0.931034 0.0824618 
0.793103 0.37931 0.931034 0.0802814 
0.827586 0.37931 0.931034 0.081564 
0.862069 0.37931 0.931034 0.0806436 
0.896552 0.37931 0.931034 0.0802905 
0.931034 0.37931 0.931034 0.0834936 
0.965517 0.37931 0.931034 0.0822502 
1 0.37931 0.931034 0.0821423 
0 0.413793 0.931034 0.0821126 
0.0344828 0.413793 0.931034 0.0785198 
0.0689655 0.413793 0.931034 0.0806579 
0.103448 0.413793 0.931034 0.0830748 
0.137931 0.413793 0.931034 0.0811949 
0.172414 0.413793 0.931034 0.0809648 
0.206897 0.413793 0.931034 0.0823718 
0.241379 0.413793 0.931034 0.0803139 
0.275862 0.413793 0.931034 0.0820211 
0.310345 0.413793 0.931034 0.081454 
0.344828 0.413793 0.931034 0.0828076 
0.37931 0.413793 0.931034 0.0803027 
0.413793 0.413793 0.931034 0.0820264 
0.448276 0.413793 0.931034 0.0818616 
0.482759 0.413793 0.931034 0.081308 
0.517241 0.413793 0.931034 0.0803481 
0.551724 0.413793 0.931034 0.0825241 
0.586207 0.413793 0.931034 0.0822085 
0.62069 0.413793 0.931034 0.0792751 
0.655172 0.413793 0.931034 0.0788862 
0.689655 0.413793 0.931034 0.0820357 
0.724138 0.413793 0.931034 0.0803011 
0.758621 0.413793 0.931034 0.0820975 
0.793103 0.413793 0.931034 0.0827619 
0.827586 0.413793 0.931034 0.0826671 
0.862069 0.413793 0.931034 0.0782482 
0.896552 0.413793 0.931034 0.0814237 
0.931034 0.413793 0.931034 0.0806946 
0.965517 0.413793 0.931034 0.0824438 
1 0.413793 0.931034 0.082008 
0 0.448276 0.931034 0.0816708 
0.0344828 0.448276 0.931034 0.0829992 
0.0689655 0.448276 0.931034 0.0823679 
0.103448 0.448276 0.931034 0.0820246 
0.137931 0.448276 0.931034 0.0819273 
0.172414 0.448276 0.931034 0.080582 
0.206897 0.448276 0.931034 0.0839736 
0.241379 0.448276 0.931034 0.0809245 
0.275862 0.448276 0.931034 0.0812573 
0.310345 0.448276 0.931034 0.0806004 
0.344828 0.448276 0.931034 0.0829326 
0.37931 0.448276 0.931034 0.0828477 
0.413793 0.448276 0.931034 0.0818439 
0.448276 0.448276 0.931034 0.0826719 
0.482759 0.448276 0.931034 0.0779998 
0.517241 0.448276 0.931034 0.0811644 
0.551724 0.448276 0.931034 0.0795193 
0.586207 0.448276 0.931034 0.0792947 
0.62069 0.448276 0.931034 0.081717 
0.655172 0.448276 0.931034 0.080299 
0.689655 0.448276 0.931034 0.0813994 
0.724138 0.448276 0.931034 0.0825603 
0.758621 0.448276 0.931034 0.0798591 
0.793103 0.448276 0.931034 0.0820586 
0.827586 0.448276 0.931034 0.0806359 
0.862069 0.448276 0.931034 0.0818095 
0.896552 0.448276 0.931034 0.0819936 
0.931034 0.448276 0.931034 0.0801836 
0.965517 0.448276 0.931034 0.0821507 
1 0.448276 0.931034 0.0813844 
0 0.482759 0.931034 0.0809546 
0.0344828 0.482759 0.931034 0.0807568 
0.0689655 0.482759 0.931034 0.0813609 
0.103448 0.482759 0.931034 0.0789116 
0.137931 0.482759 0.931034 0.080255 
0.172414 0.482759 0.931034 0.0815097 
0.206897 0.482759 0.931034 0.0836143 
0.241379 0.482759 0.931034 0.0809006 
0.275862 0.482759 0.931034 0.0816068 
0.310345 0.482759 0.931034 0.0805781 
0.344828 0.482759 0.931034 0.0817334 
0.37931 0.482759 0.931034 0.0810943 
0.413793 0.482759 0.931034 0.0821317 
0.448276 0.482759 0.931034 0.0799932 
0.482759 0.482759 0.931034 0.0817076 
0.517241 0.482759 0.931034 0.0842925 
0.551724 0.482759 0.931034 0.0804298 
0.586207 0.482759 0.931034 0.0808287 
0.62069 0.482759 0.931034 0.0809495 
0.655172 0.482759 0.931034 0.0807704 
0.689655 0.482759 0.931034 0.0804642 
0.724138 0.482759 0.931034 0.0802271 
0.758621 0.482759 0.931034 0.0812791 
0.793103 0.482759 0.931034 0.0796373 
0.827586 0.482759 0.931034 0.0816204 
0.862069 0.482759 0.931034 0.0811785 
0.896552 0.482759 0.931034 0.081998 
0.931034 0.482759 0.931034 0.0842345 
0.965517 0.482759 0.931034 0.0806721 
1 0.482759 0.931034 0.0816038 
0 0.517241 0.931034 0.0821163 
0.0344828 0.517241 0.931034 0.080894 
0.0689655 0.517241 0.931034 0.0799441 
0.103448 0.517241 0.931034 0.08197 
0.137931 0.517241 0.931034 0.0788352 
0.172414 0.517241 0.931034 0.0816299 
0.206897 0.517241 0.931034 0.0780506 
0.241379 0.517241 0.931034 0.0809402 
0.275862 0.517241 0.931034 0.0802457 
0.310345 0.517241 0.931034 0.0821701 
0.344828 0.517241 0.931034 0.0825734 
0.37931 0.517241 0.931034 0.0823544 
0.413793 0.517241 0.931034 0.0811186 
0.448276 0.517241 0.931034 0.0815837 
0.482759 0.517241 0.931034 0.0811519 
0.517241 0.517241 0.931034 0.0818504 
0.551724 0.517241 0.931034 0.0801237 
0.586207 0.517241 0.931034 0.0828463 
0.62069 0.517241 0.931034 0.0821829 
0.655172 0.517241 0.931034 0.0780569 
0.689655 0.517241 0.931034 0.0813441 
0.724138 0.517241 0.931034 0.0811678 
0.758621 0.517241 0.931034 0.0817703 
0.793103 0.517241 0.931034 0.0810713 
0.827586 0.517241 0.931034 0.0820085 
0.862069 0.517241 0.931034 0.0761426 
0.896552 0.517241 0.931034 0.0822194 
0.931034 0.517241 0.931034 0.0762207 
0.965517 0.517241 0.931034 0.0812944 
1 0.517241 0.931034 0.0805928 
0 0.551724 0.931034 0.0815263 
0.0344828 0.551724 0.931034 0.080278 
0.0689655 0.551724 0.931034 0.0835421 
0.103448 0.551724 0.931034 0.0819487 
0.137931 0.551724 0.931034 0.0808706 
0.172414 0.551724 0.931034 0.0786841 
0.206897 0.551724 0.931034 0.0828712 
0.241379 0.551724 0.931034 0.081469 
0.275862 0.551724 0.931034 0.0781235 
0.310345 0.551724 0.931034 0.0802098 
0.344828 0.551724 0.931034 0.0827382 
0.37931 0.551724 0.931034 0.0829161 
0.413793 0.551724 0.931034 0.0819888 
0.448276 0.551724 0.931034 0.0818145 
0.482759 0.551724 0.931034 0.0816801 
0.517241 0.551724 0.931034 0.0813229 
0.551724 0.551724 0.931034 0.0776777 
0.586207 0.551724 0.931034 0.0805957 
0.62069 0.551724 0.931034 0.0814674 
0.655172 0.551724 0.931034 0.0807305 
0.689655 0.551724 0.931034 0.0831971 
0.724138 0.551724 0.931034 0.0819374 
0.758621 0.551724 0.931034 0.0775139 
0.793103 0.551724 0.931034 0.081637 
0.827586 0.551724 0.931034 0.0820482 
0.862069 0.551724 0.931034 0.0765641 
0.896552 0.551724 0.931034 0.0700511 
0.931034 0.551724 0.931034 0.0799836 
0.965517 0.551724 0.931034 0.0812071 
1 0.551724 0.931034 0.078887 
0 0.586207 0.931034 0.0802111 
0.0344828 0.586207 0.931034 0.0814694 
0.0689655 0.586207 0.931034 0.0806799 
0.103448 0.586207 0.931034 0.0799711 
0.137931 0.586207 0.931034 0.0818214 
0.172414 0.586207 0.931034 0.0805546 
0.206897 0.586207 0.931034 0.082566 
0.241379 0.586207 0.931034 0.0819075 
0.275862 0.586207 0.931034 0.079839 
0.310345 0.586207 0.931034 0.0666581 
0.344828 0.586207 0.931034 0.0816541 
0.37931 0.586207 0.931034 0.0782303 
0.413793 0.586207 0.931034 0.0781759 
0.448276 0.586207 0.931034 0.0810462 
0.482759 0.586207 0.931034 0.0811618 
0.517241 0.586207 0.931034 0.0815323 
0.551724 0.586207 0.931034 0.0818733 
0.586207 0.586207 0.931034 0.0819592 
0.62069 0.586207 0.931034 0.0801479 
0.655172 0.586207 0.931034 0.080805 
0.689655 0.586207 0.931034 0.0827366 
0.724138 0.586207 0.931034 0.0830364 
0.758621 0.586207 0.931034 0.0817618 
0.793103 0.586207 0.931034 0.0812684 
0.827586 0.586207 0.931034 0.0762799 
0.862069 0.586207 0.931034 0.0809554 
0.896552 0.586207 0.931034 0.076605 
0.931034 0.586207 0.931034 0.0803666 
0.965517 0.586207 0.931034 0.0805788 
1 0.586207 0.931034 0.078938 
0 0.62069 0.931034 0.08055 
0.0344828 0.62069 0.931034 0.0811895 
0.0689655 0.62069 0.931034 0.0809536 
0.103448 0.62069 0.931034 0.0810328 
0.137931 0.62069 0.931034 0.0796443 
0.172414 0.62069 0.931034 0.0745636 
0.206897 0.62069 0.931034 0.0813301 
0.241379 0.62069 0.931034 0.0796129 
0.275862 0.62069 0.931034 0.0791414 
0.310345 0.62069 0.931034 0.0799043 
0.344828 0.62069 0.931034 0.0814168 
0.37931 0.62069 0.931034 0.0797958 
0.413793 0.62069 0.931034 0.0806209 
0.448276 0.62069 0.931034 0.0800224 
0.482759 0.62069 0.931034 0.0828561 
0.517241 0.62069 0.931034 0.0784642 
0.551724 0.62069 0.931034 0.0811923 
0.586207 0.62069 0.931034 0.0781091 
0.62069 0.62069 0.931034 0.0769268 
0.655172 0.62069 0.931034 0.0809685 
0.689655 0.62069 0.931034 0.0819078 
0.724138 0.62069 0.931034 0.081812 
0.758621 0.62069 0.931034 0.0829348 
0.793103 0.62069 0.931034 0.0817636 
0.827586 0.62069 0.931034 0.081243 
0.862069 0.62069 0.931034 0.0784161 
0.896552 0.62069 0.931034 0.0808005 
0.931034 0.62069 0.931034 0.0796653 
0.965517 0.62069 0.931034 0.0810587 
1 0.62069 0.931034 0.0810925 
0 0.655172 0.931034 0.0796646 
0.0344828 0.655172 0.931034 0.0808032 
0.0689655 0.655172 0.931034 0.0790779 
0.103448 0.655172 0.931034 0.0814871 
0.137931 0.655172 0.931034 0.0837043 
0.172414 0.655172 0.931034 0.0767736 
0.206897 0.655172 0.931034 0.0803552 
0.241379 0.655172 0.931034 0.0813324 
0.275862 0.655172 0.931034 0.079374 
0.310345 0.655172 0.931034 0.0808208 
0.344828 0.655172 0.931034 0.08155 
0.37931 0.655172 0.931034 0.080815 
0.413793 0.655172 0.931034 0.0786451 
0.448276 0.655172 0.931034 0.081347 
0.482759 0.655172 0.931034 0.0835583 
0.517241 0.655172 0.931034 0.0814211 
0.551724 0.655172 0.931034 0.0809136 
0.586207 0.655172 0.931034 0.0798559 
0.62069 0.655172 0.931034 0.0788375 
0.655172 0.655172 0.931034 0.0803445 
0.689655 0.655172 0.931034 0.080547 
0.724138 0.655172 0.931034 0.0816118 
0.758621 0.655172 0.931034 0.0814595 
0.793103 0.655172 0.931034 0.0817449 
0.827586 0.655172 0.931034 0.074391 
0.862069 0.655172 0.931034 0.0806527 
0.896552 0.655172 0.931034 0.0816048 
0.931034 0.655172 0.931034 0.0816442 
0.965517 0.655172 0.931034 0.0793985 
1 0.655172 0.931034 0.0795654 
0 0.689655 0.931034 0.0787178 
0.0344828 0.689655 0.931034 0.0807895 
0.0689655 0.689655 0.931034 0.0801955 
0.103448 0.689655 0.931034 0.0788382 
0.137931 0.689655 0.931034 0.0802271 
0.172414 0.689655 0.931034 0.080428 
0.206897 0.689655 0.931034 0.0827836 
0.241379 0.689655 0.931034 0.0827282 
0.275862 0.689655 0.931034 0.0793655 
0.310345 0.689655 0.931034 0.0818757 
0.344828 0.689655 0.931034 0.0794284 
0.37931 0.689655 0.931034 0.0814496 
0.413793 0.689655 0.931034 0.0817598 
0.448276 0.689655 0.931034 0.0824831 
0.482759 0.689655 0.931034 0.0778616 
0.517241 0.689655 0.931034 0.0808868 
0.551724 0.689655 0.931034 0.0809593 
0.586207 0.689655 0.931034 0.0811852 
0.62069 0.689655 0.931034 0.0803481 
0.655172 0.689655 0.931034 0.0798802 
0.689655 0.689655 0.931034 0.0806984 
0.724138 0.689655 0.931034 0.0825031 
0.758621 0.689655 0.931034 0.0765105 
0.793103 0.689655 0.931034 0.0803757 
0.827586 0.689655 0.931034 0.0817278 
0.862069 0.689655 0.931034 0.0808516 
0.896552 0.689655 0.931034 0.0792824 
0.931034 0.689655 0.931034 0.0790133 
0.965517 0.689655 0.931034 0.071599 
1 0.689655 0.931034 0.0790214 
0 0.724138 0.931034 0.0788223 
0.0344828 0.724138 0.931034 0.0791636 
0.0689655 0.724138 0.931034 0.0809043 
0.103448 0.724138 0.931034 0.0800858 
0.137931 0.724138 0.931034 0.0777244 
0.172414 0.724138 0.931034 0.0807973 
0.206897 0.724138 0.931034 0.0783241 
0.241379 0.724138 0.931034 0.0795119 
0.275862 0.724138 0.931034 0.0805675 
0.310345 0.724138 0.931034 0.0793387 
0.344828 0.724138 0.931034 0.0813076 
0.37931 0.724138 0.931034 0.0815939 
0.413793 0.724138 0.931034 0.0792776 
0.448276 0.724138 0.931034 0.07981 
0.482759 0.724138 0.931034 0.0798546 
0.517241 0.724138 0.931034 0.0820646 
0.551724 0.724138 0.931034 0.0793705 
0.586207 0.724138 0.931034 0.0794142 
0.62069 0.724138 0.931034 0.082852 
0.655172 0.724138 0.931034 0.079313 
0.689655 0.724138 0.931034 0.0813985 
0.724138 0.724138 0.931034 0.0793012 
0.758621 0.724138 0.931034 0.0796542 
0.793103 0.724138 0.931034 0.081649 
0.827586 0.724138 0.931034 0.0797666 
0.862069 0.724138 0.931034 0.0809585 
0.896552 0.724138 0.931034 0.0794087 
0.931034 0.724138 0.931034 0.0811628 
0.965517 0.724138 0.931034 0.0809649 
1 0.724138 0.931034 0.0817641 
0 0.758621 0.931034 0.0784851 
0.0344828 0.758621 0.931034 0.0808558 
0.0689655 0.758621 0.931034 0.0811341 
0.103448 0.758621 0.931034 0.0791213 
0.137931 0.758621 0.931034 0.0807028 
0.172414 0.758621 0.931034 0.0788275 
0.206897 0.758621 0.931034 0.0810292 
0.241379 0.758621 0.931034 0.0798835 
0.275862 0.758621 0.931034 0.0801505 
0.310345 0.758621 0.931034 0.0803516 
0.344828 0.758621 0.931034 0.0827616 
0.37931 0.758621 0.931034 0.0798699 
0.413793 0.758621 0.931034 0.0800146 
0.448276 0.758621 0.931034 0.0807244 
0.482759 0.758621 0.931034 0.0809142 
0.517241 0.758621 0.931034 0.0776499 
0.551724 0.758621 0.931034 0.0809457 
0.586207 0.758621 0.931034 0.0755983 
0.62069 0.758621 0.931034 0.0775316 
0.655172 0.758621 0.931034 0.0812071 
0.689655 0.758621 0.931034 0.0793308 
0.724138 0.758621 0.931034 0.0810128 
0.758621 0.758621 0.931034 0.0821649 
0.793103 0.758621 0.931034 0.0814035 
0.827586 0.758621 0.931034 0.0807106 
0.862069 0.758621 0.931034 0.0807586 
0.896552 0.758621 0.931034 0.0771 
0.931034 0.758621 0.931034 0.0807157 
0.965517 0.758621 0.931034 0.0745669 
1 0.758621 0.931034 0.0779494 
0 0.793103 0.931034 0.0810992 
0.0344828 0.793103 0.931034 0.0796372 
0.0689655 0.793103 0.931034 0.0794769 
0.103448 0.793103 0.931034 0.0795653 
0.137931 0.793103 0.931034 0.080979 
0.172414 0.793103 0.931034 0.080949 
0.206897 0.793103 0.931034 0.0788727 
0.241379 0.793103 0.931034 0.0810498 
0.275862 0.793103 0.931034 0.0801078 
0.310345 0.793103 0.931034 0.0804271 
0.344828 0.793103 0.931034 0.0815003 
0.37931 0.793103 0.931034 0.080102 
0.413793 0.793103 0.931034 0.0793441 
0.448276 0.793103 0.931034 0.0783818 
0.482759 0.793103 0.931034 0.0805979 
0.517241 0.793103 0.931034 0.0792395 
0.551724 0.793103 0.931034 0.0824365 
0.586207 0.793103 0.931034 0.0796459 
0.62069 0.793103 0.931034 0.081176 
0.655172 0.793103 0.931034 0.0794613 
0.689655 0.793103 0.931034 0.0779341 
0.724138 0.793103 0.931034 0.0813237 
0.758621 0.793103 0.931034 0.0815511 
0.793103 0.793103 0.931034 0.0791177 
0.827586 0.793103 0.931034 0.0805829 
0.862069 0.793103 0.931034 0.0741027 
0.896552 0.793103 0.931034 0.0797747 
0.931034 0.793103 0.931034 0.0788983 
0.965517 0.793103 0.931034 0.0790266 
1 0.793103 0.931034 0.0787946 
0 0.827586 0.931034 0.0804563 
0.0344828 0.827586 0.931034 0.0814507 
0.0689655 0.827586 0.931034 0.0807868 
0.103448 0.827586 0.931034 0.0784045 
0.137931 0.827586 0.931034 0.0807684 
0.172414 0.827586 0.931034 0.0792509 
0.206897 0.827586 0.931034 0.0813456 
0.241379 0.827586 0.931034 0.0794683 
0.275862 0.827586 0.931034 0.0786264 
0.310345 0.827586 0.931034 0.0799975 
0.344828 0.827586 0.931034 0.0777993 
0.37931 0.827586 0.931034 0.0785266 
0.413793 0.827586 0.931034 0.0775559 
0.448276 0.827586 0.931034 0.0794486 
0.482759 0.827586 0.931034 0.0792098 
0.517241 0.827586 0.931034 0.0796445 
0.551724 0.827586 0.931034 0.0788069 
0.586207 0.827586 0.931034 0.0820172 
0.62069 0.827586 0.931034 0.068225 
0.655172 0.827586 0.931034 0.0791379 
0.689655 0.827586 0.931034 0.08006 
0.724138 0.827586 0.931034 0.0811826 
0.758621 0.827586 0.931034 0.0806761 
0.793103 0.827586 0.931034 0.0755136 
0.827586 0.827586 0.931034 0.0804654 
0.862069 0.827586 0.931034 0.0810619 
0.896552 0.827586 0.931034 0.0800857 
0.931034 0.827586 0.931034 0.0804169 
0.965517 0.827586 0.931034 0.0813766 
1 0.827586 0.931034 0.0813849 
0 0.862069 0.931034 0.0820406 
0.0344828 0.862069 0.931034 0.0804073 
0.0689655 0.862069 0.931034 0.0791087 
0.103448 0.862069 0.931034 0.0795704 
0.137931 0.862069 0.931034 0.0800275 
0.172414 0.862069 0.931034 0.0825484 
0.206897 0.862069 0.931034 0.0808351 
0.241379 0.862069 0.931034 0.075032 
0.275862 0.862069 0.931034 0.0784932 
0.310345 0.862069 0.931034 0.0811407 
0.344828 0.862069 0.931034 0.0811033 
0.37931 0.862069 0.931034 0.0801092 
0.413793 0.862069 0.931034 0.0797255 
0.448276 0.862069 0.931034 0.0807048 
0.482759 0.862069 0.931034 0.0811504 
0.517241 0.862069 0.931034 0.0803211 
0.551724 0.862069 0.931034 0.0817537 
0.586207 0.862069 0.931034 0.0820455 
0.62069 0.862069 0.931034 0.0802861 
0.655172 0.862069 0.931034 0.0791034 
0.689655 0.862069 0.931034 0.0811614 
0.724138 0.862069 0.931034 0.0795889 
0.758621 0.862069 0.931034 0.0803969 
0.793103 0.862069 0.931034 0.0801082 
0.827586 0.862069 0.931034 0.0804568 
0.862069 0.862069 0.931034 0.0807411 
0.896552 0.862069 0.931034 0.0806245 
0.931034 0.862069 0.931034 0.0814747 
0.965517 0.862069 0.931034 0.0803979 
1 0.862069 0.931034 0.0800872 
0 0.896552 0.931034 0.080163 
0.0344828 0.896552 0.931034 0.08147 
0.0689655 0.896552 0.931034 0.0810045 
0.103448 0.896552 0.931034 0.0803859 
0.137931 0.896552 0.931034 0.0786723 
0.172414 0.896552 0.931034 0.0772884 
0.206897 0.896552 0.931034 0.0820864 
0.241379 0.896552 0.931034 0.0809086 
0.275862 0.896552 0.931034 0.0797606 
0.310345 0.896552 0.931034 0.0796731 
0.344828 0.896552 0.931034 0.0772731 
0.37931 0.896552 0.931034 0.0789664 
0.413793 0.896552 0.931034 0.0766434 
0.448276 0.896552 0.931034 0.080919 
0.482759 0.896552 0.931034 0.0813123 
0.517241 0.896552 0.931034 0.0794288 
0.551724 0.896552 0.931034 0.0778192 
0.586207 0.896552 0.931034 0.0796185 
0.62069 0.896552 0.931034 0.0791316 
0.655172 0.896552 0.931034 0.0791481 
0.689655 0.896552 0.931034 0.0790883 
0.724138 0.896552 0.931034 0.0812996 
0.758621 0.896552 0.931034 0.0807554 
0.793103 0.896552 0.931034 0.080384 
0.827586 0.896552 0.931034 0.0798043 
0.862069 0.896552 0.931034 0.081432 
0.896552 0.896552 0.931034 0.0804949 
0.931034 0.896552 0.931034 0.0794645 
0.965517 0.896552 0.931034 0.0802522 
1 0.896552 0.931034 0.0807818 
0 0.931034 0.931034 0.0807602 
0.0344828 0.931034 0.931034 0.0789732 
0.0689655 0.931034 0.931034 0.0801483 
0.103448 0.931034 0.931034 0.0795092 
0.137931 0.931034 0.931034 0.0796928 
0.172414 0.931034 0.931034 0.0791647 
0.206897 0.931034 0.931034 0.0783205 
0.241379 0.931034 0.931034 0.0800339 
0.275862 0.931034 0.931034 0.0806718 
0.310345 0.931034 0.931034 0.0808299 
0.344828 0.931034 0.931034 0.07909 
0.37931 0.931034 0.931034 0.0792229 
0.413793 0.931034 0.931034 0.0802781 
0.448276 0.931034 0.931034 0.0787911 
0.482759 0.931034 0.931034 0.0810799 
0.517241 0.931034 0.931034 0.0762735 
0.551724 0.931034 0.931034 0.079632 
0.586207 0.931034 0.931034 0.0800794 
0.62069 0.931034 0.931034 0.0758318 
0.655172 0.931034 0.931034 0.081713 
0.689655 0.931034 0.931034 0.0802901 
0.724138 0.931034 0.931034 0.080116 
0.758621 0.931034 0.931034 0.0803898 
0.793103 0.931034 0.931034 0.0791625 
0.827586 0.931034 0.931034 0.0792625 
0.862069 0.931034 0.931034 0.0801479 
0.896552 0.931034 0.931034 0.0792403 
0.931034 0.931034 0.931034 0.0807765 
0.965517 0.931034 0.931034 0.0778784 
1 0.931034 0.931034 0.0802315 
0 0.965517 0.931034 0.0791904 
0.0344828 0.965517 0.931034 0.0780815 
0.0689655 0.965517 0.931034 0.0789838 
0.103448 0.965517 0.931034 0.080375 
0.137931 0.965517 0.931034 0.0790846 
0.172414 0.965517 0.931034 0.0741991 
0.206897 0.965517 0.931034 0.0803723 
0.241379 0.965517 0.931034 0.0795107 
0.275862 0.965517 0.931034 0.0785329 
0.310345 0.965517 0.931034 0.0821442 
0.344828 0.965517 0.931034 0.0790067 
0.37931 0.965517 0.931034 0.0766055 
0.413793 0.965517 0.931034 0.0774012 
0.448276 0.965517 0.931034 0.0786332 
0.482759 0.965517 0.931034 0.0773459 
0.517241 0.965517 0.931034 0.0782551 
0.551724 0.965517 0.931034 0.0770461 
0.586207 0.965517 0.931034 0.0778291 
0.62069 0.965517 0.931034 0.0792462 
0.655172 0.965517 0.931034 0.079721 
0.689655 0.965517 0.931034 0.0799176 
0.724138 0.965517 0.931034 0.080272 
0.758621 0.965517 0.931034 0.0793107 
0.793103 0.965517 0.931034 0.0832677 
0.827586 0.965517 0.931034 0.0798061 
0.862069 0.965517 0.931034 0.0781229 
0.896552 0.965517 0.931034 0.077017 
0.931034 0.965517 0.931034 0.078603 
0.965517 0.965517 0.931034 0.0719098 
1 0.965517 0.931034 0.0803474 
0 1 0.931034 0.0789633 
0.0344828 1 0.931034 0.0790427 
0.0689655 1 0.931034 0.0803696 
0.103448 1 0.931034 0.0795041 
0.137931 1 0.931034 0.0797906 
0.172414 1 0.931034 0.0795476 
0.206897 1 0.931034 0.0785204 
0.241379 1 0.931034 0.0775898 
0.275862 1 0.931034 0.0774727 
0.310345 1 0.931034 0.0784 
0.344828 1 0.931034 0.0788423 
0.37931 1 0.931034 0.0803699 
0.413793 1 0.931034 0.0770961 
0.448276 1 0.931034 0.0794765 
0.482759 1 0.931034 0.0798477 
0.517241 1 0.931034 0.0788527 
0.551724 1 0.931034 0.0790232 
0.586207 1 0.931034 0.0778045 
0.62069 1 0.931034 0.0803892 
0.655172 1 0.931034 0.0803873 
0.689655 1 0.931034 0.0801431 
0.724138 1 0.931034 0.0813929 
0.758621 1 0.931034 0.0803874 
0.793103 1 0.931034 0.0774776 
0.827586 1 0.931034 0.0804698 
0.862069 1 0.931034 0.0800012 
0.896552 1 0.931034 0.0798656 
0.931034 1 0.931034 0.0811132 
0.965517 1 0.931034 0.0770821 
1 1 0.931034 0.0787402 
0 0 0.965517 0.0755851 
0.0344828 0 0.965517 0.0755851 
0.0689655 0 0.965517 0.0755851 
0.103448 0 0.965517 0.0755851 
0.137931 0 0.965517 0.0755851 
0.172414 0 0.965517 0.0755851 
0.206897 0 0.965517 0.0755851 
0.241379 0 0.965517 0.0755851 
0.275862 0 0.965517 0.0755851 
0.310345 0 0.965517 0.0755851 
0.344828 0 0.965517 0.0755851 
0.37931 0 0.965517 0.0755851 
0.413793 0 0.965517 0.0755851 
0.448276 0 0.965517 0.0755851 
0.482759 0 0.965517 0.0755851 
0.517241 0 0.965517 0.0755851 
0.551724 0 0.965517 0.0755851 
0.586207 0 0.965517 0.0755851 
0.62069 0 0.965517 0.0755851 
0.655172 0 0.965517 0.0755851 
0.689655 0 0.965517 0.0755851 
0.724138 0 0.965517 0.0755851 
0.758621 0 0.965517 0.0755851 
0.793103 0 0.965517 0.0755851 
0.827586 0 0.965517 0.0755851 
0.862069 0 0.965517 0.0755851 
0.896552 0 0.965517 0.0755851 
0.931034 0 0.965517 0.0755851 
0.965517 0 0.965517 0.0755851 
1 0 0.965517 0.0755851 
0 0.0344828 0.965517 0.0762507 
0.0344828 0.0344828 0.965517 0.075758 
0.0689655 0.0344828 0.965517 0.0763413 
0.103448 0.0344828 0.965517 0.0750559 
0.137931 0.0344828 0.965517 0.0751681 
0.172414 0.0344828 0.965517 0.0746634 
0.206897 0.0344828 0.965517 0.0727035 
0.241379 0.0344828 0.965517 0.0750683 
0.275862 0.0344828 0.965517 0.0740731 
0.310345 0.0344828 0.965517 0.0760547 
0.344828 0.0344828 0.965517 0.0745945 
0.37931 0.0344828 0.965517 0.0770554 
0.413793 0.0344828 0.965517 0.0739656 
0.448276 0.0344828 0.965517 0.0747584 
0.482759 0.0344828 0.965517 0.0713084 
0.517241 0.0344828 0.965517 0.0708979 
0.551724 0.0344828 0.965517 0.0759734 
0.586207 0.0344828 0.965517 0.0750621 
0.62069 0.0344828 0.965517 0.0758218 
0.655172 0.0344828 0.965517 0.0745247 
0.689655 0.0344828 0.965517 0.0745132 
0.724138 0.0344828 0.965517 0.07552 
0.758621 0.0344828 0.965517 0.0759457 
0.793103 0.0344828 0.965517 0.0748373 
0.827586 0.0344828 0.965517 0.0762745 
0.862069 0.0344828 0.965517 0.0762268 
0.896552 0.0344828 0.965517 0.0743293 
0.931034 0.0344828 0.965517 0.0746063 
0.965517 0.0344828 0.965517 0.0730755 
1 0.0344828 0.965517 0.0758824 
0 0.0689655 0.965517 0.0747199 
0.0344828 0.0689655 0.965517 0.0758256 
0.0689655 0.0689655 0.965517 0.073766 
0.103448 0.0689655 0.965517 0.0763775 
0.137931 0.0689655 0.965517 0.0734236 
0.172414 0.0689655 0.965517 0.0744071 
0.206897 0.0689655 0.965517 0.0749061 
0.241379 0.0689655 0.965517 0.0744153 
0.275862 0.0689655 0.965517 0.0750671 
0.310345 0.0689655 0.965517 0.0759391 
0.344828 0.0689655 0.965517 0.0745835 
0.37931 0.0689655 0.965517 0.0748384 
0.413793 0.0689655 0.965517 0.0742829 
0.448276 0.0689655 0.965517 0.076035 
0.482759 0.0689655 0.965517 0.0738787 
0.517241 0.0689655 0.965517 0.0762665 
0.551724 0.0689655 0.965517 0.0772118 
0.586207 0.0689655 0.965517 0.0760814 
0.62069 0.0689655 0.965517 0.0732022 
0.655172 0.0689655 0.965517 0.0750178 
0.689655 0.0689655 0.965517 0.0763142 
0.724138 0.0689655 0.965517 0.0766262 
0.758621 0.0689655 0.965517 0.0744726 
0.793103 0.0689655 0.965517 0.0746786 
0.827586 0.0689655 0.965517 0.0758282 
0.862069 0.0689655 0.965517 0.0757939 
0.896552 0.0689655 0.965517 0.0724735 
0.931034 0.0689655 0.965517 0.0766967 
0.965517 0.0689655 0.965517 0.0763849 
1 0.0689655 0.965517 0.0744643 
0 0.103448 0.965517 0.0748908 
0.0344828 0.103448 0.965517 0.074556 
0.0689655 0.103448 0.965517 0.0679386 
0.103448 0.103448 0.965517 0.0739778 
0.137931 0.103448 0.965517 0.0761381 
0.172414 0.103448 0.965517 0.074732 
0.206897 0.103448 0.965517 0.0734132 
0.241379 0.103448 0.965517 0.0756973 
0.275862 0.103448 0.965517 0.073861 
0.310345 0.103448 0.965517 0.0666908 
0.344828 0.103448 0.965517 0.0768825 
0.37931 0.103448 0.965517 0.0752847 
0.413793 0.103448 0.965517 0.0745649 
0.448276 0.103448 0.965517 0.0751665 
0.482759 0.103448 0.965517 0.0757881 
0.517241 0.103448 0.965517 0.0748821 
0.551724 0.103448 0.965517 0.0738274 
0.586207 0.103448 0.965517 0.0744743 
0.62069 0.103448 0.965517 0.0757123 
0.655172 0.103448 0.965517 0.0659211 
0.689655 0.103448 0.965517 0.0755863 
0.724138 0.103448 0.965517 0.0747454 
0.758621 0.103448 0.965517 0.0770507 
0.793103 0.103448 0.965517 0.0751778 
0.827586 0.103448 0.965517 0.0740411 
0.862069 0.103448 0.965517 0.0750263 
0.896552 0.103448 0.965517 0.0750536 
0.931034 0.103448 0.965517 0.0755378 
0.965517 0.103448 0.965517 0.0726636 
1 0.103448 0.965517 0.0748672 
0 0.137931 0.965517 0.0721258 
0.0344828 0.137931 0.965517 0.074791 
0.0689655 0.137931 0.965517 0.0767711 
0.103448 0.137931 0.965517 0.0735203 
0.137931 0.137931 0.965517 0.0758249 
0.172414 0.137931 0.965517 0.0750551 
0.206897 0.137931 0.965517 0.0737668 
0.241379 0.137931 0.965517 0.0749918 
0.275862 0.137931 0.965517 0.0756508 
0.310345 0.137931 0.965517 0.0742461 
0.344828 0.137931 0.965517 0.0756194 
0.37931 0.137931 0.965517 0.0737982 
0.413793 0.137931 0.965517 0.075231 
0.448276 0.137931 0.965517 0.0757322 
0.482759 0.137931 0.965517 0.0753818 
0.517241 0.137931 0.965517 0.0737949 
0.551724 0.137931 0.965517 0.0768589 
0.586207 0.137931 0.965517 0.074649 
0.62069 0.137931 0.965517 0.0738753 
0.655172 0.137931 0.965517 0.0669317 
0.689655 0.137931 0.965517 0.0748306 
0.724138 0.137931 0.965517 0.0755458 
0.758621 0.137931 0.965517 0.0744328 
0.793103 0.137931 0.965517 0.0741185 
0.827586 0.137931 0.965517 0.0733249 
0.862069 0.137931 0.965517 0.0753945 
0.896552 0.137931 0.965517 0.0749435 
0.931034 0.137931 0.965517 0.0684543 
0.965517 0.137931 0.965517 0.0757699 
1 0.137931 0.965517 0.0727807 
0 0.172414 0.965517 0.0758871 
0.0344828 0.172414 0.965517 0.0761468 
0.0689655 0.172414 0.965517 0.0756132 
0.103448 0.172414 0.965517 0.0772974 
0.137931 0.172414 0.965517 0.0764675 
0.172414 0.172414 0.965517 0.0753172 
0.206897 0.172414 0.965517 0.0748486 
0.241379 0.172414 0.965517 0.0749957 
0.275862 0.172414 0.965517 0.07445 
0.310345 0.172414 0.965517 0.0761815 
0.344828 0.172414 0.965517 0.0767699 
0.37931 0.172414 0.965517 0.0737752 
0.413793 0.172414 0.965517 0.0748864 
0.448276 0.172414 0.965517 0.0728872 
0.482759 0.172414 0.965517 0.0753905 
0.517241 0.172414 0.965517 0.0765232 
0.551724 0.172414 0.965517 0.0730064 
0.586207 0.172414 0.965517 0.0741282 
0.62069 0.172414 0.965517 0.0765117 
0.655172 0.172414 0.965517 0.0732195 
0.689655 0.172414 0.965517 0.0747092 
0.724138 0.172414 0.965517 0.0748418 
0.758621 0.172414 0.965517 0.0756433 
0.793103 0.172414 0.965517 0.0747061 
0.827586 0.172414 0.965517 0.0725821 
0.862069 0.172414 0.965517 0.0759518 
0.896552 0.172414 0.965517 0.0760605 
0.931034 0.172414 0.965517 0.075098 
0.965517 0.172414 0.965517 0.0747525 
1 0.172414 0.965517 0.0755566 
0 0.206897 0.965517 0.0754746 
0.0344828 0.206897 0.965517 0.0735596 
0.0689655 0.206897 0.965517 0.0699734 
0.103448 0.206897 0.965517 0.0753379 
0.137931 0.206897 0.965517 0.0743427 
0.172414 0.206897 0.965517 0.0740856 
0.206897 0.206897 0.965517 0.0757477 
0.241379 0.206897 0.965517 0.0744549 
0.275862 0.206897 0.965517 0.0747833 
0.310345 0.206897 0.965517 0.0762552 
0.344828 0.206897 0.965517 0.0752462 
0.37931 0.206897 0.965517 0.074643 
0.413793 0.206897 0.965517 0.0737114 
0.448276 0.206897 0.965517 0.073148 
0.482759 0.206897 0.965517 0.074372 
0.517241 0.206897 0.965517 0.0719168 
0.551724 0.206897 0.965517 0.0742208 
0.586207 0.206897 0.965517 0.0747294 
0.62069 0.206897 0.965517 0.0749852 
0.655172 0.206897 0.965517 0.0750745 
0.689655 0.206897 0.965517 0.0747828 
0.724138 0.206897 0.965517 0.0724517 
0.758621 0.206897 0.965517 0.0759216 
0.793103 0.206897 0.965517 0.0714643 
0.827586 0.206897 0.965517 0.0752463 
0.862069 0.206897 0.965517 0.0761031 
0.896552 0.206897 0.965517 0.0763913 
0.931034 0.206897 0.965517 0.0762132 
0.965517 0.206897 0.965517 0.0735274 
1 0.206897 0.965517 0.0747141 
0 0.241379 0.965517 0.0742514 
0.0344828 0.241379 0.965517 0.0768234 
0.0689655 0.241379 0.965517 0.0742433 
0.103448 0.241379 0.965517 0.0736076 
0.137931 0.241379 0.965517 0.0624824 
0.172414 0.241379 0.965517 0.0741848 
0.206897 0.241379 0.965517 0.0756287 
0.241379 0.241379 0.965517 0.0738567 
0.275862 0.241379 0.965517 0.0734955 
0.310345 0.241379 0.965517 0.0753619 
0.344828 0.241379 0.965517 0.0756359 
0.37931 0.241379 0.965517 0.075911 
0.413793 0.241379 0.965517 0.0761303 
0.448276 0.241379 0.965517 0.0755434 
0.482759 0.241379 0.965517 0.0754518 
0.517241 0.241379 0.965517 0.0739827 
0.551724 0.241379 0.965517 0.0737216 
0.586207 0.241379 0.965517 0.0646675 
0.62069 0.241379 0.965517 0.0743543 
0.655172 0.241379 0.965517 0.0761743 
0.689655 0.241379 0.965517 0.0728366 
0.724138 0.241379 0.965517 0.0739878 
0.758621 0.241379 0.965517 0.0769268 
0.793103 0.241379 0.965517 0.0754522 
0.827586 0.241379 0.965517 0.075051 
0.862069 0.241379 0.965517 0.0743344 
0.896552 0.241379 0.965517 0.0752137 
0.931034 0.241379 0.965517 0.0735776 
0.965517 0.241379 0.965517 0.0754958 
1 0.241379 0.965517 0.0746502 
0 0.275862 0.965517 0.0742222 
0.0344828 0.275862 0.965517 0.0726438 
0.0689655 0.275862 0.965517 0.0726795 
0.103448 0.275862 0.965517 0.0747659 
0.137931 0.275862 0.965517 0.0737837 
0.172414 0.275862 0.965517 0.0737489 
0.206897 0.275862 0.965517 0.0709135 
0.241379 0.275862 0.965517 0.0750008 
0.275862 0.275862 0.965517 0.0730903 
0.310345 0.275862 0.965517 0.0752064 
0.344828 0.275862 0.965517 0.07643 
0.37931 0.275862 0.965517 0.0738449 
0.413793 0.275862 0.965517 0.0740936 
0.448276 0.275862 0.965517 0.075163 
0.482759 0.275862 0.965517 0.0700664 
0.517241 0.275862 0.965517 0.0734854 
0.551724 0.275862 0.965517 0.0749502 
0.586207 0.275862 0.965517 0.0748621 
0.62069 0.275862 0.965517 0.0747145 
0.655172 0.275862 0.965517 0.075176 
0.689655 0.275862 0.965517 0.077438 
0.724138 0.275862 0.965517 0.0748108 
0.758621 0.275862 0.965517 0.0750034 
0.793103 0.275862 0.965517 0.0753462 
0.827586 0.275862 0.965517 0.0744079 
0.862069 0.275862 0.965517 0.0749913 
0.896552 0.275862 0.965517 0.0645667 
0.931034 0.275862 0.965517 0.0749434 
0.965517 0.275862 0.965517 0.071707 
1 0.275862 0.965517 0.0733641 
0 0.310345 0.965517 0.0730998 
0.0344828 0.310345 0.965517 0.0731046 
0.0689655 0.310345 0.965517 0.0756177 
0.103448 0.310345 0.965517 0.0736871 
0.137931 0.310345 0.965517 0.075546 
0.172414 0.310345 0.965517 0.0748959 
0.206897 0.310345 0.965517 0.0735308 
0.241379 0.310345 0.965517 0.0737849 
0.275862 0.310345 0.965517 0.0733024 
0.310345 0.310345 0.965517 0.0720769 
0.344828 0.310345 0.965517 0.0734341 
0.37931 0.310345 0.965517 0.0736942 
0.413793 0.310345 0.965517 0.0749525 
0.448276 0.310345 0.965517 0.0622071 
0.482759 0.310345 0.965517 0.0738159 
0.517241 0.310345 0.965517 0.0751989 
0.551724 0.310345 0.965517 0.0721993 
0.586207 0.310345 0.965517 0.0767427 
0.62069 0.310345 0.965517 0.0748882 
0.655172 0.310345 0.965517 0.0742468 
0.689655 0.310345 0.965517 0.062215 
0.724138 0.310345 0.965517 0.0733081 
0.758621 0.310345 0.965517 0.073782 
0.793103 0.310345 0.965517 0.0769203 
0.827586 0.310345 0.965517 0.0767026 
0.862069 0.310345 0.965517 0.0736786 
0.896552 0.310345 0.965517 0.0745157 
0.931034 0.310345 0.965517 0.0746184 
0.965517 0.310345 0.965517 0.0746406 
1 0.310345 0.965517 0.0745315 
0 0.344828 0.965517 0.0752848 
0.0344828 0.344828 0.965517 0.075039 
0.0689655 0.344828 0.965517 0.0709323 
0.103448 0.344828 0.965517 0.0752418 
0.137931 0.344828 0.965517 0.0742385 
0.172414 0.344828 0.965517 0.0737518 
0.206897 0.344828 0.965517 0.0712957 
0.241379 0.344828 0.965517 0.0721283 
0.275862 0.344828 0.965517 0.0723445 
0.310345 0.344828 0.965517 0.0698538 
0.344828 0.344828 0.965517 0.0751286 
0.37931 0.344828 0.965517 0.0734901 
0.413793 0.344828 0.965517 0.074746 
0.448276 0.344828 0.965517 0.0719726 
0.482759 0.344828 0.965517 0.0736289 
0.517241 0.344828 0.965517 0.0750892 
0.551724 0.344828 0.965517 0.0750583 
0.586207 0.344828 0.965517 0.0735681 
0.62069 0.344828 0.965517 0.0730022 
0.655172 0.344828 0.965517 0.0744721 
0.689655 0.344828 0.965517 0.0748119 
0.724138 0.344828 0.965517 0.0734972 
0.758621 0.344828 0.965517 0.0734344 
0.793103 0.344828 0.965517 0.0759894 
0.827586 0.344828 0.965517 0.0731866 
0.862069 0.344828 0.965517 0.0753297 
0.896552 0.344828 0.965517 0.0745911 
0.931034 0.344828 0.965517 0.0753715 
0.965517 0.344828 0.965517 0.0698972 
1 0.344828 0.965517 0.0747418 
0 0.37931 0.965517 0.0732941 
0.0344828 0.37931 0.965517 0.0753734 
0.0689655 0.37931 0.965517 0.0724751 
0.103448 0.37931 0.965517 0.0734172 
0.137931 0.37931 0.965517 0.0698906 
0.172414 0.37931 0.965517 0.0749564 
0.206897 0.37931 0.965517 0.074885 
0.241379 0.37931 0.965517 0.0739185 
0.275862 0.37931 0.965517 0.0732519 
0.310345 0.37931 0.965517 0.0735357 
0.344828 0.37931 0.965517 0.0729199 
0.37931 0.37931 0.965517 0.0756471 
0.413793 0.37931 0.965517 0.0731844 
0.448276 0.37931 0.965517 0.0735023 
0.482759 0.37931 0.965517 0.0740291 
0.517241 0.37931 0.965517 0.0696029 
0.551724 0.37931 0.965517 0.074043 
0.586207 0.37931 0.965517 0.0734085 
0.62069 0.37931 0.965517 0.0751796 
0.655172 0.37931 0.965517 0.0735258 
0.689655 0.37931 0.965517 0.0746791 
0.724138 0.37931 0.965517 0.0704707 
0.758621 0.37931 0.965517 0.0748799 
0.793103 0.37931 0.965517 0.0748447 
0.827586 0.37931 0.965517 0.0705955 
0.862069 0.37931 0.965517 0.0738053 
0.896552 0.37931 0.965517 0.0757156 
0.931034 0.37931 0.965517 0.0752424 
0.965517 0.37931 0.965517 0.0740992 
1 0.37931 0.965517 0.0694433 
0 0.413793 0.965517 0.0747072 
0.0344828 0.413793 0.965517 0.0756148 
0.0689655 0.413793 0.965517 0.0749749 
0.103448 0.413793 0.965517 0.0725946 
0.137931 0.413793 0.965517 0.075229 
0.172414 0.413793 0.965517 0.0735246 
0.206897 0.413793 0.965517 0.0741073 
0.241379 0.413793 0.965517 0.0736321 
0.275862 0.413793 0.965517 0.0754883 
0.310345 0.413793 0.965517 0.0734482 
0.344828 0.413793 0.965517 0.0743635 
0.37931 0.413793 0.965517 0.0693086 
0.413793 0.413793 0.965517 0.0732969 
0.448276 0.413793 0.965517 0.0734691 
0.482759 0.413793 0.965517 0.0719796 
0.517241 0.413793 0.965517 0.0716715 
0.551724 0.413793 0.965517 0.0719967 
0.586207 0.413793 0.965517 0.0739078 
0.62069 0.413793 0.965517 0.0703544 
0.655172 0.413793 0.965517 0.0705776 
0.689655 0.413793 0.965517 0.0727769 
0.724138 0.413793 0.965517 0.0714244 
0.758621 0.413793 0.965517 0.0747526 
0.793103 0.413793 0.965517 0.0742211 
0.827586 0.413793 0.965517 0.0747715 
0.862069 0.413793 0.965517 0.0701652 
0.896552 0.413793 0.965517 0.0719647 
0.931034 0.413793 0.965517 0.0733884 
0.965517 0.413793 0.965517 0.0734103 
1 0.413793 0.965517 0.0735279 
0 0.448276 0.965517 0.0755854 
0.0344828 0.448276 0.965517 0.0740313 
0.0689655 0.448276 0.965517 0.0736192 
0.103448 0.448276 0.965517 0.0734941 
0.137931 0.448276 0.965517 0.0736957 
0.172414 0.448276 0.965517 0.0747552 
0.206897 0.448276 0.965517 0.0761607 
0.241379 0.448276 0.965517 0.0735804 
0.275862 0.448276 0.965517 0.0723203 
0.310345 0.448276 0.965517 0.0732378 
0.344828 0.448276 0.965517 0.0721725 
0.37931 0.448276 0.965517 0.0750808 
0.413793 0.448276 0.965517 0.0751636 
0.448276 0.448276 0.965517 0.0743526 
0.482759 0.448276 0.965517 0.0743769 
0.517241 0.448276 0.965517 0.0741057 
0.551724 0.448276 0.965517 0.0741425 
0.586207 0.448276 0.965517 0.0723049 
0.62069 0.448276 0.965517 0.0741905 
0.655172 0.448276 0.965517 0.0738544 
0.689655 0.448276 0.965517 0.072062 
0.724138 0.448276 0.965517 0.0743207 
0.758621 0.448276 0.965517 0.0732477 
0.793103 0.448276 0.965517 0.0730877 
0.827586 0.448276 0.965517 0.0731429 
0.862069 0.448276 0.965517 0.075957 
0.896552 0.448276 0.965517 0.0742724 
0.931034 0.448276 0.965517 0.0729747 
0.965517 0.448276 0.965517 0.0732885 
1 0.448276 0.965517 0.0700724 
0 0.482759 0.965517 0.0728854 
0.0344828 0.482759 0.965517 0.0739772 
0.0689655 0.482759 0.965517 0.0773467 
0.103448 0.482759 0.965517 0.0724572 
0.137931 0.482759 0.965517 0.0745505 
0.172414 0.482759 0.965517 0.0743242 
0.206897 0.482759 0.965517 0.0660546 
0.241379 0.482759 0.965517 0.0748449 
0.275862 0.482759 0.965517 0.0732905 
0.310345 0.482759 0.965517 0.0733105 
0.344828 0.482759 0.965517 0.0737291 
0.37931 0.482759 0.965517 0.0742323 
0.413793 0.482759 0.965517 0.0741611 
0.448276 0.482759 0.965517 0.0739718 
0.482759 0.482759 0.965517 0.0749194 
0.517241 0.482759 0.965517 0.0693182 
0.551724 0.482759 0.965517 0.0750778 
0.586207 0.482759 0.965517 0.0744382 
0.62069 0.482759 0.965517 0.0724605 
0.655172 0.482759 0.965517 0.073335 
0.689655 0.482759 0.965517 0.0745308 
0.724138 0.482759 0.965517 0.0741011 
0.758621 0.482759 0.965517 0.0747567 
0.793103 0.482759 0.965517 0.0720795 
0.827586 0.482759 0.965517 0.0741604 
0.862069 0.482759 0.965517 0.0742624 
0.896552 0.482759 0.965517 0.0744735 
0.931034 0.482759 0.965517 0.0772978 
0.965517 0.482759 0.965517 0.0744178 
1 0.482759 0.965517 0.0732537 
0 0.517241 0.965517 0.0718345 
0.0344828 0.517241 0.965517 0.0714349 
0.0689655 0.517241 0.965517 0.0747283 
0.103448 0.517241 0.965517 0.0742351 
0.137931 0.517241 0.965517 0.0728716 
0.172414 0.517241 0.965517 0.0747876 
0.206897 0.517241 0.965517 0.0726075 
0.241379 0.517241 0.965517 0.0724817 
0.275862 0.517241 0.965517 0.0743359 
0.310345 0.517241 0.965517 0.0728445 
0.344828 0.517241 0.965517 0.0709298 
0.37931 0.517241 0.965517 0.0735565 
0.413793 0.517241 0.965517 0.0728313 
0.448276 0.517241 0.965517 0.0732601 
0.482759 0.517241 0.965517 0.0742769 
0.517241 0.517241 0.965517 0.073137 
0.551724 0.517241 0.965517 0.07366 
0.586207 0.517241 0.965517 0.0741649 
0.62069 0.517241 0.965517 0.0738508 
0.655172 0.517241 0.965517 0.0686984 
0.689655 0.517241 0.965517 0.0744028 
0.724138 0.517241 0.965517 0.0734668 
0.758621 0.517241 0.965517 0.0739502 
0.793103 0.517241 0.965517 0.0740906 
0.827586 0.517241 0.965517 0.0723119 
0.862069 0.517241 0.965517 0.0631365 
0.896552 0.517241 0.965517 0.0747019 
0.931034 0.517241 0.965517 0.0625643 
0.965517 0.517241 0.965517 0.0730406 
1 0.517241 0.965517 0.0746836 
0 0.551724 0.965517 0.073892 
0.0344828 0.551724 0.965517 0.0748005 
0.0689655 0.551724 0.965517 0.0730759 
0.103448 0.551724 0.965517 0.0729189 
0.137931 0.551724 0.965517 0.0735136 
0.172414 0.551724 0.965517 0.0720772 
0.206897 0.551724 0.965517 0.0728821 
0.241379 0.551724 0.965517 0.0743533 
0.275862 0.551724 0.965517 0.0738148 
0.310345 0.551724 0.965517 0.0727271 
0.344828 0.551724 0.965517 0.0733745 
0.37931 0.551724 0.965517 0.0748351 
0.413793 0.551724 0.965517 0.0731712 
0.448276 0.551724 0.965517 0.0745174 
0.482759 0.551724 0.965517 0.0715013 
0.517241 0.551724 0.965517 0.0745058 
0.551724 0.551724 0.965517 0.0690682 
0.586207 0.551724 0.965517 0.0760924 
0.62069 0.551724 0.965517 0.073586 
0.655172 0.551724 0.965517 0.072185 
0.689655 0.551724 0.965517 0.0737163 
0.724138 0.551724 0.965517 0.0742478 
0.758621 0.551724 0.965517 0.0709741 
0.793103 0.551724 0.965517 0.0714048 
0.827586 0.551724 0.965517 0.0752856 
0.862069 0.551724 0.965517 0.0733572 
0.896552 0.551724 0.965517 0.0740977 
0.931034 0.551724 0.965517 0.0679505 
0.965517 0.551724 0.965517 0.0728374 
1 0.551724 0.965517 0.0731898 
0 0.586207 0.965517 0.0724457 
0.0344828 0.586207 0.965517 0.0726067 
0.0689655 0.586207 0.965517 0.0739226 
0.103448 0.586207 0.965517 0.0725696 
0.137931 0.586207 0.965517 0.0728503 
0.172414 0.586207 0.965517 0.0733634 
0.206897 0.586207 0.965517 0.0734124 
0.241379 0.586207 0.965517 0.0732652 
0.275862 0.586207 0.965517 0.073848 
0.310345 0.586207 0.965517 0.0688408 
0.344828 0.586207 0.965517 0.0744943 
0.37931 0.586207 0.965517 0.0734559 
0.413793 0.586207 0.965517 0.0724205 
0.448276 0.586207 0.965517 0.0740036 
0.482759 0.586207 0.965517 0.0728936 
0.517241 0.586207 0.965517 0.0710598 
0.551724 0.586207 0.965517 0.0734698 
0.586207 0.586207 0.965517 0.0724511 
0.62069 0.586207 0.965517 0.0739244 
0.655172 0.586207 0.965517 0.0722188 
0.689655 0.586207 0.965517 0.0747853 
0.724138 0.586207 0.965517 0.0738783 
0.758621 0.586207 0.965517 0.0732992 
0.793103 0.586207 0.965517 0.0738816 
0.827586 0.586207 0.965517 0.0719465 
0.862069 0.586207 0.965517 0.0745406 
0.896552 0.586207 0.965517 0.0742793 
0.931034 0.586207 0.965517 0.0717795 
0.965517 0.586207 0.965517 0.0742138 
1 0.586207 0.965517 0.0700972 
0 0.62069 0.965517 0.0723023 
0.0344828 0.62069 0.965517 0.0734142 
0.0689655 0.62069 0.965517 0.0703814 
0.103448 0.62069 0.965517 0.0710547 
0.137931 0.62069 0.965517 0.0729266 
0.172414 0.62069 0.965517 0.073835 
0.206897 0.62069 0.965517 0.0738602 
0.241379 0.62069 0.965517 0.0725446 
0.275862 0.62069 0.965517 0.0707466 
0.310345 0.62069 0.965517 0.0735432 
0.344828 0.62069 0.965517 0.0740717 
0.37931 0.62069 0.965517 0.0739473 
0.413793 0.62069 0.965517 0.0738783 
0.448276 0.62069 0.965517 0.072736 
0.482759 0.62069 0.965517 0.0737482 
0.517241 0.62069 0.965517 0.0718184 
0.551724 0.62069 0.965517 0.0746224 
0.586207 0.62069 0.965517 0.0730494 
0.62069 0.62069 0.965517 0.0712416 
0.655172 0.62069 0.965517 0.0731874 
0.689655 0.62069 0.965517 0.0732251 
0.724138 0.62069 0.965517 0.0741603 
0.758621 0.62069 0.965517 0.0733352 
0.793103 0.62069 0.965517 0.072958 
0.827586 0.62069 0.965517 0.0735582 
0.862069 0.62069 0.965517 0.0721051 
0.896552 0.62069 0.965517 0.0716278 
0.931034 0.62069 0.965517 0.0724698 
0.965517 0.62069 0.965517 0.0747334 
1 0.62069 0.965517 0.0732442 
0 0.655172 0.965517 0.07221 
0.0344828 0.655172 0.965517 0.0726125 
0.0689655 0.655172 0.965517 0.0715748 
0.103448 0.655172 0.965517 0.073699 
0.137931 0.655172 0.965517 0.0728496 
0.172414 0.655172 0.965517 0.0726696 
0.206897 0.655172 0.965517 0.0725446 
0.241379 0.655172 0.965517 0.0723744 
0.275862 0.655172 0.965517 0.0711713 
0.310345 0.655172 0.965517 0.0739598 
0.344828 0.655172 0.965517 0.0728745 
0.37931 0.655172 0.965517 0.0721856 
0.413793 0.655172 0.965517 0.0710821 
0.448276 0.655172 0.965517 0.0712078 
0.482759 0.655172 0.965517 0.07343 
0.517241 0.655172 0.965517 0.0745634 
0.551724 0.655172 0.965517 0.0753186 
0.586207 0.655172 0.965517 0.07319 
0.62069 0.655172 0.965517 0.0739299 
0.655172 0.655172 0.965517 0.0731529 
0.689655 0.655172 0.965517 0.0724085 
0.724138 0.655172 0.965517 0.0741389 
0.758621 0.655172 0.965517 0.0743984 
0.793103 0.655172 0.965517 0.0724922 
0.827586 0.655172 0.965517 0.0752653 
0.862069 0.655172 0.965517 0.0737826 
0.896552 0.655172 0.965517 0.0732981 
0.931034 0.655172 0.965517 0.0713289 
0.965517 0.655172 0.965517 0.072843 
1 0.655172 0.965517 0.0713842 
0 0.689655 0.965517 0.0714174 
0.0344828 0.689655 0.965517 0.0730715 
0.0689655 0.689655 0.965517 0.0714538 
0.103448 0.689655 0.965517 0.0713042 
0.137931 0.689655 0.965517 0.07352 
0.172414 0.689655 0.965517 0.0704378 
0.206897 0.689655 0.965517 0.0723265 
0.241379 0.689655 0.965517 0.0733364 
0.275862 0.689655 0.965517 0.0725605 
0.310345 0.689655 0.965517 0.0740164 
0.344828 0.689655 0.965517 0.0721501 
0.37931 0.689655 0.965517 0.073641 
0.413793 0.689655 0.965517 0.0745387 
0.448276 0.689655 0.965517 0.0726531 
0.482759 0.689655 0.965517 0.0733119 
0.517241 0.689655 0.965517 0.0740613 
0.551724 0.689655 0.965517 0.0733117 
0.586207 0.689655 0.965517 0.0736338 
0.62069 0.689655 0.965517 0.0724002 
0.655172 0.689655 0.965517 0.0720573 
0.689655 0.689655 0.965517 0.0716602 
0.724138 0.689655 0.965517 0.0739622 
0.758621 0.689655 0.965517 0.0717691 
0.793103 0.689655 0.965517 0.0734416 
0.827586 0.689655 0.965517 0.0738712 
0.862069 0.689655 0.965517 0.0739724 
0.896552 0.689655 0.965517 0.0721967 
0.931034 0.689655 0.965517 0.0730726 
0.965517 0.689655 0.965517 0.0704464 
1 0.689655 0.965517 0.071093 
0 0.724138 0.965517 0.0706342 
0.0344828 0.724138 0.965517 0.072303 
0.0689655 0.724138 0.965517 0.0733197 
0.103448 0.724138 0.965517 0.073894 
0.137931 0.724138 0.965517 0.0720901 
0.172414 0.724138 0.965517 0.0687862 
0.206897 0.724138 0.965517 0.0718365 
0.241379 0.724138 0.965517 0.0739821 
0.275862 0.724138 0.965517 0.0730321 
0.310345 0.724138 0.965517 0.0736528 
0.344828 0.724138 0.965517 0.0745672 
0.37931 0.724138 0.965517 0.0749803 
0.413793 0.724138 0.965517 0.0726841 
0.448276 0.724138 0.965517 0.0727904 
0.482759 0.724138 0.965517 0.073952 
0.517241 0.724138 0.965517 0.0734324 
0.551724 0.724138 0.965517 0.0719458 
0.586207 0.724138 0.965517 0.0749497 
0.62069 0.724138 0.965517 0.074035 
0.655172 0.724138 0.965517 0.0733212 
0.689655 0.724138 0.965517 0.0708676 
0.724138 0.724138 0.965517 0.0690196 
0.758621 0.724138 0.965517 0.0715977 
0.793103 0.724138 0.965517 0.0725364 
0.827586 0.724138 0.965517 0.0733635 
0.862069 0.724138 0.965517 0.0725675 
0.896552 0.724138 0.965517 0.0731726 
0.931034 0.724138 0.965517 0.0741663 
0.965517 0.724138 0.965517 0.0737603 
1 0.724138 0.965517 0.0735863 
0 0.758621 0.965517 0.0746886 
0.0344828 0.758621 0.965517 0.0737092 
0.0689655 0.758621 0.965517 0.0735137 
0.103448 0.758621 0.965517 0.0731162 
0.137931 0.758621 0.965517 0.0736329 
0.172414 0.758621 0.965517 0.0736547 
0.206897 0.758621 0.965517 0.0729109 
0.241379 0.758621 0.965517 0.0724475 
0.275862 0.758621 0.965517 0.0736723 
0.310345 0.758621 0.965517 0.0721903 
0.344828 0.758621 0.965517 0.0744388 
0.37931 0.758621 0.965517 0.0738553 
0.413793 0.758621 0.965517 0.0731672 
0.448276 0.758621 0.965517 0.0678313 
0.482759 0.758621 0.965517 0.0737035 
0.517241 0.758621 0.965517 0.0734883 
0.551724 0.758621 0.965517 0.0734566 
0.586207 0.758621 0.965517 0.0716281 
0.62069 0.758621 0.965517 0.0717414 
0.655172 0.758621 0.965517 0.0726165 
0.689655 0.758621 0.965517 0.0731001 
0.724138 0.758621 0.965517 0.0728915 
0.758621 0.758621 0.965517 0.0738498 
0.793103 0.758621 0.965517 0.0739691 
0.827586 0.758621 0.965517 0.073344 
0.862069 0.758621 0.965517 0.0715413 
0.896552 0.758621 0.965517 0.07352 
0.931034 0.758621 0.965517 0.0739778 
0.965517 0.758621 0.965517 0.0692693 
1 0.758621 0.965517 0.0748763 
0 0.793103 0.965517 0.0734911 
0.0344828 0.793103 0.965517 0.0738875 
0.0689655 0.793103 0.965517 0.0722734 
0.103448 0.793103 0.965517 0.0719634 
0.137931 0.793103 0.965517 0.0722084 
0.172414 0.793103 0.965517 0.0733714 
0.206897 0.793103 0.965517 0.0713398 
0.241379 0.793103 0.965517 0.0737574 
0.275862 0.793103 0.965517 0.0730984 
0.310345 0.793103 0.965517 0.071736 
0.344828 0.793103 0.965517 0.0727052 
0.37931 0.793103 0.965517 0.070489 
0.413793 0.793103 0.965517 0.0717751 
0.448276 0.793103 0.965517 0.0706535 
0.482759 0.793103 0.965517 0.0730514 
0.517241 0.793103 0.965517 0.0721407 
0.551724 0.793103 0.965517 0.0735704 
0.586207 0.793103 0.965517 0.0741641 
0.62069 0.793103 0.965517 0.0724997 
0.655172 0.793103 0.965517 0.0717901 
0.689655 0.793103 0.965517 0.0734187 
0.724138 0.793103 0.965517 0.0737344 
0.758621 0.793103 0.965517 0.0722373 
0.793103 0.793103 0.965517 0.0724381 
0.827586 0.793103 0.965517 0.0728914 
0.862069 0.793103 0.965517 0.0711319 
0.896552 0.793103 0.965517 0.073677 
0.931034 0.793103 0.965517 0.0730685 
0.965517 0.793103 0.965517 0.0749338 
1 0.793103 0.965517 0.0726897 
0 0.827586 0.965517 0.0734126 
0.0344828 0.827586 0.965517 0.0721462 
0.0689655 0.827586 0.965517 0.0736039 
0.103448 0.827586 0.965517 0.0740162 
0.137931 0.827586 0.965517 0.0725635 
0.172414 0.827586 0.965517 0.0733517 
0.206897 0.827586 0.965517 0.0748382 
0.241379 0.827586 0.965517 0.0729923 
0.275862 0.827586 0.965517 0.0727024 
0.310345 0.827586 0.965517 0.0732343 
0.344828 0.827586 0.965517 0.071763 
0.37931 0.827586 0.965517 0.0727702 
0.413793 0.827586 0.965517 0.0705961 
0.448276 0.827586 0.965517 0.0705432 
0.482759 0.827586 0.965517 0.0732522 
0.517241 0.827586 0.965517 0.0722961 
0.551724 0.827586 0.965517 0.0721488 
0.586207 0.827586 0.965517 0.0730983 
0.62069 0.827586 0.965517 0.0738436 
0.655172 0.827586 0.965517 0.0716036 
0.689655 0.827586 0.965517 0.0710087 
0.724138 0.827586 0.965517 0.0717582 
0.758621 0.827586 0.965517 0.0733189 
0.793103 0.827586 0.965517 0.0717928 
0.827586 0.827586 0.965517 0.0719367 
0.862069 0.827586 0.965517 0.0722598 
0.896552 0.827586 0.965517 0.0732304 
0.931034 0.827586 0.965517 0.075039 
0.965517 0.827586 0.965517 0.0719938 
1 0.827586 0.965517 0.0737184 
0 0.862069 0.965517 0.0726712 
0.0344828 0.862069 0.965517 0.0726976 
0.0689655 0.862069 0.965517 0.0712543 
0.103448 0.862069 0.965517 0.071852 
0.137931 0.862069 0.965517 0.0732633 
0.172414 0.862069 0.965517 0.074674 
0.206897 0.862069 0.965517 0.071848 
0.241379 0.862069 0.965517 0.0743146 
0.275862 0.862069 0.965517 0.0727147 
0.310345 0.862069 0.965517 0.0734719 
0.344828 0.862069 0.965517 0.0722098 
0.37931 0.862069 0.965517 0.0697657 
0.413793 0.862069 0.965517 0.072745 
0.448276 0.862069 0.965517 0.0663726 
0.482759 0.862069 0.965517 0.0713787 
0.517241 0.862069 0.965517 0.0725249 
0.551724 0.862069 0.965517 0.0736331 
0.586207 0.862069 0.965517 0.0727923 
0.62069 0.862069 0.965517 0.0715722 
0.655172 0.862069 0.965517 0.0727665 
0.689655 0.862069 0.965517 0.0730942 
0.724138 0.862069 0.965517 0.0701773 
0.758621 0.862069 0.965517 0.0734726 
0.793103 0.862069 0.965517 0.0738099 
0.827586 0.862069 0.965517 0.0686656 
0.862069 0.862069 0.965517 0.0718444 
0.896552 0.862069 0.965517 0.0732244 
0.931034 0.862069 0.965517 0.0732068 
0.965517 0.862069 0.965517 0.0722646 
1 0.862069 0.965517 0.0715689 
0 0.896552 0.965517 0.0718069 
0.0344828 0.896552 0.965517 0.0708177 
0.0689655 0.896552 0.965517 0.0732265 
0.103448 0.896552 0.965517 0.0733071 
0.137931 0.896552 0.965517 0.0725716 
0.172414 0.896552 0.965517 0.0721257 
0.206897 0.896552 0.965517 0.0735465 
0.241379 0.896552 0.965517 0.0720263 
0.275862 0.896552 0.965517 0.069124 
0.310345 0.896552 0.965517 0.0711467 
0.344828 0.896552 0.965517 0.0718261 
0.37931 0.896552 0.965517 0.0707961 
0.413793 0.896552 0.965517 0.0713943 
0.448276 0.896552 0.965517 0.0732831 
0.482759 0.896552 0.965517 0.073291 
0.517241 0.896552 0.965517 0.0737557 
0.551724 0.896552 0.965517 0.0722131 
0.586207 0.896552 0.965517 0.0731732 
0.62069 0.896552 0.965517 0.0729329 
0.655172 0.896552 0.965517 0.0732151 
0.689655 0.896552 0.965517 0.0722976 
0.724138 0.896552 0.965517 0.0717775 
0.758621 0.896552 0.965517 0.0731029 
0.793103 0.896552 0.965517 0.0714684 
0.827586 0.896552 0.965517 0.0733934 
0.862069 0.896552 0.965517 0.0716142 
0.896552 0.896552 0.965517 0.0730942 
0.931034 0.896552 0.965517 0.0732224 
0.965517 0.896552 0.965517 0.0702931 
1 0.896552 0.965517 0.0732259 
0 0.931034 0.965517 0.072731 
0.0344828 0.931034 0.965517 0.0719987 
0.0689655 0.931034 0.965517 0.0708979 
0.103448 0.931034 0.965517 0.0732765 
0.137931 0.931034 0.965517 0.068371 
0.172414 0.931034 0.965517 0.0726924 
0.206897 0.931034 0.965517 0.0726292 
0.241379 0.931034 0.965517 0.0729469 
0.275862 0.931034 0.965517 0.0718363 
0.310345 0.931034 0.965517 0.0715069 
0.344828 0.931034 0.965517 0.0732754 
0.37931 0.931034 0.965517 0.0710741 
0.413793 0.931034 0.965517 0.0723902 
0.448276 0.931034 0.965517 0.0691455 
0.482759 0.931034 0.965517 0.072157 
0.517241 0.931034 0.965517 0.0684789 
0.551724 0.931034 0.965517 0.0732069 
0.586207 0.931034 0.965517 0.072986 
0.62069 0.931034 0.965517 0.0718158 
0.655172 0.931034 0.965517 0.0716985 
0.689655 0.931034 0.965517 0.0716429 
0.724138 0.931034 0.965517 0.0721389 
0.758621 0.931034 0.965517 0.0730182 
0.793103 0.931034 0.965517 0.0699823 
0.827586 0.931034 0.965517 0.071687 
0.862069 0.931034 0.965517 0.0726882 
0.896552 0.931034 0.965517 0.0715696 
0.931034 0.931034 0.965517 0.0730249 
0.965517 0.931034 0.965517 0.0643879 
1 0.931034 0.965517 0.0730922 
0 0.965517 0.965517 0.0694715 
0.0344828 0.965517 0.965517 0.0714998 
0.0689655 0.965517 0.965517 0.0688808 
0.103448 0.965517 0.965517 0.0713271 
0.137931 0.965517 0.965517 0.0727369 
0.172414 0.965517 0.965517 0.0716579 
0.206897 0.965517 0.965517 0.0702671 
0.241379 0.965517 0.965517 0.0712522 
0.275862 0.965517 0.965517 0.0721946 
0.310345 0.965517 0.965517 0.0707223 
0.344828 0.965517 0.965517 0.0712206 
0.37931 0.965517 0.965517 0.0704821 
0.413793 0.965517 0.965517 0.072234 
0.448276 0.965517 0.965517 0.0717823 
0.482759 0.965517 0.965517 0.0723064 
0.517241 0.965517 0.965517 0.0710049 
0.551724 0.965517 0.965517 0.0702398 
0.586207 0.965517 0.965517 0.0701416 
0.62069 0.965517 0.965517 0.070854 
0.655172 0.965517 0.965517 0.0724702 
0.689655 0.965517 0.965517 0.071362 
0.724138 0.965517 0.965517 0.0727602 
0.758621 0.965517 0.965517 0.0731975 
0.793103 0.965517 0.965517 0.0711588 
0.827586 0.965517 0.965517 0.0712821 
0.862069 0.965517 0.965517 0.0729196 
0.896552 0.965517 0.965517 0.0721865 
0.931034 0.965517 0.965517 0.0716453 
0.965517 0.965517 0.965517 0.0726067 
1 0.965517 0.965517 0.0722267 
0 1 0.965517 0.0722794 
0.0344828 1 0.965517 0.0712989 
0.0689655 1 0.965517 0.0729329 
0.103448 1 0.965517 0.0714175 
0.137931 1 0.965517 0.072598 
0.172414 1 0.965517 0.0713188 
0.206897 1 0.965517 0.0715004 
0.241379 1 0.965517 0.0714617 
0.275862 1 0.965517 0.0711903 
0.310345 1 0.965517 0.0706077 
0.344828 1 0.965517 0.0722644 
0.37931 1 0.965517 0.0719637 
0.413793 1 0.965517 0.0724287 
0.448276 1 0.965517 0.0705388 
0.482759 1 0.965517 0.0723396 
0.517241 1 0.965517 0.0721338 
0.551724 1 0.965517 0.0713081 
0.586207 1 0.965517 0.0711334 
0.62069 1 0.965517 0.0724178 
0.655172 1 0.965517 0.0720593 
0.689655 1 0.965517 0.0716808 
0.724138 1 0.965517 0.0732015 
0.758621 1 0.965517 0.0685769 
0.793103 1 0.965517 0.0669734 
0.827586 1 0.965517 0.072664 
0.862069 1 0.965517 0.0713362 
0.896552 1 0.965517 0.0725162 
0.931034 1 0.965517 0.0719071 
0.965517 1 0.965517 0.0725358 
1 1 0.965517 0.0730692 
0 0 1 0.063151 
0.0344828 0 1 0.063151 
0.0689655 0 1 0.063151 
0.103448 0 1 0.063151 
0.137931 0 1 0.063151 
0.172414 0 1 0.063151 
0.206897 0 1 0.063151 
0.241379 0 1 0.063151 
0.275862 0 1 0.063151 
0.310345 0 1 0.063151 
0.344828 0 1 0.063151 
0.37931 0 1 0.063151 
0.413793 0 1 0.063151 
0.448276 0 1 0.063151 
0.482759 0 1 0.063151 
0.517241 0 1 0.063151 
0.551724 0 1 0.063151 
0.586207 0 1 0.063151 
0.62069 0 1 0.063151 
0.655172 0 1 0.063151 
0.689655 0 1 0.063151 
0.724138 0 1 0.063151 
0.758621 0 1 0.063151 
0.793103 0 1 0.063151 
0.827586 0 1 0.063151 
0.862069 0 1 0.063151 
0.896552 0 1 0.063151 
0.931034 0 1 0.063151 
0.965517 0 1 0.063151 
1 0 1 0.063151 
0 0.0344828 1 0.0685095 
0.0344828 0.0344828 1 0.0678143 
0.0689655 0.0344828 1 0.0698226 
0.103448 0.0344828 1 0.0691724 
0.137931 0.0344828 1 0.0654706 
0.172414 0.0344828 1 0.0692516 
0.206897 0.0344828 1 0.0679558 
0.241379 0.0344828 1 0.0657004 
0.275862 0.0344828 1 0.0664448 
0.310345 0.0344828 1 0.0687756 
0.344828 0.0344828 1 0.0692954 
0.37931 0.0344828 1 0.0686929 
0.413793 0.0344828 1 0.0573794 
0.448276 0.0344828 1 0.0677439 
0.482759 0.0344828 1 0.068241 
0.517241 0.0344828 1 0.0649533 
0.551724 0.0344828 1 0.0679527 
0.586207 0.0344828 1 0.068459 
0.62069 0.0344828 1 0.0683464 
0.655172 0.0344828 1 0.0693909 
0.689655 0.0344828 1 0.0682652 
0.724138 0.0344828 1 0.0683342 
0.758621 0.0344828 1 0.0677778 
0.793103 0.0344828 1 0.0690242 
0.827586 0.0344828 1 0.0691194 
0.862069 0.0344828 1 0.0690457 
0.896552 0.0344828 1 0.0674755 
0.931034 0.0344828 1 0.0689589 
0.965517 0.0344828 1 0.0675885 
1 0.0344828 1 0.0674749 
0 0.0689655 1 0.071345 
0.0344828 0.0689655 1 0.0692973 
0.0689655 0.0689655 1 0.0690915 
0.103448 0.0689655 1 0.0684779 
0.137931 0.0689655 1 0.0700118 
0.172414 0.0689655 1 0.067849 
0.206897 0.0689655 1 0.0676001 
0.241379 0.0689655 1 0.0665245 
0.275862 0.0689655 1 0.0696977 
0.310345 0.0689655 1 0.0690572 
0.344828 0.0689655 1 0.068523 
0.37931 0.0689655 1 0.0689717 
0.413793 0.0689655 1 0.0674512 
0.448276 0.0689655 1 0.0688945 
0.482759 0.0689655 1 0.0662012 
0.517241 0.0689655 1 0.0686294 
0.551724 0.0689655 1 0.0702178 
0.586207 0.0689655 1 0.0683216 
0.62069 0.0689655 1 0.0683864 
0.655172 0.0689655 1 0.0690197 
0.689655 0.0689655 1 0.0679195 
0.724138 0.0689655 1 0.0689612 
0.758621 0.0689655 1 0.0689804 
0.793103 0.0689655 1 0.0705622 
0.827586 0.0689655 1 0.068764 
0.862069 0.0689655 1 0.0688481 
0.896552 0.0689655 1 0.0676532 
0.931034 0.0689655 1 0.0703596 
0.965517 0.0689655 1 0.0703987 
1 0.0689655 1 0.069099 
0 0.103448 1 0.0679456 
0.0344828 0.103448 1 0.0665841 
0.0689655 0.103448 1 0.0722355 
0.103448 0.103448 1 0.0679709 
0.137931 0.103448 1 0.06891 
0.172414 0.103448 1 0.0692645 
0.206897 0.103448 1 0.0667975 
0.241379 0.103448 1 0.0700146 
0.275862 0.103448 1 0.0691512 
0.310345 0.103448 1 0.0576818 
0.344828 0.103448 1 0.0683414 
0.37931 0.103448 1 0.0675081 
0.413793 0.103448 1 0.0680109 
0.448276 0.103448 1 0.0680604 
0.482759 0.103448 1 0.0673137 
0.517241 0.103448 1 0.0660391 
0.551724 0.103448 1 0.0674705 
0.586207 0.103448 1 0.0692147 
0.62069 0.103448 1 0.0687375 
0.655172 0.103448 1 0.0696203 
0.689655 0.103448 1 0.068217 
0.724138 0.103448 1 0.0688421 
0.758621 0.103448 1 0.0678711 
0.793103 0.103448 1 0.0664941 
0.827586 0.103448 1 0.0648215 
0.862069 0.103448 1 0.0663546 
0.896552 0.103448 1 0.0662366 
0.931034 0.103448 1 0.0689608 
0.965517 0.103448 1 0.0635526 
1 0.103448 1 0.0688607 
0 0.137931 1 0.0673922 
0.0344828 0.137931 1 0.069371 
0.0689655 0.137931 1 0.0714367 
0.103448 0.137931 1 0.0663544 
0.137931 0.137931 1 0.0682012 
0.172414 0.137931 1 0.0676204 
0.206897 0.137931 1 0.0668293 
0.241379 0.137931 1 0.069177 
0.275862 0.137931 1 0.0686386 
0.310345 0.137931 1 0.0680749 
0.344828 0.137931 1 0.0682853 
0.37931 0.137931 1 0.0687094 
0.413793 0.137931 1 0.0680557 
0.448276 0.137931 1 0.0683928 
0.482759 0.137931 1 0.0668093 
0.517241 0.137931 1 0.0685354 
0.551724 0.137931 1 0.0687955 
0.586207 0.137931 1 0.0677038 
0.62069 0.137931 1 0.0688372 
0.655172 0.137931 1 0.0709895 
0.689655 0.137931 1 0.0676309 
0.724138 0.137931 1 0.0689462 
0.758621 0.137931 1 0.0656479 
0.793103 0.137931 1 0.0663579 
0.827586 0.137931 1 0.0686436 
0.862069 0.137931 1 0.0702032 
0.896552 0.137931 1 0.0682331 
0.931034 0.137931 1 0.0582035 
0.965517 0.137931 1 0.0682207 
1 0.137931 1 0.0676231 
0 0.172414 1 0.0679048 
0.0344828 0.172414 1 0.0697612 
0.0689655 0.172414 1 0.0683829 
0.103448 0.172414 1 0.0680376 
0.137931 0.172414 1 0.0689581 
0.172414 0.172414 1 0.0662899 
0.206897 0.172414 1 0.0681727 
0.241379 0.172414 1 0.0689927 
0.275862 0.172414 1 0.0674664 
0.310345 0.172414 1 0.0676524 
0.344828 0.172414 1 0.0698028 
0.37931 0.172414 1 0.065953 
0.413793 0.172414 1 0.0687687 
0.448276 0.172414 1 0.0674573 
0.482759 0.172414 1 0.0675736 
0.517241 0.172414 1 0.0678478 
0.551724 0.172414 1 0.0670602 
0.586207 0.172414 1 0.0681388 
0.62069 0.172414 1 0.0684136 
0.655172 0.172414 1 0.0693639 
0.689655 0.172414 1 0.0677839 
0.724138 0.172414 1 0.0678625 
0.758621 0.172414 1 0.0690987 
0.793103 0.172414 1 0.067032 
0.827586 0.172414 1 0.0643168 
0.862069 0.172414 1 0.0681743 
0.896552 0.172414 1 0.0692071 
0.931034 0.172414 1 0.0676049 
0.965517 0.172414 1 0.0634236 
1 0.172414 1 0.0687901 
0 0.206897 1 0.06906 
0.0344828 0.206897 1 0.0679373 
0.0689655 0.206897 1 0.0662483 
0.103448 0.206897 1 0.0689094 
0.137931 0.206897 1 0.0689024 
0.172414 0.206897 1 0.0673724 
0.206897 0.206897 1 0.0682909 
0.241379 0.206897 1 0.0671372 
0.275862 0.206897 1 0.0688298 
0.310345 0.206897 1 0.0667837 
0.344828 0.206897 1 0.0685682 
0.37931 0.206897 1 0.0662948 
0.413793 0.206897 1 0.0686346 
0.448276 0.206897 1 0.0668252 
0.482759 0.206897 1 0.0686402 
0.517241 0.206897 1 0.0687951 
0.551724 0.206897 1 0.0666735 
0.586207 0.206897 1 0.068471 
0.62069 0.206897 1 0.0686499 
0.655172 0.206897 1 0.0680314 
0.689655 0.206897 1 0.0670176 
0.724138 0.206897 1 0.0661734 
0.758621 0.206897 1 0.0682815 
0.793103 0.206897 1 0.0686204 
0.827586 0.206897 1 0.0683672 
0.862069 0.206897 1 0.0696735 
0.896552 0.206897 1 0.0699454 
0.931034 0.206897 1 0.0672703 
0.965517 0.206897 1 0.0677583 
1 0.206897 1 0.0683099 
0 0.241379 1 0.0683785 
0.0344828 0.241379 1 0.0667544 
0.0689655 0.241379 1 0.0696823 
0.103448 0.241379 1 0.0681631 
0.137931 0.241379 1 0.0650364 
0.172414 0.241379 1 0.0681579 
0.206897 0.241379 1 0.0684254 
0.241379 0.241379 1 0.0672283 
0.275862 0.241379 1 0.0690218 
0.310345 0.241379 1 0.0670358 
0.344828 0.241379 1 0.0680628 
0.37931 0.241379 1 0.0662242 
0.413793 0.241379 1 0.066936 
0.448276 0.241379 1 0.0674178 
0.482759 0.241379 1 0.0672203 
0.517241 0.241379 1 0.0656509 
0.551724 0.241379 1 0.0684922 
0.586207 0.241379 1 0.0615698 
0.62069 0.241379 1 0.0669264 
0.655172 0.241379 1 0.0690486 
0.689655 0.241379 1 0.0689976 
0.724138 0.241379 1 0.0685264 
0.758621 0.241379 1 0.067396 
0.793103 0.241379 1 0.0678547 
0.827586 0.241379 1 0.0679417 
0.862069 0.241379 1 0.0685233 
0.896552 0.241379 1 0.0683224 
0.931034 0.241379 1 0.0678533 
0.965517 0.241379 1 0.0682244 
1 0.241379 1 0.0691592 
0 0.275862 1 0.0669662 
0.0344828 0.275862 1 0.0680237 
0.0689655 0.275862 1 0.0633508 
0.103448 0.275862 1 0.0631968 
0.137931 0.275862 1 0.0683323 
0.172414 0.275862 1 0.0680775 
0.206897 0.275862 1 0.0693991 
0.241379 0.275862 1 0.068445 
0.275862 0.275862 1 0.0672212 
0.310345 0.275862 1 0.0654691 
0.344828 0.275862 1 0.0668598 
0.37931 0.275862 1 0.0669885 
0.413793 0.275862 1 0.0691327 
0.448276 0.275862 1 0.0682248 
0.482759 0.275862 1 0.0671826 
0.517241 0.275862 1 0.0670973 
0.551724 0.275862 1 0.0683743 
0.586207 0.275862 1 0.0662219 
0.62069 0.275862 1 0.0686199 
0.655172 0.275862 1 0.0686833 
0.689655 0.275862 1 0.0598444 
0.724138 0.275862 1 0.0680897 
0.758621 0.275862 1 0.0682848 
0.793103 0.275862 1 0.0673965 
0.827586 0.275862 1 0.0687062 
0.862069 0.275862 1 0.0680555 
0.896552 0.275862 1 0.0619281 
0.931034 0.275862 1 0.0687303 
0.965517 0.275862 1 0.0648664 
1 0.275862 1 0.0678132 
0 0.310345 1 0.0667626 
0.0344828 0.310345 1 0.0666625 
0.0689655 0.310345 1 0.0696119 
0.103448 0.310345 1 0.0679819 
0.137931 0.310345 1 0.0685104 
0.172414 0.310345 1 0.0680599 
0.206897 0.310345 1 0.066752 
0.241379 0.310345 1 0.0672066 
0.275862 0.310345 1 0.0681052 
0.310345 0.310345 1 0.0662431 
0.344828 0.310345 1 0.0668773 
0.37931 0.310345 1 0.0671644 
0.413793 0.310345 1 0.0675393 
0.448276 0.310345 1 0.0642815 
0.482759 0.310345 1 0.068221 
0.517241 0.310345 1 0.0681619 
0.551724 0.310345 1 0.0669661 
0.586207 0.310345 1 0.0683908 
0.62069 0.310345 1 0.0682492 
0.655172 0.310345 1 0.0688878 
0.689655 0.310345 1 0.0651534 
0.724138 0.310345 1 0.0677797 
0.758621 0.310345 1 0.0677868 
0.793103 0.310345 1 0.069233 
0.827586 0.310345 1 0.0670883 
0.862069 0.310345 1 0.0667985 
0.896552 0.310345 1 0.0676128 
0.931034 0.310345 1 0.069107 
0.965517 0.310345 1 0.0679122 
1 0.310345 1 0.0683389 
0 0.344828 1 0.0680486 
0.0344828 0.344828 1 0.0666328 
0.0689655 0.344828 1 0.0573362 
0.103448 0.344828 1 0.0691622 
0.137931 0.344828 1 0.0660573 
0.172414 0.344828 1 0.0654115 
0.206897 0.344828 1 0.0570664 
0.241379 0.344828 1 0.0671625 
0.275862 0.344828 1 0.068013 
0.310345 0.344828 1 0.0682525 
0.344828 0.344828 1 0.0666932 
0.37931 0.344828 1 0.0675625 
0.413793 0.344828 1 0.0658304 
0.448276 0.344828 1 0.0667755 
0.482759 0.344828 1 0.0641085 
0.517241 0.344828 1 0.0671139 
0.551724 0.344828 1 0.0683265 
0.586207 0.344828 1 0.0678755 
0.62069 0.344828 1 0.0682873 
0.655172 0.344828 1 0.0578017 
0.689655 0.344828 1 0.0680671 
0.724138 0.344828 1 0.0627239 
0.758621 0.344828 1 0.0653779 
0.793103 0.344828 1 0.0670016 
0.827586 0.344828 1 0.0668107 
0.862069 0.344828 1 0.0660571 
0.896552 0.344828 1 0.0675165 
0.931034 0.344828 1 0.0681787 
0.965517 0.344828 1 0.0671845 
1 0.344828 1 0.0670499 
0 0.37931 1 0.0696724 
0.0344828 0.37931 1 0.0673426 
0.0689655 0.37931 1 0.0684721 
0.103448 0.37931 1 0.0666234 
0.137931 0.37931 1 0.0572216 
0.172414 0.37931 1 0.0676848 
0.206897 0.37931 1 0.0678683 
0.241379 0.37931 1 0.0679266 
0.275862 0.37931 1 0.066966 
0.310345 0.37931 1 0.0681998 
0.344828 0.37931 1 0.0692575 
0.37931 0.37931 1 0.0681332 
0.413793 0.37931 1 0.0663973 
0.448276 0.37931 1 0.067118 
0.482759 0.37931 1 0.0675934 
0.517241 0.37931 1 0.0681719 
0.551724 0.37931 1 0.066601 
0.586207 0.37931 1 0.0669531 
0.62069 0.37931 1 0.0685147 
0.655172 0.37931 1 0.0682633 
0.689655 0.37931 1 0.0663902 
0.724138 0.37931 1 0.0674344 
0.758621 0.37931 1 0.0671529 
0.793103 0.37931 1 0.0679532 
0.827586 0.37931 1 0.0670286 
0.862069 0.37931 1 0.066418 
0.896552 0.37931 1 0.0658815 
0.931034 0.37931 1 0.0654723 
0.965517 0.37931 1 0.0573448 
1 0.37931 1 0.0657561 
0 0.413793 1 0.0673798 
0.0344828 0.413793 1 0.0627231 
0.0689655 0.413793 1 0.0681714 
0.103448 0.413793 1 0.0628672 
0.137931 0.413793 1 0.0677981 
0.172414 0.413793 1 0.0678888 
0.206897 0.413793 1 0.0677158 
0.241379 0.413793 1 0.0682285 
0.275862 0.413793 1 0.0693966 
0.310345 0.413793 1 0.0674764 
0.344828 0.413793 1 0.0663736 
0.37931 0.413793 1 0.064339 
0.413793 0.413793 1 0.0666937 
0.448276 0.413793 1 0.0679609 
0.482759 0.413793 1 0.0675275 
0.517241 0.413793 1 0.0666928 
0.551724 0.413793 1 0.0551376 
0.586207 0.413793 1 0.0679048 
0.62069 0.413793 1 0.0662152 
0.655172 0.413793 1 0.0678852 
0.689655 0.413793 1 0.0666462 
0.724138 0.413793 1 0.066766 
0.758621 0.413793 1 0.0654438 
0.793103 0.413793 1 0.066798 
0.827586 0.413793 1 0.0683564 
0.862069 0.413793 1 0.0663569 
0.896552 0.413793 1 0.0648657 
0.931034 0.413793 1 0.0671323 
0.965517 0.413793 1 0.0678562 
1 0.413793 1 0.0663441 
0 0.448276 1 0.0686891 
0.0344828 0.448276 1 0.066583 
0.0689655 0.448276 1 0.0664815 
0.103448 0.448276 1 0.0667032 
0.137931 0.448276 1 0.0683534 
0.172414 0.448276 1 0.0680897 
0.206897 0.448276 1 0.0678185 
0.241379 0.448276 1 0.0665326 
0.275862 0.448276 1 0.0652137 
0.310345 0.448276 1 0.0662234 
0.344828 0.448276 1 0.0630141 
0.37931 0.448276 1 0.0656096 
0.413793 0.448276 1 0.0690638 
0.448276 0.448276 1 0.0653022 
0.482759 0.448276 1 0.0647536 
0.517241 0.448276 1 0.0668735 
0.551724 0.448276 1 0.0686243 
0.586207 0.448276 1 0.0680363 
0.62069 0.448276 1 0.0658977 
0.655172 0.448276 1 0.0691385 
0.689655 0.448276 1 0.0666165 
0.724138 0.448276 1 0.0652647 
0.758621 0.448276 1 0.0681 
0.793103 0.448276 1 0.0660273 
0.827586 0.448276 1 0.06764 
0.862069 0.448276 1 0.0664893 
0.896552 0.448276 1 0.0676476 
0.931034 0.448276 1 0.0671789 
0.965517 0.448276 1 0.0665358 
1 0.448276 1 0.0656852 
0 0.482759 1 0.0673333 
0.0344828 0.482759 1 0.06677 
0.0689655 0.482759 1 0.0690857 
0.103448 0.482759 1 0.0673142 
0.137931 0.482759 1 0.0663177 
0.172414 0.482759 1 0.0678034 
0.206897 0.482759 1 0.0595914 
0.241379 0.482759 1 0.0681381 
0.275862 0.482759 1 0.0646653 
0.310345 0.482759 1 0.0665989 
0.344828 0.482759 1 0.0680421 
0.37931 0.482759 1 0.06646 
0.413793 0.482759 1 0.0662945 
0.448276 0.482759 1 0.0675923 
0.482759 0.482759 1 0.0676034 
0.517241 0.482759 1 0.0566326 
0.551724 0.482759 1 0.0677845 
0.586207 0.482759 1 0.0674441 
0.62069 0.482759 1 0.0646767 
0.655172 0.482759 1 0.0675498 
0.689655 0.482759 1 0.0680107 
0.724138 0.482759 1 0.0684049 
0.758621 0.482759 1 0.0677739 
0.793103 0.482759 1 0.0679226 
0.827586 0.482759 1 0.0674549 
0.862069 0.482759 1 0.0666871 
0.896552 0.482759 1 0.0664494 
0.931034 0.482759 1 0.0638679 
0.965517 0.482759 1 0.0666165 
1 0.482759 1 0.0657917 
0 0.517241 1 0.0670617 
0.0344828 0.517241 1 0.0647531 
0.0689655 0.517241 1 0.0675395 
0.103448 0.517241 1 0.067336 
0.137931 0.517241 1 0.0677695 
0.172414 0.517241 1 0.0671339 
0.206897 0.517241 1 0.0678373 
0.241379 0.517241 1 0.0671764 
0.275862 0.517241 1 0.0661722 
0.310345 0.517241 1 0.0650347 
0.344828 0.517241 1 0.0632501 
0.37931 0.517241 1 0.0663119 
0.413793 0.517241 1 0.0673566 
0.448276 0.517241 1 0.0677993 
0.482759 0.517241 1 0.0675174 
0.517241 0.517241 1 0.0661861 
0.551724 0.517241 1 0.0683892 
0.586207 0.517241 1 0.0666255 
0.62069 0.517241 1 0.0668968 
0.655172 0.517241 1 0.0669154 
0.689655 0.517241 1 0.0678031 
0.724138 0.517241 1 0.0684606 
0.758621 0.517241 1 0.06612 
0.793103 0.517241 1 0.0669849 
0.827586 0.517241 1 0.064903 
0.862069 0.517241 1 0.0681216 
0.896552 0.517241 1 0.0662551 
0.931034 0.517241 1 0.0677249 
0.965517 0.517241 1 0.0675315 
1 0.517241 1 0.0687045 
0 0.551724 1 0.0678978 
0.0344828 0.551724 1 0.065106 
0.0689655 0.551724 1 0.0658516 
0.103448 0.551724 1 0.0663738 
0.137931 0.551724 1 0.0673508 
0.172414 0.551724 1 0.0674444 
0.206897 0.551724 1 0.0672989 
0.241379 0.551724 1 0.066592 
0.275862 0.551724 1 0.066721 
0.310345 0.551724 1 0.0659989 
0.344828 0.551724 1 0.0651392 
0.37931 0.551724 1 0.0671856 
0.413793 0.551724 1 0.0659791 
0.448276 0.551724 1 0.0672233 
0.482759 0.551724 1 0.0646178 
0.517241 0.551724 1 0.0667957 
0.551724 0.551724 1 0.0651201 
0.586207 0.551724 1 0.0677371 
0.62069 0.551724 1 0.0656429 
0.655172 0.551724 1 0.0661482 
0.689655 0.551724 1 0.0674104 
0.724138 0.551724 1 0.0674986 
0.758621 0.551724 1 0.0673526 
0.793103 0.551724 1 0.0658859 
0.827586 0.551724 1 0.0659392 
0.862069 0.551724 1 0.0666616 
0.896552 0.551724 1 0.0670905 
0.931034 0.551724 1 0.067517 
0.965517 0.551724 1 0.0667207 
1 0.551724 1 0.0677755 
0 0.586207 1 0.0627606 
0.0344828 0.586207 1 0.0663432 
0.0689655 0.586207 1 0.0669287 
0.103448 0.586207 1 0.0669037 
0.137931 0.586207 1 0.0666535 
0.172414 0.586207 1 0.0672947 
0.206897 0.586207 1 0.0669284 
0.241379 0.586207 1 0.0666503 
0.275862 0.586207 1 0.0677522 
0.310345 0.586207 1 0.0696507 
0.344828 0.586207 1 0.0678727 
0.37931 0.586207 1 0.067387 
0.413793 0.586207 1 0.066627 
0.448276 0.586207 1 0.0671222 
0.482759 0.586207 1 0.0670691 
0.517241 0.586207 1 0.0629233 
0.551724 0.586207 1 0.0661655 
0.586207 0.586207 1 0.0655325 
0.62069 0.586207 1 0.0683329 
0.655172 0.586207 1 0.0664875 
0.689655 0.586207 1 0.0673565 
0.724138 0.586207 1 0.0663502 
0.758621 0.586207 1 0.0661725 
0.793103 0.586207 1 0.0661831 
0.827586 0.586207 1 0.0664914 
0.862069 0.586207 1 0.0674767 
0.896552 0.586207 1 0.0645878 
0.931034 0.586207 1 0.0673641 
0.965517 0.586207 1 0.0656827 
1 0.586207 1 0.0666287 
0 0.62069 1 0.0661958 
0.0344828 0.62069 1 0.0657425 
0.0689655 0.62069 1 0.0642292 
0.103448 0.62069 1 0.0667339 
0.137931 0.62069 1 0.0656646 
0.172414 0.62069 1 0.0667234 
0.206897 0.62069 1 0.067421 
0.241379 0.62069 1 0.0669521 
0.275862 0.62069 1 0.0679845 
0.310345 0.62069 1 0.0675203 
0.344828 0.62069 1 0.0672806 
0.37931 0.62069 1 0.0666312 
0.413793 0.62069 1 0.0662954 
0.448276 0.62069 1 0.0658789 
0.482759 0.62069 1 0.0672042 
0.517241 0.62069 1 0.0666165 
0.551724 0.62069 1 0.0679416 
0.586207 0.62069 1 0.0673729 
0.62069 0.62069 1 0.0680536 
0.655172 0.62069 1 0.0680261 
0.689655 0.62069 1 0.0657646 
0.724138 0.62069 1 0.0677992 
0.758621 0.62069 1 0.0660893 
0.793103 0.62069 1 0.0658793 
0.827586 0.62069 1 0.0646961 
0.862069 0.62069 1 0.0653736 
0.896552 0.62069 1 0.0655146 
0.931034 0.62069 1 0.0670704 
0.965517 0.62069 1 0.0681539 
1 0.62069 1 0.0658234 
0 0.655172 1 0.0668084 
0.0344828 0.655172 1 0.0670956 
0.0689655 0.655172 1 0.066018 
0.103448 0.655172 1 0.0672299 
0.137931 0.655172 1 0.0557581 
0.172414 0.655172 1 0.0644496 
0.206897 0.655172 1 0.0629332 
0.241379 0.655172 1 0.0669645 
0.275862 0.655172 1 0.0667804 
0.310345 0.655172 1 0.0660657 
0.344828 0.655172 1 0.0595274 
0.37931 0.655172 1 0.06198 
0.413793 0.655172 1 0.0651059 
0.448276 0.655172 1 0.0655903 
0.482759 0.655172 1 0.0670145 
0.517241 0.655172 1 0.0679853 
0.551724 0.655172 1 0.0651974 
0.586207 0.655172 1 0.0675805 
0.62069 0.655172 1 0.0668342 
0.655172 0.655172 1 0.0676817 
0.689655 0.655172 1 0.0655276 
0.724138 0.655172 1 0.0669262 
0.758621 0.655172 1 0.0673811 
0.793103 0.655172 1 0.0655365 
0.827586 0.655172 1 0.0666405 
0.862069 0.655172 1 0.0675701 
0.896552 0.655172 1 0.0656446 
0.931034 0.655172 1 0.0636886 
0.965517 0.655172 1 0.0657094 
1 0.655172 1 0.066402 
0 0.689655 1 0.0661413 
0.0344828 0.689655 1 0.064249 
0.0689655 0.689655 1 0.06499 
0.103448 0.689655 1 0.066982 
0.137931 0.689655 1 0.0635369 
0.172414 0.689655 1 0.0662662 
0.206897 0.689655 1 0.0648886 
0.241379 0.689655 1 0.0660697 
0.275862 0.689655 1 0.0686557 
0.310345 0.689655 1 0.0679307 
0.344828 0.689655 1 0.0667668 
0.37931 0.689655 1 0.0681314 
0.413793 0.689655 1 0.0672316 
0.448276 0.689655 1 0.0665285 
0.482759 0.689655 1 0.0668843 
0.517241 0.689655 1 0.0672667 
0.551724 0.689655 1 0.0660478 
0.586207 0.689655 1 0.0677727 
0.62069 0.689655 1 0.0665324 
0.655172 0.689655 1 0.0662546 
0.689655 0.689655 1 0.0643258 
0.724138 0.689655 1 0.0667788 
0.758621 0.689655 1 0.0675735 
0.793103 0.689655 1 0.0672028 
0.827586 0.689655 1 0.0668819 
0.862069 0.689655 1 0.0669466 
0.896552 0.689655 1 0.0667814 
0.931034 0.689655 1 0.066164 
0.965517 0.689655 1 0.0634119 
1 0.689655 1 0.0665234 
0 0.724138 1 0.0650081 
0.0344828 0.724138 1 0.0668136 
0.0689655 0.724138 1 0.0659593 
0.103448 0.724138 1 0.0667235 
0.137931 0.724138 1 0.0643952 
0.172414 0.724138 1 0.055749 
0.206897 0.724138 1 0.0667692 
0.241379 0.724138 1 0.0677112 
0.275862 0.724138 1 0.0681416 
0.310345 0.724138 1 0.0669847 
0.344828 0.724138 1 0.0656213 
0.37931 0.724138 1 0.0661199 
0.413793 0.724138 1 0.0658173 
0.448276 0.724138 1 0.0668268 
0.482759 0.724138 1 0.0642008 
0.517241 0.724138 1 0.0667197 
0.551724 0.724138 1 0.0670735 
0.586207 0.724138 1 0.0575808 
0.62069 0.724138 1 0.0656043 
0.655172 0.724138 1 0.0654926 
0.689655 0.724138 1 0.066749 
0.724138 0.724138 1 0.0645814 
0.758621 0.724138 1 0.0656696 
0.793103 0.724138 1 0.0659244 
0.827586 0.724138 1 0.0642298 
0.862069 0.724138 1 0.0658598 
0.896552 0.724138 1 0.0671788 
0.931034 0.724138 1 0.0677312 
0.965517 0.724138 1 0.0671531 
1 0.724138 1 0.067125 
0 0.758621 1 0.0613707 
0.0344828 0.758621 1 0.0672819 
0.0689655 0.758621 1 0.0667619 
0.103448 0.758621 1 0.0675326 
0.137931 0.758621 1 0.0657467 
0.172414 0.758621 1 0.0637419 
0.206897 0.758621 1 0.0654997 
0.241379 0.758621 1 0.066856 
0.275862 0.758621 1 0.0668079 
0.310345 0.758621 1 0.0679191 
0.344828 0.758621 1 0.0668671 
0.37931 0.758621 1 0.067136 
0.413793 0.758621 1 0.0663103 
0.448276 0.758621 1 0.0640338 
0.482759 0.758621 1 0.0670346 
0.517241 0.758621 1 0.0656476 
0.551724 0.758621 1 0.0664719 
0.586207 0.758621 1 0.0675601 
0.62069 0.758621 1 0.0658495 
0.655172 0.758621 1 0.0659921 
0.689655 0.758621 1 0.0670757 
0.724138 0.758621 1 0.0653325 
0.758621 0.758621 1 0.0656631 
0.793103 0.758621 1 0.0649759 
0.827586 0.758621 1 0.0657302 
0.862069 0.758621 1 0.0645452 
0.896552 0.758621 1 0.0660546 
0.931034 0.758621 1 0.0662181 
0.965517 0.758621 1 0.0666177 
1 0.758621 1 0.0676751 
0 0.793103 1 0.0664779 
0.0344828 0.793103 1 0.0670616 
0.0689655 0.793103 1 0.0644913 
0.103448 0.793103 1 0.0654502 
0.137931 0.793103 1 0.0649747 
0.172414 0.793103 1 0.0660629 
0.206897 0.793103 1 0.0659133 
0.241379 0.793103 1 0.0662621 
0.275862 0.793103 1 0.0652424 
0.310345 0.793103 1 0.0643909 
0.344828 0.793103 1 0.064001 
0.37931 0.793103 1 0.0643786 
0.413793 0.793103 1 0.0640306 
0.448276 0.793103 1 0.0665631 
0.482759 0.793103 1 0.0657138 
0.517241 0.793103 1 0.0665159 
0.551724 0.793103 1 0.066742 
0.586207 0.793103 1 0.0655854 
0.62069 0.793103 1 0.0653953 
0.655172 0.793103 1 0.0660083 
0.689655 0.793103 1 0.0666538 
0.724138 0.793103 1 0.0644796 
0.758621 0.793103 1 0.0663478 
0.793103 0.793103 1 0.0665183 
0.827586 0.793103 1 0.0672589 
0.862069 0.793103 1 0.0669222 
0.896552 0.793103 1 0.0657933 
0.931034 0.793103 1 0.0668431 
0.965517 0.793103 1 0.0654808 
1 0.793103 1 0.0676299 
0 0.827586 1 0.0672789 
0.0344828 0.827586 1 0.0655036 
0.0689655 0.827586 1 0.0651718 
0.103448 0.827586 1 0.0650534 
0.137931 0.827586 1 0.0654236 
0.172414 0.827586 1 0.0658709 
0.206897 0.827586 1 0.0682516 
0.241379 0.827586 1 0.0661941 
0.275862 0.827586 1 0.0661324 
0.310345 0.827586 1 0.0655428 
0.344828 0.827586 1 0.0652205 
0.37931 0.827586 1 0.0651651 
0.413793 0.827586 1 0.0641775 
0.448276 0.827586 1 0.0652913 
0.482759 0.827586 1 0.0662137 
0.517241 0.827586 1 0.0655326 
0.551724 0.827586 1 0.0666819 
0.586207 0.827586 1 0.0668117 
0.62069 0.827586 1 0.0653582 
0.655172 0.827586 1 0.0663716 
0.689655 0.827586 1 0.065114 
0.724138 0.827586 1 0.0662668 
0.758621 0.827586 1 0.0655826 
0.793103 0.827586 1 0.0671153 
0.827586 0.827586 1 0.0652908 
0.862069 0.827586 1 0.0639998 
0.896552 0.827586 1 0.0657575 
0.931034 0.827586 1 0.065003 
0.965517 0.827586 1 0.0659896 
1 0.827586 1 0.0668599 
0 0.862069 1 0.0617489 
0.0344828 0.862069 1 0.067533 
0.0689655 0.862069 1 0.0657267 
0.103448 0.862069 1 0.0660887 
0.137931 0.862069 1 0.0656166 
0.172414 0.862069 1 0.067419 
0.206897 0.862069 1 0.0659216 
0.241379 0.862069 1 0.0659236 
0.275862 0.862069 1 0.0660755 
0.310345 0.862069 1 0.0666052 
0.344828 0.862069 1 0.0641994 
0.37931 0.862069 1 0.0618832 
0.413793 0.862069 1 0.0642643 
0.448276 0.862069 1 0.0537056 
0.482759 0.862069 1 0.0638066 
0.517241 0.862069 1 0.0673451 
0.551724 0.862069 1 0.0668012 
0.586207 0.862069 1 0.0663927 
0.62069 0.862069 1 0.0663203 
0.655172 0.862069 1 0.0648085 
0.689655 0.862069 1 0.0664109 
0.724138 0.862069 1 0.0637946 
0.758621 0.862069 1 0.0667936 
0.793103 0.862069 1 0.0666327 
0.827586 0.862069 1 0.0650861 
0.862069 0.862069 1 0.0664103 
0.896552 0.862069 1 0.066002 
0.931034 0.862069 1 0.0667384 
0.965517 0.862069 1 0.0651243 
1 0.862069 1 0.0658374 
0 0.896552 1 0.0651697 
0.0344828 0.896552 1 0.0650535 
0.0689655 0.896552 1 0.0657522 
0.103448 0.896552 1 0.0654276 
0.137931 0.896552 1 0.066593 
0.172414 0.896552 1 0.0661095 
0.206897 0.896552 1 0.0658655 
0.241379 0.896552 1 0.0645068 
0.275862 0.896552 1 0.0638789 
0.310345 0.896552 1 0.0657356 
0.344828 0.896552 1 0.0663229 
0.37931 0.896552 1 0.0626812 
0.413793 0.896552 1 0.0667551 
0.448276 0.896552 1 0.0668524 
0.482759 0.896552 1 0.0671999 
0.517241 0.896552 1 0.065781 
0.551724 0.896552 1 0.0654074 
0.586207 0.896552 1 0.0662573 
0.62069 0.896552 1 0.0670957 
0.655172 0.896552 1 0.0661665 
0.689655 0.896552 1 0.0638501 
0.724138 0.896552 1 0.0653231 
0.758621 0.896552 1 0.0650686 
0.793103 0.896552 1 0.0674208 
0.827586 0.896552 1 0.0642887 
0.862069 0.896552 1 0.0664687 
0.896552 0.896552 1 0.0634835 
0.931034 0.896552 1 0.0657023 
0.965517 0.896552 1 0.0648756 
1 0.896552 1 0.0664938 
0 0.931034 1 0.0656305 
0.0344828 0.931034 1 0.0656588 
0.0689655 0.931034 1 0.0662129 
0.103448 0.931034 1 0.0653123 
0.137931 0.931034 1 0.0649743 
0.172414 0.931034 1 0.0662579 
0.206897 0.931034 1 0.0653004 
0.241379 0.931034 1 0.0664197 
0.275862 0.931034 1 0.0655544 
0.310345 0.931034 1 0.0656327 
0.344828 0.931034 1 0.0674736 
0.37931 0.931034 1 0.0652385 
0.413793 0.931034 1 0.064767 
0.448276 0.931034 1 0.0637194 
0.482759 0.931034 1 0.0651082 
0.517241 0.931034 1 0.066698 
0.551724 0.931034 1 0.0658719 
0.586207 0.931034 1 0.0658921 
0.62069 0.931034 1 0.0648969 
0.655172 0.931034 1 0.0640129 
0.689655 0.931034 1 0.0667272 
0.724138 0.931034 1 0.0639455 
0.758621 0.931034 1 0.0648612 
0.793103 0.931034 1 0.0641037 
0.827586 0.931034 1 0.0665172 
0.862069 0.931034 1 0.0664174 
0.896552 0.931034 1 0.0660897 
0.931034 0.931034 1 0.0665731 
0.965517 0.931034 1 0.0634943 
1 0.931034 1 0.066461 
0 0.965517 1 0.0644814 
0.0344828 0.965517 1 0.0640057 
0.0689655 0.965517 1 0.0661455 
0.103448 0.965517 1 0.0646134 
0.137931 0.965517 1 0.0661645 
0.172414 0.965517 1 0.0640004 
0.206897 0.965517 1 0.0642871 
0.241379 0.965517 1 0.0656161 
0.275862 0.965517 1 0.0662813 
0.310345 0.965517 1 0.0624052 
0.344828 0.965517 1 0.0647155 
0.37931 0.965517 1 0.0655693 
0.413793 0.965517 1 0.0663246 
0.448276 0.965517 1 0.0673435 
0.482759 0.965517 1 0.0686195 
0.517241 0.965517 1 0.0666126 
0.551724 0.965517 1 0.0647522 
0.586207 0.965517 1 0.0659101 
0.62069 0.965517 1 0.0612352 
0.655172 0.965517 1 0.0647929 
0.689655 0.965517 1 0.0652951 
0.724138 0.965517 1 0.0642583 
0.758621 0.965517 1 0.0660228 
0.793103 0.965517 1 0.0654942 
0.827586 0.965517 1 0.0622168 
0.862069 0.965517 1 0.0648754 
0.896552 0.965517 1 0.0675321 
0.931034 0.965517 1 0.0661087 
0.965517 0.965517 1 0.0652266 
1 0.965517 1 0.0657863 
0 1 1 0.064809 
0.0344828 1 1 0.0661048 
0.0689655 1 1 0.0661579 
0.103448 1 1 0.0659343 
0.137931 1 1 0.066213 
0.172414 1 1 0.0656391 
0.206897 1 1 0.0633732 
0.241379 1 1 0.0656533 
0.275862 1 1 0.0650169 
0.310345 1 1 0.0652288 
0.344828 1 1 0.0667249 
0.37931 1 1 0.0647104 
0.413793 1 1 0.0651861 
0.448276 1 1 0.0653927 
0.482759 1 1 0.0648245 
0.517241 1 1 0.0654901 
0.551724 1 1 0.0674879 
0.586207 1 1 0.0655635 
0.62069 1 1 0.0656461 
0.655172 1 1 0.0650454 
0.689655 1 1 0.0649445 
0.724138 1 1 0.0645843 
0.758621 1 1 0.0530682 
0.793103 1 1 0.0647063 
0.827586 1 1 0.0661723 
0.862069 1 1 0.0650275 
0.896552 1 1 0.0639116 
0.931034 1 1 0.0619238 
0.965517 1 1 0.0657113 
1 1 1 0.0643231 
